date,value,source,source_reference
2018-01-01,14252.02,Nifty Indices Historical Data — Total Returns Index Values,https://www.niftyindices.com/reports/historical-data
2018-01-02,14261.1,Nifty Indices Historical Data — Total Returns Index Values,https://www.niftyindices.com/reports/historical-data
2018-01-03,14262.48,Nifty Indices Historical Data — Total Returns Index Values,https://www.niftyindices.com/reports/historical-data
2018-01-04,14346.59,Nifty Indices Historical Data — Total Returns Index Values,https://www.niftyindices.com/reports/historical-data
2018-01-05,14420.42,Nifty Indices Historical Data — Total Returns Index Values,https://www.niftyindices.com/reports/historical-data
2018-01-08,14508.81,Nifty Indices Historical Data — Total Returns Index Values,https://www.niftyindices.com/reports/historical-data
2018-01-09,14527.15,Nifty Indices Historical Data — Total Returns Index Values,https://www.niftyindices.com/reports/historical-data
2018-01-10,14520.56,Nifty Indices Historical Data — Total Returns Index Values,https://www.niftyindices.com/reports/historical-data
2018-01-11,14546.49,Nifty Indices Historical Data — Total Returns Index Values,https://www.niftyindices.com/reports/historical-data
2018-01-12,14587.54,Nifty Indices Historical Data — Total Returns Index Values,https://www.niftyindices.com/reports/historical-data
2018-01-15,14669.9,Nifty Indices Historical Data — Total Returns Index Values,https://www.niftyindices.com/reports/historical-data
2018-01-16,14613.79,Nifty Indices Historical Data — Total Returns Index Values,https://www.niftyindices.com/reports/historical-data
2018-01-17,14734.07,Nifty Indices Historical Data — Total Returns Index Values,https://www.niftyindices.com/reports/historical-data
2018-01-18,14774.67,Nifty Indices Historical Data — Total Returns Index Values,https://www.niftyindices.com/reports/historical-data
2018-01-19,14880.8,Nifty Indices Historical Data — Total Returns Index Values,https://www.niftyindices.com/reports/historical-data
2018-01-22,14979.72,Nifty Indices Historical Data — Total Returns Index Values,https://www.niftyindices.com/reports/historical-data
2018-01-23,15140.24,Nifty Indices Historical Data — Total Returns Index Values,https://www.niftyindices.com/reports/historical-data
2018-01-24,15143.35,Nifty Indices Historical Data — Total Returns Index Values,https://www.niftyindices.com/reports/historical-data
2018-01-25,15121.0,Nifty Indices Historical Data — Total Returns Index Values,https://www.niftyindices.com/reports/historical-data
2018-01-29,15204.42,Nifty Indices Historical Data — Total Returns Index Values,https://www.niftyindices.com/reports/historical-data
2018-01-30,15095.42,Nifty Indices Historical Data — Total Returns Index Values,https://www.niftyindices.com/reports/historical-data
2018-01-31,15065.82,Nifty Indices Historical Data — Total Returns Index Values,https://www.niftyindices.com/reports/historical-data
2018-02-01,15052.72,Nifty Indices Historical Data — Total Returns Index Values,https://www.niftyindices.com/reports/historical-data
2018-02-02,14702.49,Nifty Indices Historical Data — Total Returns Index Values,https://www.niftyindices.com/reports/historical-data
2018-02-05,14574.0,Nifty Indices Historical Data — Total Returns Index Values,https://www.niftyindices.com/reports/historical-data
2018-02-06,14344.02,Nifty Indices Historical Data — Total Returns Index Values,https://www.niftyindices.com/reports/historical-data
2018-02-07,14317.57,Nifty Indices Historical Data — Total Returns Index Values,https://www.niftyindices.com/reports/historical-data
2018-02-08,14463.16,Nifty Indices Historical Data — Total Returns Index Values,https://www.niftyindices.com/reports/historical-data
2018-02-09,14296.5,Nifty Indices Historical Data — Total Returns Index Values,https://www.niftyindices.com/reports/historical-data
2018-02-12,14412.46,Nifty Indices Historical Data — Total Returns Index Values,https://www.niftyindices.com/reports/historical-data
2018-02-14,14359.35,Nifty Indices Historical Data — Total Returns Index Values,https://www.niftyindices.com/reports/historical-data
2018-02-15,14422.85,Nifty Indices Historical Data — Total Returns Index Values,https://www.niftyindices.com/reports/historical-data
2018-02-16,14295.41,Nifty Indices Historical Data — Total Returns Index Values,https://www.niftyindices.com/reports/historical-data
2018-02-19,14194.28,Nifty Indices Historical Data — Total Returns Index Values,https://www.niftyindices.com/reports/historical-data
2018-02-20,14169.77,Nifty Indices Historical Data — Total Returns Index Values,https://www.niftyindices.com/reports/historical-data
2018-02-21,14220.48,Nifty Indices Historical Data — Total Returns Index Values,https://www.niftyindices.com/reports/historical-data
2018-02-22,14204.17,Nifty Indices Historical Data — Total Returns Index Values,https://www.niftyindices.com/reports/historical-data
2018-02-23,14352.4,Nifty Indices Historical Data — Total Returns Index Values,https://www.niftyindices.com/reports/historical-data
2018-02-26,14477.62,Nifty Indices Historical Data — Total Returns Index Values,https://www.niftyindices.com/reports/historical-data
2018-02-27,14438.9,Nifty Indices Historical Data — Total Returns Index Values,https://www.niftyindices.com/reports/historical-data
2018-02-28,14358.71,Nifty Indices Historical Data — Total Returns Index Values,https://www.niftyindices.com/reports/historical-data
2018-03-01,14311.52,Nifty Indices Historical Data — Total Returns Index Values,https://www.niftyindices.com/reports/historical-data
2018-03-05,14175.32,Nifty Indices Historical Data — Total Returns Index Values,https://www.niftyindices.com/reports/historical-data
2018-03-06,14025.34,Nifty Indices Historical Data — Total Returns Index Values,https://www.niftyindices.com/reports/historical-data
2018-03-07,13895.27,Nifty Indices Historical Data — Total Returns Index Values,https://www.niftyindices.com/reports/historical-data
2018-03-08,14016.3,Nifty Indices Historical Data — Total Returns Index Values,https://www.niftyindices.com/reports/historical-data
2018-03-09,13994.68,Nifty Indices Historical Data — Total Returns Index Values,https://www.niftyindices.com/reports/historical-data
2018-03-12,14260.92,Nifty Indices Historical Data — Total Returns Index Values,https://www.niftyindices.com/reports/historical-data
2018-03-13,14270.64,Nifty Indices Historical Data — Total Returns Index Values,https://www.niftyindices.com/reports/historical-data
2018-03-14,14248.81,Nifty Indices Historical Data — Total Returns Index Values,https://www.niftyindices.com/reports/historical-data
2018-03-15,14179.36,Nifty Indices Historical Data — Total Returns Index Values,https://www.niftyindices.com/reports/historical-data
2018-03-16,13961.14,Nifty Indices Historical Data — Total Returns Index Values,https://www.niftyindices.com/reports/historical-data
2018-03-19,13822.99,Nifty Indices Historical Data — Total Returns Index Values,https://www.niftyindices.com/reports/historical-data
2018-03-20,13878.17,Nifty Indices Historical Data — Total Returns Index Values,https://www.niftyindices.com/reports/historical-data
2018-03-21,13920.51,Nifty Indices Historical Data — Total Returns Index Values,https://www.niftyindices.com/reports/historical-data
2018-03-22,13867.01,Nifty Indices Historical Data — Total Returns Index Values,https://www.niftyindices.com/reports/historical-data
2018-03-23,13706.99,Nifty Indices Historical Data — Total Returns Index Values,https://www.niftyindices.com/reports/historical-data
2018-03-26,13888.82,Nifty Indices Historical Data — Total Returns Index Values,https://www.niftyindices.com/reports/historical-data
2018-03-27,13962.15,Nifty Indices Historical Data — Total Returns Index Values,https://www.niftyindices.com/reports/historical-data
2018-03-28,13865.57,Nifty Indices Historical Data — Total Returns Index Values,https://www.niftyindices.com/reports/historical-data
2018-04-02,14000.07,Nifty Indices Historical Data — Total Returns Index Values,https://www.niftyindices.com/reports/historical-data
2018-04-03,14045.55,Nifty Indices Historical Data — Total Returns Index Values,https://www.niftyindices.com/reports/historical-data
2018-04-04,13885.72,Nifty Indices Historical Data — Total Returns Index Values,https://www.niftyindices.com/reports/historical-data
2018-04-05,14155.47,Nifty Indices Historical Data — Total Returns Index Values,https://www.niftyindices.com/reports/historical-data
2018-04-06,14164.28,Nifty Indices Historical Data — Total Returns Index Values,https://www.niftyindices.com/reports/historical-data
2018-04-09,14229.77,Nifty Indices Historical Data — Total Returns Index Values,https://www.niftyindices.com/reports/historical-data
2018-04-10,14261.15,Nifty Indices Historical Data — Total Returns Index Values,https://www.niftyindices.com/reports/historical-data
2018-04-11,14281.6,Nifty Indices Historical Data — Total Returns Index Values,https://www.niftyindices.com/reports/historical-data
2018-04-12,14338.46,Nifty Indices Historical Data — Total Returns Index Values,https://www.niftyindices.com/reports/historical-data
2018-04-13,14368.56,Nifty Indices Historical Data — Total Returns Index Values,https://www.niftyindices.com/reports/historical-data
2018-04-16,14434.05,Nifty Indices Historical Data — Total Returns Index Values,https://www.niftyindices.com/reports/historical-data
2018-04-17,14461.97,Nifty Indices Historical Data — Total Returns Index Values,https://www.niftyindices.com/reports/historical-data
2018-04-18,14431.07,Nifty Indices Historical Data — Total Returns Index Values,https://www.niftyindices.com/reports/historical-data
2018-04-19,14484.7,Nifty Indices Historical Data — Total Returns Index Values,https://www.niftyindices.com/reports/historical-data
2018-04-20,14482.97,Nifty Indices Historical Data — Total Returns Index Values,https://www.niftyindices.com/reports/historical-data
2018-04-23,14511.28,Nifty Indices Historical Data — Total Returns Index Values,https://www.niftyindices.com/reports/historical-data
2018-04-24,14551.96,Nifty Indices Historical Data — Total Returns Index Values,https://www.niftyindices.com/reports/historical-data
2018-04-25,14491.88,Nifty Indices Historical Data — Total Returns Index Values,https://www.niftyindices.com/reports/historical-data
2018-04-26,14556.65,Nifty Indices Historical Data — Total Returns Index Values,https://www.niftyindices.com/reports/historical-data
2018-04-27,14658.83,Nifty Indices Historical Data — Total Returns Index Values,https://www.niftyindices.com/reports/historical-data
2018-04-30,14723.32,Nifty Indices Historical Data — Total Returns Index Values,https://www.niftyindices.com/reports/historical-data
2018-05-02,14695.26,Nifty Indices Historical Data — Total Returns Index Values,https://www.niftyindices.com/reports/historical-data
2018-05-03,14642.62,Nifty Indices Historical Data — Total Returns Index Values,https://www.niftyindices.com/reports/historical-data
2018-05-04,14558.42,Nifty Indices Historical Data — Total Returns Index Values,https://www.niftyindices.com/reports/historical-data
2018-05-07,14691.72,Nifty Indices Historical Data — Total Returns Index Values,https://www.niftyindices.com/reports/historical-data
2018-05-08,14694.93,Nifty Indices Historical Data — Total Returns Index Values,https://www.niftyindices.com/reports/historical-data
2018-05-09,14728.03,Nifty Indices Historical Data — Total Returns Index Values,https://www.niftyindices.com/reports/historical-data
2018-05-10,14693.55,Nifty Indices Historical Data — Total Returns Index Values,https://www.niftyindices.com/reports/historical-data
2018-05-11,14816.93,Nifty Indices Historical Data — Total Returns Index Values,https://www.niftyindices.com/reports/historical-data
2018-05-14,14817.01,Nifty Indices Historical Data — Total Returns Index Values,https://www.niftyindices.com/reports/historical-data
2018-05-15,14810.54,Nifty Indices Historical Data — Total Returns Index Values,https://www.niftyindices.com/reports/historical-data
2018-05-16,14727.26,Nifty Indices Historical Data — Total Returns Index Values,https://www.niftyindices.com/reports/historical-data
2018-05-17,14647.15,Nifty Indices Historical Data — Total Returns Index Values,https://www.niftyindices.com/reports/historical-data
2018-05-18,14528.82,Nifty Indices Historical Data — Total Returns Index Values,https://www.niftyindices.com/reports/historical-data
2018-05-21,14419.57,Nifty Indices Historical Data — Total Returns Index Values,https://www.niftyindices.com/reports/historical-data
2018-05-22,14446.97,Nifty Indices Historical Data — Total Returns Index Values,https://www.niftyindices.com/reports/historical-data
2018-05-23,14301.15,Nifty Indices Historical Data — Total Returns Index Values,https://www.niftyindices.com/reports/historical-data
2018-05-24,14415.65,Nifty Indices Historical Data — Total Returns Index Values,https://www.niftyindices.com/reports/historical-data
2018-05-25,14556.18,Nifty Indices Historical Data — Total Returns Index Values,https://www.niftyindices.com/reports/historical-data
2018-05-28,14670.76,Nifty Indices Historical Data — Total Returns Index Values,https://www.niftyindices.com/reports/historical-data
2018-05-29,14594.78,Nifty Indices Historical Data — Total Returns Index Values,https://www.niftyindices.com/reports/historical-data
2018-05-30,14568.75,Nifty Indices Historical Data — Total Returns Index Values,https://www.niftyindices.com/reports/historical-data
2018-05-31,14750.26,Nifty Indices Historical Data — Total Returns Index Values,https://www.niftyindices.com/reports/historical-data
2018-06-01,14695.4,Nifty Indices Historical Data — Total Returns Index Values,https://www.niftyindices.com/reports/historical-data
2018-06-04,14604.11,Nifty Indices Historical Data — Total Returns Index Values,https://www.niftyindices.com/reports/historical-data
2018-06-05,14555.52,Nifty Indices Historical Data — Total Returns Index Values,https://www.niftyindices.com/reports/historical-data
2018-06-06,14681.25,Nifty Indices Historical Data — Total Returns Index Values,https://www.niftyindices.com/reports/historical-data
2018-06-07,14796.24,Nifty Indices Historical Data — Total Returns Index Values,https://www.niftyindices.com/reports/historical-data
2018-06-08,14795.31,Nifty Indices Historical Data — Total Returns Index Values,https://www.niftyindices.com/reports/historical-data
2018-06-11,14821.8,Nifty Indices Historical Data — Total Returns Index Values,https://www.niftyindices.com/reports/historical-data
2018-06-12,14898.66,Nifty Indices Historical Data — Total Returns Index Values,https://www.niftyindices.com/reports/historical-data
2018-06-13,14917.68,Nifty Indices Historical Data — Total Returns Index Values,https://www.niftyindices.com/reports/historical-data
2018-06-14,14871.97,Nifty Indices Historical Data — Total Returns Index Values,https://www.niftyindices.com/reports/historical-data
2018-06-15,14885.3,Nifty Indices Historical Data — Total Returns Index Values,https://www.niftyindices.com/reports/historical-data
2018-06-18,14860.73,Nifty Indices Historical Data — Total Returns Index Values,https://www.niftyindices.com/reports/historical-data
2018-06-19,14737.7,Nifty Indices Historical Data — Total Returns Index Values,https://www.niftyindices.com/reports/historical-data
2018-06-20,14822.46,Nifty Indices Historical Data — Total Returns Index Values,https://www.niftyindices.com/reports/historical-data
2018-06-21,14782.87,Nifty Indices Historical Data — Total Returns Index Values,https://www.niftyindices.com/reports/historical-data
2018-06-22,14894.02,Nifty Indices Historical Data — Total Returns Index Values,https://www.niftyindices.com/reports/historical-data
2018-06-25,14812.28,Nifty Indices Historical Data — Total Returns Index Values,https://www.niftyindices.com/reports/historical-data
2018-06-26,14821.45,Nifty Indices Historical Data — Total Returns Index Values,https://www.niftyindices.com/reports/historical-data
2018-06-27,14694.16,Nifty Indices Historical Data — Total Returns Index Values,https://www.niftyindices.com/reports/historical-data
2018-06-28,14581.53,Nifty Indices Historical Data — Total Returns Index Values,https://www.niftyindices.com/reports/historical-data
2018-06-29,14753.91,Nifty Indices Historical Data — Total Returns Index Values,https://www.niftyindices.com/reports/historical-data
2018-07-02,14675.42,Nifty Indices Historical Data — Total Returns Index Values,https://www.niftyindices.com/reports/historical-data
2018-07-03,14734.11,Nifty Indices Historical Data — Total Returns Index Values,https://www.niftyindices.com/reports/historical-data
2018-07-04,14830.5,Nifty Indices Historical Data — Total Returns Index Values,https://www.niftyindices.com/reports/historical-data
2018-07-05,14808.54,Nifty Indices Historical Data — Total Returns Index Values,https://www.niftyindices.com/reports/historical-data
2018-07-06,14840.13,Nifty Indices Historical Data — Total Returns Index Values,https://www.niftyindices.com/reports/historical-data
2018-07-09,14951.2,Nifty Indices Historical Data — Total Returns Index Values,https://www.niftyindices.com/reports/historical-data
2018-07-10,15081.6,Nifty Indices Historical Data — Total Returns Index Values,https://www.niftyindices.com/reports/historical-data
2018-07-11,15085.15,Nifty Indices Historical Data — Total Returns Index Values,https://www.niftyindices.com/reports/historical-data
2018-07-12,15190.82,Nifty Indices Historical Data — Total Returns Index Values,https://www.niftyindices.com/reports/historical-data
2018-07-13,15184.88,Nifty Indices Historical Data — Total Returns Index Values,https://www.niftyindices.com/reports/historical-data
2018-07-16,15072.66,Nifty Indices Historical Data — Total Returns Index Values,https://www.niftyindices.com/reports/historical-data
2018-07-17,15172.31,Nifty Indices Historical Data — Total Returns Index Values,https://www.niftyindices.com/reports/historical-data
2018-07-18,15135.57,Nifty Indices Historical Data — Total Returns Index Values,https://www.niftyindices.com/reports/historical-data
2018-07-19,15116.83,Nifty Indices Historical Data — Total Returns Index Values,https://www.niftyindices.com/reports/historical-data
2018-07-20,15190.13,Nifty Indices Historical Data — Total Returns Index Values,https://www.niftyindices.com/reports/historical-data
2018-07-23,15293.5,Nifty Indices Historical Data — Total Returns Index Values,https://www.niftyindices.com/reports/historical-data
2018-07-24,15361.88,Nifty Indices Historical Data — Total Returns Index Values,https://www.niftyindices.com/reports/historical-data
2018-07-25,15358.72,Nifty Indices Historical Data — Total Returns Index Values,https://www.niftyindices.com/reports/historical-data
2018-07-26,15410.93,Nifty Indices Historical Data — Total Returns Index Values,https://www.niftyindices.com/reports/historical-data
2018-07-27,15564.19,Nifty Indices Historical Data — Total Returns Index Values,https://www.niftyindices.com/reports/historical-data
2018-07-30,15621.47,Nifty Indices Historical Data — Total Returns Index Values,https://www.niftyindices.com/reports/historical-data
2018-07-31,15672.47,Nifty Indices Historical Data — Total Returns Index Values,https://www.niftyindices.com/reports/historical-data
2018-08-01,15658.27,Nifty Indices Historical Data — Total Returns Index Values,https://www.niftyindices.com/reports/historical-data
2018-08-02,15520.25,Nifty Indices Historical Data — Total Returns Index Values,https://www.niftyindices.com/reports/historical-data
2018-08-03,15680.51,Nifty Indices Historical Data — Total Returns Index Values,https://www.niftyindices.com/reports/historical-data
2018-08-06,15716.78,Nifty Indices Historical Data — Total Returns Index Values,https://www.niftyindices.com/reports/historical-data
2018-08-07,15720.05,Nifty Indices Historical Data — Total Returns Index Values,https://www.niftyindices.com/reports/historical-data
2018-08-08,15803.64,Nifty Indices Historical Data — Total Returns Index Values,https://www.niftyindices.com/reports/historical-data
2018-08-09,15833.23,Nifty Indices Historical Data — Total Returns Index Values,https://www.niftyindices.com/reports/historical-data
2018-08-10,15776.32,Nifty Indices Historical Data — Total Returns Index Values,https://www.niftyindices.com/reports/historical-data
2018-08-13,15676.23,Nifty Indices Historical Data — Total Returns Index Values,https://www.niftyindices.com/reports/historical-data
2018-08-14,15796.36,Nifty Indices Historical Data — Total Returns Index Values,https://www.niftyindices.com/reports/historical-data
2018-08-16,15727.25,Nifty Indices Historical Data — Total Returns Index Values,https://www.niftyindices.com/reports/historical-data
2018-08-17,15845.64,Nifty Indices Historical Data — Total Returns Index Values,https://www.niftyindices.com/reports/historical-data
2018-08-20,15959.04,Nifty Indices Historical Data — Total Returns Index Values,https://www.niftyindices.com/reports/historical-data
2018-08-21,15985.48,Nifty Indices Historical Data — Total Returns Index Values,https://www.niftyindices.com/reports/historical-data
2018-08-23,16001.85,Nifty Indices Historical Data — Total Returns Index Values,https://www.niftyindices.com/reports/historical-data
2018-08-24,15969.8,Nifty Indices Historical Data — Total Returns Index Values,https://www.niftyindices.com/reports/historical-data
2018-08-27,16156.09,Nifty Indices Historical Data — Total Returns Index Values,https://www.niftyindices.com/reports/historical-data
2018-08-28,16220.45,Nifty Indices Historical Data — Total Returns Index Values,https://www.niftyindices.com/reports/historical-data
2018-08-29,16156.02,Nifty Indices Historical Data — Total Returns Index Values,https://www.niftyindices.com/reports/historical-data
2018-08-30,16135.61,Nifty Indices Historical Data — Total Returns Index Values,https://www.niftyindices.com/reports/historical-data
2018-08-31,16143.51,Nifty Indices Historical Data — Total Returns Index Values,https://www.niftyindices.com/reports/historical-data
2018-09-03,16007.84,Nifty Indices Historical Data — Total Returns Index Values,https://www.niftyindices.com/reports/historical-data
2018-09-04,15922.09,Nifty Indices Historical Data — Total Returns Index Values,https://www.niftyindices.com/reports/historical-data
2018-09-05,15862.15,Nifty Indices Historical Data — Total Returns Index Values,https://www.niftyindices.com/reports/historical-data
2018-09-06,15947.67,Nifty Indices Historical Data — Total Returns Index Values,https://www.niftyindices.com/reports/historical-data
2018-09-07,16019.84,Nifty Indices Historical Data — Total Returns Index Values,https://www.niftyindices.com/reports/historical-data
2018-09-10,15813.26,Nifty Indices Historical Data — Total Returns Index Values,https://www.niftyindices.com/reports/historical-data
2018-09-11,15605.11,Nifty Indices Historical Data — Total Returns Index Values,https://www.niftyindices.com/reports/historical-data
2018-09-12,15719.62,Nifty Indices Historical Data — Total Returns Index Values,https://www.niftyindices.com/reports/historical-data
2018-09-14,15920.48,Nifty Indices Historical Data — Total Returns Index Values,https://www.niftyindices.com/reports/historical-data
2018-09-17,15731.26,Nifty Indices Historical Data — Total Returns Index Values,https://www.niftyindices.com/reports/historical-data
2018-09-18,15594.57,Nifty Indices Historical Data — Total Returns Index Values,https://www.niftyindices.com/reports/historical-data
2018-09-19,15534.28,Nifty Indices Historical Data — Total Returns Index Values,https://www.niftyindices.com/reports/historical-data
2018-09-21,15408.16,Nifty Indices Historical Data — Total Returns Index Values,https://www.niftyindices.com/reports/historical-data
2018-09-24,15165.18,Nifty Indices Historical Data — Total Returns Index Values,https://www.niftyindices.com/reports/historical-data
2018-09-25,15303.55,Nifty Indices Historical Data — Total Returns Index Values,https://www.niftyindices.com/reports/historical-data
2018-09-26,15284.67,Nifty Indices Historical Data — Total Returns Index Values,https://www.niftyindices.com/reports/historical-data
2018-09-27,15179.24,Nifty Indices Historical Data — Total Returns Index Values,https://www.niftyindices.com/reports/historical-data
2018-09-28,15114.08,Nifty Indices Historical Data — Total Returns Index Values,https://www.niftyindices.com/reports/historical-data
2018-10-01,15221.75,Nifty Indices Historical Data — Total Returns Index Values,https://www.niftyindices.com/reports/historical-data
2018-10-03,15014.23,Nifty Indices Historical Data — Total Returns Index Values,https://www.niftyindices.com/reports/historical-data
2018-10-04,14656.09,Nifty Indices Historical Data — Total Returns Index Values,https://www.niftyindices.com/reports/historical-data
2018-10-05,14265.08,Nifty Indices Historical Data — Total Returns Index Values,https://www.niftyindices.com/reports/historical-data
2018-10-08,14308.79,Nifty Indices Historical Data — Total Returns Index Values,https://www.niftyindices.com/reports/historical-data
2018-10-09,14243.79,Nifty Indices Historical Data — Total Returns Index Values,https://www.niftyindices.com/reports/historical-data
2018-10-10,14463.71,Nifty Indices Historical Data — Total Returns Index Values,https://www.niftyindices.com/reports/historical-data
2018-10-11,14152.0,Nifty Indices Historical Data — Total Returns Index Values,https://www.niftyindices.com/reports/historical-data
2018-10-12,14480.86,Nifty Indices Historical Data — Total Returns Index Values,https://www.niftyindices.com/reports/historical-data
2018-10-15,14536.17,Nifty Indices Historical Data — Total Returns Index Values,https://www.niftyindices.com/reports/historical-data
2018-10-16,14636.1,Nifty Indices Historical Data — Total Returns Index Values,https://www.niftyindices.com/reports/historical-data
2018-10-17,14453.94,Nifty Indices Historical Data — Total Returns Index Values,https://www.niftyindices.com/reports/historical-data
2018-10-19,14247.22,Nifty Indices Historical Data — Total Returns Index Values,https://www.niftyindices.com/reports/historical-data
2018-10-22,14166.64,Nifty Indices Historical Data — Total Returns Index Values,https://www.niftyindices.com/reports/historical-data
2018-10-23,14031.96,Nifty Indices Historical Data — Total Returns Index Values,https://www.niftyindices.com/reports/historical-data
2018-10-24,14139.75,Nifty Indices Historical Data — Total Returns Index Values,https://www.niftyindices.com/reports/historical-data
2018-10-25,14014.33,Nifty Indices Historical Data — Total Returns Index Values,https://www.niftyindices.com/reports/historical-data
2018-10-26,13882.95,Nifty Indices Historical Data — Total Returns Index Values,https://www.niftyindices.com/reports/historical-data
2018-10-29,14189.11,Nifty Indices Historical Data — Total Returns Index Values,https://www.niftyindices.com/reports/historical-data
2018-10-30,14116.91,Nifty Indices Historical Data — Total Returns Index Values,https://www.niftyindices.com/reports/historical-data
2018-10-31,14377.38,Nifty Indices Historical Data — Total Returns Index Values,https://www.niftyindices.com/reports/historical-data
2018-11-01,14371.1,Nifty Indices Historical Data — Total Returns Index Values,https://www.niftyindices.com/reports/historical-data
2018-11-02,14609.96,Nifty Indices Historical Data — Total Returns Index Values,https://www.niftyindices.com/reports/historical-data
2018-11-05,14570.98,Nifty Indices Historical Data — Total Returns Index Values,https://www.niftyindices.com/reports/historical-data
2018-11-06,14579.28,Nifty Indices Historical Data — Total Returns Index Values,https://www.niftyindices.com/reports/historical-data
2018-11-07,14673.98,Nifty Indices Historical Data — Total Returns Index Values,https://www.niftyindices.com/reports/historical-data
2018-11-09,14655.69,Nifty Indices Historical Data — Total Returns Index Values,https://www.niftyindices.com/reports/historical-data
2018-11-12,14513.12,Nifty Indices Historical Data — Total Returns Index Values,https://www.niftyindices.com/reports/historical-data
2018-11-13,14651.98,Nifty Indices Historical Data — Total Returns Index Values,https://www.niftyindices.com/reports/historical-data
2018-11-14,14643.42,Nifty Indices Historical Data — Total Returns Index Values,https://www.niftyindices.com/reports/historical-data
2018-11-15,14699.33,Nifty Indices Historical Data — Total Returns Index Values,https://www.niftyindices.com/reports/historical-data
2018-11-16,14790.05,Nifty Indices Historical Data — Total Returns Index Values,https://www.niftyindices.com/reports/historical-data
2018-11-19,14902.44,Nifty Indices Historical Data — Total Returns Index Values,https://www.niftyindices.com/reports/historical-data
2018-11-20,14754.03,Nifty Indices Historical Data — Total Returns Index Values,https://www.niftyindices.com/reports/historical-data
2018-11-21,14676.29,Nifty Indices Historical Data — Total Returns Index Values,https://www.niftyindices.com/reports/historical-data
2018-11-22,14574.82,Nifty Indices Historical Data — Total Returns Index Values,https://www.niftyindices.com/reports/historical-data
2018-11-26,14715.81,Nifty Indices Historical Data — Total Returns Index Values,https://www.niftyindices.com/reports/historical-data
2018-11-27,14794.7,Nifty Indices Historical Data — Total Returns Index Values,https://www.niftyindices.com/reports/historical-data
2018-11-28,14854.61,Nifty Indices Historical Data — Total Returns Index Values,https://www.niftyindices.com/reports/historical-data
2018-11-29,15034.36,Nifty Indices Historical Data — Total Returns Index Values,https://www.niftyindices.com/reports/historical-data
2018-11-30,15059.37,Nifty Indices Historical Data — Total Returns Index Values,https://www.niftyindices.com/reports/historical-data
2018-12-03,15069.07,Nifty Indices Historical Data — Total Returns Index Values,https://www.niftyindices.com/reports/historical-data
2018-12-04,15049.32,Nifty Indices Historical Data — Total Returns Index Values,https://www.niftyindices.com/reports/historical-data
2018-12-05,14929.43,Nifty Indices Historical Data — Total Returns Index Values,https://www.niftyindices.com/reports/historical-data
2018-12-06,14677.79,Nifty Indices Historical Data — Total Returns Index Values,https://www.niftyindices.com/reports/historical-data
2018-12-07,14805.93,Nifty Indices Historical Data — Total Returns Index Values,https://www.niftyindices.com/reports/historical-data
2018-12-10,14521.73,Nifty Indices Historical Data — Total Returns Index Values,https://www.niftyindices.com/reports/historical-data
2018-12-11,14605.79,Nifty Indices Historical Data — Total Returns Index Values,https://www.niftyindices.com/reports/historical-data
2018-12-12,14866.71,Nifty Indices Historical Data — Total Returns Index Values,https://www.niftyindices.com/reports/historical-data
2018-12-13,14941.4,Nifty Indices Historical Data — Total Returns Index Values,https://www.niftyindices.com/reports/historical-data
2018-12-14,14960.64,Nifty Indices Historical Data — Total Returns Index Values,https://www.niftyindices.com/reports/historical-data
2018-12-17,15075.46,Nifty Indices Historical Data — Total Returns Index Values,https://www.niftyindices.com/reports/historical-data
2018-12-18,15103.63,Nifty Indices Historical Data — Total Returns Index Values,https://www.niftyindices.com/reports/historical-data
2018-12-19,15184.78,Nifty Indices Historical Data — Total Returns Index Values,https://www.niftyindices.com/reports/historical-data
2018-12-20,15163.14,Nifty Indices Historical Data — Total Returns Index Values,https://www.niftyindices.com/reports/historical-data
2018-12-21,14894.42,Nifty Indices Historical Data — Total Returns Index Values,https://www.niftyindices.com/reports/historical-data
2018-12-24,14769.13,Nifty Indices Historical Data — Total Returns Index Values,https://www.niftyindices.com/reports/historical-data
2018-12-26,14860.97,Nifty Indices Historical Data — Total Returns Index Values,https://www.niftyindices.com/reports/historical-data
2018-12-27,14930.18,Nifty Indices Historical Data — Total Returns Index Values,https://www.niftyindices.com/reports/historical-data
2018-12-28,15045.34,Nifty Indices Historical Data — Total Returns Index Values,https://www.niftyindices.com/reports/historical-data
2018-12-31,15048.98,Nifty Indices Historical Data — Total Returns Index Values,https://www.niftyindices.com/reports/historical-data
2019-01-01,15114.9,Nifty Indices Historical Data — Total Returns Index Values,https://www.niftyindices.com/reports/historical-data
2019-01-02,14951.96,Nifty Indices Historical Data — Total Returns Index Values,https://www.niftyindices.com/reports/historical-data
2019-01-03,14785.38,Nifty Indices Historical Data — Total Returns Index Values,https://www.niftyindices.com/reports/historical-data
2019-01-04,14861.69,Nifty Indices Historical Data — Total Returns Index Values,https://www.niftyindices.com/reports/historical-data
2019-01-07,14923.27,Nifty Indices Historical Data — Total Returns Index Values,https://www.niftyindices.com/reports/historical-data
2019-01-08,14965.34,Nifty Indices Historical Data — Total Returns Index Values,https://www.niftyindices.com/reports/historical-data
2019-01-09,15038.74,Nifty Indices Historical Data — Total Returns Index Values,https://www.niftyindices.com/reports/historical-data
2019-01-10,14992.23,Nifty Indices Historical Data — Total Returns Index Values,https://www.niftyindices.com/reports/historical-data
2019-01-11,14955.33,Nifty Indices Historical Data — Total Returns Index Values,https://www.niftyindices.com/reports/historical-data
2019-01-14,14875.92,Nifty Indices Historical Data — Total Returns Index Values,https://www.niftyindices.com/reports/historical-data
2019-01-15,15082.59,Nifty Indices Historical Data — Total Returns Index Values,https://www.niftyindices.com/reports/historical-data
2019-01-16,15087.41,Nifty Indices Historical Data — Total Returns Index Values,https://www.niftyindices.com/reports/historical-data
2019-01-17,15109.54,Nifty Indices Historical Data — Total Returns Index Values,https://www.niftyindices.com/reports/historical-data
2019-01-18,15111.95,Nifty Indices Historical Data — Total Returns Index Values,https://www.niftyindices.com/reports/historical-data
2019-01-21,15188.0,Nifty Indices Historical Data — Total Returns Index Values,https://www.niftyindices.com/reports/historical-data
2019-01-22,15133.83,Nifty Indices Historical Data — Total Returns Index Values,https://www.niftyindices.com/reports/historical-data
2019-01-23,15007.4,Nifty Indices Historical Data — Total Returns Index Values,https://www.niftyindices.com/reports/historical-data
2019-01-24,15038.07,Nifty Indices Historical Data — Total Returns Index Values,https://www.niftyindices.com/reports/historical-data
2019-01-25,14942.09,Nifty Indices Historical Data — Total Returns Index Values,https://www.niftyindices.com/reports/historical-data
2019-01-28,14777.11,Nifty Indices Historical Data — Total Returns Index Values,https://www.niftyindices.com/reports/historical-data
2019-01-29,14764.59,Nifty Indices Historical Data — Total Returns Index Values,https://www.niftyindices.com/reports/historical-data
2019-01-30,14764.02,Nifty Indices Historical Data — Total Returns Index Values,https://www.niftyindices.com/reports/historical-data
2019-01-31,15012.34,Nifty Indices Historical Data — Total Returns Index Values,https://www.niftyindices.com/reports/historical-data
2019-02-01,15099.21,Nifty Indices Historical Data — Total Returns Index Values,https://www.niftyindices.com/reports/historical-data
2019-02-04,15125.02,Nifty Indices Historical Data — Total Returns Index Values,https://www.niftyindices.com/reports/historical-data
2019-02-05,15155.99,Nifty Indices Historical Data — Total Returns Index Values,https://www.niftyindices.com/reports/historical-data
2019-02-06,15337.8,Nifty Indices Historical Data — Total Returns Index Values,https://www.niftyindices.com/reports/historical-data
2019-02-07,15347.41,Nifty Indices Historical Data — Total Returns Index Values,https://www.niftyindices.com/reports/historical-data
2019-02-08,15173.02,Nifty Indices Historical Data — Total Returns Index Values,https://www.niftyindices.com/reports/historical-data
2019-02-11,15100.61,Nifty Indices Historical Data — Total Returns Index Values,https://www.niftyindices.com/reports/historical-data
2019-02-12,15023.02,Nifty Indices Historical Data — Total Returns Index Values,https://www.niftyindices.com/reports/historical-data
2019-02-13,14970.62,Nifty Indices Historical Data — Total Returns Index Values,https://www.niftyindices.com/reports/historical-data
2019-02-14,14906.26,Nifty Indices Historical Data — Total Returns Index Values,https://www.niftyindices.com/reports/historical-data
2019-02-15,14876.27,Nifty Indices Historical Data — Total Returns Index Values,https://www.niftyindices.com/reports/historical-data
2019-02-18,14760.48,Nifty Indices Historical Data — Total Returns Index Values,https://www.niftyindices.com/reports/historical-data
2019-02-19,14709.75,Nifty Indices Historical Data — Total Returns Index Values,https://www.niftyindices.com/reports/historical-data
2019-02-20,14891.6,Nifty Indices Historical Data — Total Returns Index Values,https://www.niftyindices.com/reports/historical-data
2019-02-21,14970.12,Nifty Indices Historical Data — Total Returns Index Values,https://www.niftyindices.com/reports/historical-data
2019-02-22,14972.58,Nifty Indices Historical Data — Total Returns Index Values,https://www.niftyindices.com/reports/historical-data
2019-02-25,15095.33,Nifty Indices Historical Data — Total Returns Index Values,https://www.niftyindices.com/reports/historical-data
2019-02-26,15033.15,Nifty Indices Historical Data — Total Returns Index Values,https://www.niftyindices.com/reports/historical-data
2019-02-27,14993.45,Nifty Indices Historical Data — Total Returns Index Values,https://www.niftyindices.com/reports/historical-data
2019-02-28,14979.39,Nifty Indices Historical Data — Total Returns Index Values,https://www.niftyindices.com/reports/historical-data
2019-03-01,15077.91,Nifty Indices Historical Data — Total Returns Index Values,https://www.niftyindices.com/reports/historical-data
2019-03-05,15249.97,Nifty Indices Historical Data — Total Returns Index Values,https://www.niftyindices.com/reports/historical-data
2019-03-06,15340.93,Nifty Indices Historical Data — Total Returns Index Values,https://www.niftyindices.com/reports/historical-data
2019-03-07,15348.14,Nifty Indices Historical Data — Total Returns Index Values,https://www.niftyindices.com/reports/historical-data
2019-03-08,15316.51,Nifty Indices Historical Data — Total Returns Index Values,https://www.niftyindices.com/reports/historical-data
2019-03-11,15500.61,Nifty Indices Historical Data — Total Returns Index Values,https://www.niftyindices.com/reports/historical-data
2019-03-12,15685.41,Nifty Indices Historical Data — Total Returns Index Values,https://www.niftyindices.com/reports/historical-data
2019-03-13,15742.86,Nifty Indices Historical Data — Total Returns Index Values,https://www.niftyindices.com/reports/historical-data
2019-03-14,15749.67,Nifty Indices Historical Data — Total Returns Index Values,https://www.niftyindices.com/reports/historical-data
2019-03-15,15867.74,Nifty Indices Historical Data — Total Returns Index Values,https://www.niftyindices.com/reports/historical-data
2019-03-18,15916.8,Nifty Indices Historical Data — Total Returns Index Values,https://www.niftyindices.com/reports/historical-data
2019-03-19,16014.33,Nifty Indices Historical Data — Total Returns Index Values,https://www.niftyindices.com/reports/historical-data
2019-03-20,15998.51,Nifty Indices Historical Data — Total Returns Index Values,https://www.niftyindices.com/reports/historical-data
2019-03-22,15912.88,Nifty Indices Historical Data — Total Returns Index Values,https://www.niftyindices.com/reports/historical-data
2019-03-25,15770.26,Nifty Indices Historical Data — Total Returns Index Values,https://www.niftyindices.com/reports/historical-data
2019-03-26,15949.46,Nifty Indices Historical Data — Total Returns Index Values,https://www.niftyindices.com/reports/historical-data
2019-03-27,15897.65,Nifty Indices Historical Data — Total Returns Index Values,https://www.niftyindices.com/reports/historical-data
2019-03-28,16071.26,Nifty Indices Historical Data — Total Returns Index Values,https://www.niftyindices.com/reports/historical-data
2019-03-29,16146.11,Nifty Indices Historical Data — Total Returns Index Values,https://www.niftyindices.com/reports/historical-data
2019-04-01,16208.94,Nifty Indices Historical Data — Total Returns Index Values,https://www.niftyindices.com/reports/historical-data
2019-04-02,16270.13,Nifty Indices Historical Data — Total Returns Index Values,https://www.niftyindices.com/reports/historical-data
2019-04-03,16173.92,Nifty Indices Historical Data — Total Returns Index Values,https://www.niftyindices.com/reports/historical-data
2019-04-04,16110.09,Nifty Indices Historical Data — Total Returns Index Values,https://www.niftyindices.com/reports/historical-data
2019-04-05,16204.48,Nifty Indices Historical Data — Total Returns Index Values,https://www.niftyindices.com/reports/historical-data
2019-04-08,16119.14,Nifty Indices Historical Data — Total Returns Index Values,https://www.niftyindices.com/reports/historical-data
2019-04-09,16212.81,Nifty Indices Historical Data — Total Returns Index Values,https://www.niftyindices.com/reports/historical-data
2019-04-10,16091.08,Nifty Indices Historical Data — Total Returns Index Values,https://www.niftyindices.com/reports/historical-data
2019-04-11,16108.32,Nifty Indices Historical Data — Total Returns Index Values,https://www.niftyindices.com/reports/historical-data
2019-04-12,16173.27,Nifty Indices Historical Data — Total Returns Index Values,https://www.niftyindices.com/reports/historical-data
2019-04-15,16238.41,Nifty Indices Historical Data — Total Returns Index Values,https://www.niftyindices.com/reports/historical-data
2019-04-16,16372.86,Nifty Indices Historical Data — Total Returns Index Values,https://www.niftyindices.com/reports/historical-data
2019-04-18,16325.13,Nifty Indices Historical Data — Total Returns Index Values,https://www.niftyindices.com/reports/historical-data
2019-04-22,16105.19,Nifty Indices Historical Data — Total Returns Index Values,https://www.niftyindices.com/reports/historical-data
2019-04-23,16079.51,Nifty Indices Historical Data — Total Returns Index Values,https://www.niftyindices.com/reports/historical-data
2019-04-24,16288.16,Nifty Indices Historical Data — Total Returns Index Values,https://www.niftyindices.com/reports/historical-data
2019-04-25,16170.98,Nifty Indices Historical Data — Total Returns Index Values,https://www.niftyindices.com/reports/historical-data
2019-04-26,16327.7,Nifty Indices Historical Data — Total Returns Index Values,https://www.niftyindices.com/reports/historical-data
2019-04-30,16318.66,Nifty Indices Historical Data — Total Returns Index Values,https://www.niftyindices.com/reports/historical-data
2019-05-02,16286.18,Nifty Indices Historical Data — Total Returns Index Values,https://www.niftyindices.com/reports/historical-data
2019-05-03,16268.79,Nifty Indices Historical Data — Total Returns Index Values,https://www.niftyindices.com/reports/historical-data
2019-05-06,16110.44,Nifty Indices Historical Data — Total Returns Index Values,https://www.niftyindices.com/reports/historical-data
2019-05-07,15974.41,Nifty Indices Historical Data — Total Returns Index Values,https://www.niftyindices.com/reports/historical-data
2019-05-08,15782.09,Nifty Indices Historical Data — Total Returns Index Values,https://www.niftyindices.com/reports/historical-data
2019-05-09,15701.95,Nifty Indices Historical Data — Total Returns Index Values,https://www.niftyindices.com/reports/historical-data
2019-05-10,15670.18,Nifty Indices Historical Data — Total Returns Index Values,https://www.niftyindices.com/reports/historical-data
2019-05-13,15488.6,Nifty Indices Historical Data — Total Returns Index Values,https://www.niftyindices.com/reports/historical-data
2019-05-14,15591.19,Nifty Indices Historical Data — Total Returns Index Values,https://www.niftyindices.com/reports/historical-data
2019-05-15,15500.82,Nifty Indices Historical Data — Total Returns Index Values,https://www.niftyindices.com/reports/historical-data
2019-05-16,15640.22,Nifty Indices Historical Data — Total Returns Index Values,https://www.niftyindices.com/reports/historical-data
2019-05-17,15848.71,Nifty Indices Historical Data — Total Returns Index Values,https://www.niftyindices.com/reports/historical-data
2019-05-20,16433.77,Nifty Indices Historical Data — Total Returns Index Values,https://www.niftyindices.com/reports/historical-data
2019-05-21,16268.26,Nifty Indices Historical Data — Total Returns Index Values,https://www.niftyindices.com/reports/historical-data
2019-05-22,16325.28,Nifty Indices Historical Data — Total Returns Index Values,https://www.niftyindices.com/reports/historical-data
2019-05-23,16212.78,Nifty Indices Historical Data — Total Returns Index Values,https://www.niftyindices.com/reports/historical-data
2019-05-24,16472.95,Nifty Indices Historical Data — Total Returns Index Values,https://www.niftyindices.com/reports/historical-data
2019-05-27,16585.13,Nifty Indices Historical Data — Total Returns Index Values,https://www.niftyindices.com/reports/historical-data
2019-05-28,16591.7,Nifty Indices Historical Data — Total Returns Index Values,https://www.niftyindices.com/reports/historical-data
2019-05-29,16497.62,Nifty Indices Historical Data — Total Returns Index Values,https://www.niftyindices.com/reports/historical-data
2019-05-30,16615.59,Nifty Indices Historical Data — Total Returns Index Values,https://www.niftyindices.com/reports/historical-data
2019-05-31,16583.46,Nifty Indices Historical Data — Total Returns Index Values,https://www.niftyindices.com/reports/historical-data
2019-06-03,16815.25,Nifty Indices Historical Data — Total Returns Index Values,https://www.niftyindices.com/reports/historical-data
2019-06-04,16728.74,Nifty Indices Historical Data — Total Returns Index Values,https://www.niftyindices.com/reports/historical-data
2019-06-06,16481.14,Nifty Indices Historical Data — Total Returns Index Values,https://www.niftyindices.com/reports/historical-data
2019-06-07,16518.62,Nifty Indices Historical Data — Total Returns Index Values,https://www.niftyindices.com/reports/historical-data
2019-06-10,16590.99,Nifty Indices Historical Data — Total Returns Index Values,https://www.niftyindices.com/reports/historical-data
2019-06-11,16650.75,Nifty Indices Historical Data — Total Returns Index Values,https://www.niftyindices.com/reports/historical-data
2019-06-12,16568.09,Nifty Indices Historical Data — Total Returns Index Values,https://www.niftyindices.com/reports/historical-data
2019-06-13,16593.97,Nifty Indices Historical Data — Total Returns Index Values,https://www.niftyindices.com/reports/historical-data
2019-06-14,16467.55,Nifty Indices Historical Data — Total Returns Index Values,https://www.niftyindices.com/reports/historical-data
2019-06-17,16257.06,Nifty Indices Historical Data — Total Returns Index Values,https://www.niftyindices.com/reports/historical-data
2019-06-18,16283.98,Nifty Indices Historical Data — Total Returns Index Values,https://www.niftyindices.com/reports/historical-data
2019-06-19,16283.94,Nifty Indices Historical Data — Total Returns Index Values,https://www.niftyindices.com/reports/historical-data
2019-06-20,16493.65,Nifty Indices Historical Data — Total Returns Index Values,https://www.niftyindices.com/reports/historical-data
2019-06-21,16343.59,Nifty Indices Historical Data — Total Returns Index Values,https://www.niftyindices.com/reports/historical-data
2019-06-24,16309.52,Nifty Indices Historical Data — Total Returns Index Values,https://www.niftyindices.com/reports/historical-data
2019-06-25,16444.46,Nifty Indices Historical Data — Total Returns Index Values,https://www.niftyindices.com/reports/historical-data
2019-06-26,16515.68,Nifty Indices Historical Data — Total Returns Index Values,https://www.niftyindices.com/reports/historical-data
2019-06-27,16507.34,Nifty Indices Historical Data — Total Returns Index Values,https://www.niftyindices.com/reports/historical-data
2019-06-28,16433.85,Nifty Indices Historical Data — Total Returns Index Values,https://www.niftyindices.com/reports/historical-data
2019-07-01,16540.88,Nifty Indices Historical Data — Total Returns Index Values,https://www.niftyindices.com/reports/historical-data
2019-07-02,16603.17,Nifty Indices Historical Data — Total Returns Index Values,https://www.niftyindices.com/reports/historical-data
2019-07-03,16612.16,Nifty Indices Historical Data — Total Returns Index Values,https://www.niftyindices.com/reports/historical-data
2019-07-04,16658.04,Nifty Indices Historical Data — Total Returns Index Values,https://www.niftyindices.com/reports/historical-data
2019-07-05,16468.99,Nifty Indices Historical Data — Total Returns Index Values,https://www.niftyindices.com/reports/historical-data
2019-07-08,16118.27,Nifty Indices Historical Data — Total Returns Index Values,https://www.niftyindices.com/reports/historical-data
2019-07-09,16114.46,Nifty Indices Historical Data — Total Returns Index Values,https://www.niftyindices.com/reports/historical-data
2019-07-10,16035.44,Nifty Indices Historical Data — Total Returns Index Values,https://www.niftyindices.com/reports/historical-data
2019-07-11,16155.78,Nifty Indices Historical Data — Total Returns Index Values,https://www.niftyindices.com/reports/historical-data
2019-07-12,16113.75,Nifty Indices Historical Data — Total Returns Index Values,https://www.niftyindices.com/reports/historical-data
2019-07-15,16165.28,Nifty Indices Historical Data — Total Returns Index Values,https://www.niftyindices.com/reports/historical-data
2019-07-16,16272.08,Nifty Indices Historical Data — Total Returns Index Values,https://www.niftyindices.com/reports/historical-data
2019-07-17,16306.82,Nifty Indices Historical Data — Total Returns Index Values,https://www.niftyindices.com/reports/historical-data
2019-07-18,16183.16,Nifty Indices Historical Data — Total Returns Index Values,https://www.niftyindices.com/reports/historical-data
2019-07-19,15945.55,Nifty Indices Historical Data — Total Returns Index Values,https://www.niftyindices.com/reports/historical-data
2019-07-22,15845.74,Nifty Indices Historical Data — Total Returns Index Values,https://www.niftyindices.com/reports/historical-data
2019-07-23,15824.55,Nifty Indices Historical Data — Total Returns Index Values,https://www.niftyindices.com/reports/historical-data
2019-07-24,15749.37,Nifty Indices Historical Data — Total Returns Index Values,https://www.niftyindices.com/reports/historical-data
2019-07-25,15725.6,Nifty Indices Historical Data — Total Returns Index Values,https://www.niftyindices.com/reports/historical-data
2019-07-26,15770.63,Nifty Indices Historical Data — Total Returns Index Values,https://www.niftyindices.com/reports/historical-data
2019-07-29,15638.42,Nifty Indices Historical Data — Total Returns Index Values,https://www.niftyindices.com/reports/historical-data
2019-07-30,15493.33,Nifty Indices Historical Data — Total Returns Index Values,https://www.niftyindices.com/reports/historical-data
2019-07-31,15539.43,Nifty Indices Historical Data — Total Returns Index Values,https://www.niftyindices.com/reports/historical-data
2019-08-01,15350.83,Nifty Indices Historical Data — Total Returns Index Values,https://www.niftyindices.com/reports/historical-data
2019-08-02,15382.73,Nifty Indices Historical Data — Total Returns Index Values,https://www.niftyindices.com/reports/historical-data
2019-08-05,15194.27,Nifty Indices Historical Data — Total Returns Index Values,https://www.niftyindices.com/reports/historical-data
2019-08-06,15314.03,Nifty Indices Historical Data — Total Returns Index Values,https://www.niftyindices.com/reports/historical-data
2019-08-07,15184.34,Nifty Indices Historical Data — Total Returns Index Values,https://www.niftyindices.com/reports/historical-data
2019-08-08,15434.73,Nifty Indices Historical Data — Total Returns Index Values,https://www.niftyindices.com/reports/historical-data
2019-08-09,15542.72,Nifty Indices Historical Data — Total Returns Index Values,https://www.niftyindices.com/reports/historical-data
2019-08-13,15289.35,Nifty Indices Historical Data — Total Returns Index Values,https://www.niftyindices.com/reports/historical-data
2019-08-14,15438.86,Nifty Indices Historical Data — Total Returns Index Values,https://www.niftyindices.com/reports/historical-data
2019-08-16,15464.58,Nifty Indices Historical Data — Total Returns Index Values,https://www.niftyindices.com/reports/historical-data
2019-08-19,15476.07,Nifty Indices Historical Data — Total Returns Index Values,https://www.niftyindices.com/reports/historical-data
2019-08-20,15425.45,Nifty Indices Historical Data — Total Returns Index Values,https://www.niftyindices.com/reports/historical-data
2019-08-21,15290.85,Nifty Indices Historical Data — Total Returns Index Values,https://www.niftyindices.com/reports/historical-data
2019-08-22,15045.62,Nifty Indices Historical Data — Total Returns Index Values,https://www.niftyindices.com/reports/historical-data
2019-08-23,15168.88,Nifty Indices Historical Data — Total Returns Index Values,https://www.niftyindices.com/reports/historical-data
2019-08-26,15488.96,Nifty Indices Historical Data — Total Returns Index Values,https://www.niftyindices.com/reports/historical-data
2019-08-27,15555.44,Nifty Indices Historical Data — Total Returns Index Values,https://www.niftyindices.com/reports/historical-data
2019-08-28,15472.44,Nifty Indices Historical Data — Total Returns Index Values,https://www.niftyindices.com/reports/historical-data
2019-08-29,15335.45,Nifty Indices Historical Data — Total Returns Index Values,https://www.niftyindices.com/reports/historical-data
2019-08-30,15440.47,Nifty Indices Historical Data — Total Returns Index Values,https://www.niftyindices.com/reports/historical-data
2019-09-03,15124.8,Nifty Indices Historical Data — Total Returns Index Values,https://www.niftyindices.com/reports/historical-data
2019-09-04,15190.3,Nifty Indices Historical Data — Total Returns Index Values,https://www.niftyindices.com/reports/historical-data
2019-09-05,15194.86,Nifty Indices Historical Data — Total Returns Index Values,https://www.niftyindices.com/reports/historical-data
2019-09-06,15332.57,Nifty Indices Historical Data — Total Returns Index Values,https://www.niftyindices.com/reports/historical-data
2019-09-09,15412.14,Nifty Indices Historical Data — Total Returns Index Values,https://www.niftyindices.com/reports/historical-data
2019-09-11,15457.9,Nifty Indices Historical Data — Total Returns Index Values,https://www.niftyindices.com/reports/historical-data
2019-09-12,15383.82,Nifty Indices Historical Data — Total Returns Index Values,https://www.niftyindices.com/reports/historical-data
2019-09-13,15514.2,Nifty Indices Historical Data — Total Returns Index Values,https://www.niftyindices.com/reports/historical-data
2019-09-16,15412.83,Nifty Indices Historical Data — Total Returns Index Values,https://www.niftyindices.com/reports/historical-data
2019-09-17,15152.39,Nifty Indices Historical Data — Total Returns Index Values,https://www.niftyindices.com/reports/historical-data
2019-09-18,15184.69,Nifty Indices Historical Data — Total Returns Index Values,https://www.niftyindices.com/reports/historical-data
2019-09-19,14994.39,Nifty Indices Historical Data — Total Returns Index Values,https://www.niftyindices.com/reports/historical-data
2019-09-20,15791.99,Nifty Indices Historical Data — Total Returns Index Values,https://www.niftyindices.com/reports/historical-data
2019-09-23,16248.62,Nifty Indices Historical Data — Total Returns Index Values,https://www.niftyindices.com/reports/historical-data
2019-09-24,16231.83,Nifty Indices Historical Data — Total Returns Index Values,https://www.niftyindices.com/reports/historical-data
2019-09-25,16024.49,Nifty Indices Historical Data — Total Returns Index Values,https://www.niftyindices.com/reports/historical-data
2019-09-26,16207.96,Nifty Indices Historical Data — Total Returns Index Values,https://www.niftyindices.com/reports/historical-data
2019-09-27,16125.65,Nifty Indices Historical Data — Total Returns Index Values,https://www.niftyindices.com/reports/historical-data
2019-09-30,16072.5,Nifty Indices Historical Data — Total Returns Index Values,https://www.niftyindices.com/reports/historical-data
2019-10-01,15912.03,Nifty Indices Historical Data — Total Returns Index Values,https://www.niftyindices.com/reports/historical-data
2019-10-03,15847.7,Nifty Indices Historical Data — Total Returns Index Values,https://www.niftyindices.com/reports/historical-data
2019-10-04,15652.7,Nifty Indices Historical Data — Total Returns Index Values,https://www.niftyindices.com/reports/historical-data
2019-10-07,15584.94,Nifty Indices Historical Data — Total Returns Index Values,https://www.niftyindices.com/reports/historical-data
2019-10-09,15846.77,Nifty Indices Historical Data — Total Returns Index Values,https://www.niftyindices.com/reports/historical-data
2019-10-10,15736.44,Nifty Indices Historical Data — Total Returns Index Values,https://www.niftyindices.com/reports/historical-data
2019-10-11,15835.17,Nifty Indices Historical Data — Total Returns Index Values,https://www.niftyindices.com/reports/historical-data
2019-10-14,15885.74,Nifty Indices Historical Data — Total Returns Index Values,https://www.niftyindices.com/reports/historical-data
2019-10-15,16007.83,Nifty Indices Historical Data — Total Returns Index Values,https://www.niftyindices.com/reports/historical-data
2019-10-16,16057.85,Nifty Indices Historical Data — Total Returns Index Values,https://www.niftyindices.com/reports/historical-data
2019-10-17,16245.31,Nifty Indices Historical Data — Total Returns Index Values,https://www.niftyindices.com/reports/historical-data
2019-10-18,16351.16,Nifty Indices Historical Data — Total Returns Index Values,https://www.niftyindices.com/reports/historical-data
2019-10-22,16248.11,Nifty Indices Historical Data — Total Returns Index Values,https://www.niftyindices.com/reports/historical-data
2019-10-23,16282.84,Nifty Indices Historical Data — Total Returns Index Values,https://www.niftyindices.com/reports/historical-data
2019-10-24,16252.63,Nifty Indices Historical Data — Total Returns Index Values,https://www.niftyindices.com/reports/historical-data
2019-10-25,16254.45,Nifty Indices Historical Data — Total Returns Index Values,https://www.niftyindices.com/reports/historical-data
2019-10-27,16315.17,Nifty Indices Historical Data — Total Returns Index Values,https://www.niftyindices.com/reports/historical-data
2019-10-29,16539.23,Nifty Indices Historical Data — Total Returns Index Values,https://www.niftyindices.com/reports/historical-data
2019-10-30,16620.07,Nifty Indices Historical Data — Total Returns Index Values,https://www.niftyindices.com/reports/historical-data
2019-10-31,16667.29,Nifty Indices Historical Data — Total Returns Index Values,https://www.niftyindices.com/reports/historical-data
2019-11-01,16685.73,Nifty Indices Historical Data — Total Returns Index Values,https://www.niftyindices.com/reports/historical-data
2019-11-04,16756.87,Nifty Indices Historical Data — Total Returns Index Values,https://www.niftyindices.com/reports/historical-data
2019-11-05,16723.06,Nifty Indices Historical Data — Total Returns Index Values,https://www.niftyindices.com/reports/historical-data
2019-11-06,16791.61,Nifty Indices Historical Data — Total Returns Index Values,https://www.niftyindices.com/reports/historical-data
2019-11-07,16856.17,Nifty Indices Historical Data — Total Returns Index Values,https://www.niftyindices.com/reports/historical-data
2019-11-08,16710.37,Nifty Indices Historical Data — Total Returns Index Values,https://www.niftyindices.com/reports/historical-data
2019-11-11,16717.75,Nifty Indices Historical Data — Total Returns Index Values,https://www.niftyindices.com/reports/historical-data
2019-11-13,16615.37,Nifty Indices Historical Data — Total Returns Index Values,https://www.niftyindices.com/reports/historical-data
2019-11-14,16659.78,Nifty Indices Historical Data — Total Returns Index Values,https://www.niftyindices.com/reports/historical-data
2019-11-15,16692.52,Nifty Indices Historical Data — Total Returns Index Values,https://www.niftyindices.com/reports/historical-data
2019-11-18,16677.14,Nifty Indices Historical Data — Total Returns Index Values,https://www.niftyindices.com/reports/historical-data
2019-11-19,16755.15,Nifty Indices Historical Data — Total Returns Index Values,https://www.niftyindices.com/reports/historical-data
2019-11-20,16837.96,Nifty Indices Historical Data — Total Returns Index Values,https://www.niftyindices.com/reports/historical-data
2019-11-21,16794.86,Nifty Indices Historical Data — Total Returns Index Values,https://www.niftyindices.com/reports/historical-data
2019-11-22,16719.11,Nifty Indices Historical Data — Total Returns Index Values,https://www.niftyindices.com/reports/historical-data
2019-11-25,16942.7,Nifty Indices Historical Data — Total Returns Index Values,https://www.niftyindices.com/reports/historical-data
2019-11-26,16892.15,Nifty Indices Historical Data — Total Returns Index Values,https://www.niftyindices.com/reports/historical-data
2019-11-27,16980.54,Nifty Indices Historical Data — Total Returns Index Values,https://www.niftyindices.com/reports/historical-data
2019-11-28,17051.31,Nifty Indices Historical Data — Total Returns Index Values,https://www.niftyindices.com/reports/historical-data
2019-11-29,16917.89,Nifty Indices Historical Data — Total Returns Index Values,https://www.niftyindices.com/reports/historical-data
2019-12-02,16906.88,Nifty Indices Historical Data — Total Returns Index Values,https://www.niftyindices.com/reports/historical-data
2019-12-03,16831.11,Nifty Indices Historical Data — Total Returns Index Values,https://www.niftyindices.com/reports/historical-data
2019-12-04,16899.88,Nifty Indices Historical Data — Total Returns Index Values,https://www.niftyindices.com/reports/historical-data
2019-12-05,16865.04,Nifty Indices Historical Data — Total Returns Index Values,https://www.niftyindices.com/reports/historical-data
2019-12-06,16729.08,Nifty Indices Historical Data — Total Returns Index Values,https://www.niftyindices.com/reports/historical-data
2019-12-09,16751.53,Nifty Indices Historical Data — Total Returns Index Values,https://www.niftyindices.com/reports/historical-data
2019-12-10,16638.94,Nifty Indices Historical Data — Total Returns Index Values,https://www.niftyindices.com/reports/historical-data
2019-12-11,16713.79,Nifty Indices Historical Data — Total Returns Index Values,https://www.niftyindices.com/reports/historical-data
2019-12-12,16800.36,Nifty Indices Historical Data — Total Returns Index Values,https://www.niftyindices.com/reports/historical-data
2019-12-13,16961.56,Nifty Indices Historical Data — Total Returns Index Values,https://www.niftyindices.com/reports/historical-data
2019-12-16,16915.65,Nifty Indices Historical Data — Total Returns Index Values,https://www.niftyindices.com/reports/historical-data
2019-12-17,17071.49,Nifty Indices Historical Data — Total Returns Index Values,https://www.niftyindices.com/reports/historical-data
2019-12-18,17150.93,Nifty Indices Historical Data — Total Returns Index Values,https://www.niftyindices.com/reports/historical-data
2019-12-19,17205.12,Nifty Indices Historical Data — Total Returns Index Values,https://www.niftyindices.com/reports/historical-data
2019-12-20,17222.14,Nifty Indices Historical Data — Total Returns Index Values,https://www.niftyindices.com/reports/historical-data
2019-12-23,17209.4,Nifty Indices Historical Data — Total Returns Index Values,https://www.niftyindices.com/reports/historical-data
2019-12-24,17141.8,Nifty Indices Historical Data — Total Returns Index Values,https://www.niftyindices.com/reports/historical-data
2019-12-26,17018.26,Nifty Indices Historical Data — Total Returns Index Values,https://www.niftyindices.com/reports/historical-data
2019-12-27,17185.66,Nifty Indices Historical Data — Total Returns Index Values,https://www.niftyindices.com/reports/historical-data
2019-12-30,17199.73,Nifty Indices Historical Data — Total Returns Index Values,https://www.niftyindices.com/reports/historical-data
2019-12-31,17077.06,Nifty Indices Historical Data — Total Returns Index Values,https://www.niftyindices.com/reports/historical-data
2020-01-01,17096.83,Nifty Indices Historical Data — Total Returns Index Values,https://www.niftyindices.com/reports/historical-data
2020-01-02,17236.7,Nifty Indices Historical Data — Total Returns Index Values,https://www.niftyindices.com/reports/historical-data
2020-01-03,17158.75,Nifty Indices Historical Data — Total Returns Index Values,https://www.niftyindices.com/reports/historical-data
2020-01-06,16830.93,Nifty Indices Historical Data — Total Returns Index Values,https://www.niftyindices.com/reports/historical-data
2020-01-07,16915.03,Nifty Indices Historical Data — Total Returns Index Values,https://www.niftyindices.com/reports/historical-data
2020-01-08,16876.24,Nifty Indices Historical Data — Total Returns Index Values,https://www.niftyindices.com/reports/historical-data
2020-01-09,17143.65,Nifty Indices Historical Data — Total Returns Index Values,https://www.niftyindices.com/reports/historical-data
2020-01-10,17201.08,Nifty Indices Historical Data — Total Returns Index Values,https://www.niftyindices.com/reports/historical-data
2020-01-13,17303.2,Nifty Indices Historical Data — Total Returns Index Values,https://www.niftyindices.com/reports/historical-data
2020-01-14,17349.12,Nifty Indices Historical Data — Total Returns Index Values,https://www.niftyindices.com/reports/historical-data
2020-01-15,17322.5,Nifty Indices Historical Data — Total Returns Index Values,https://www.niftyindices.com/reports/historical-data
2020-01-16,17339.57,Nifty Indices Historical Data — Total Returns Index Values,https://www.niftyindices.com/reports/historical-data
2020-01-17,17335.2,Nifty Indices Historical Data — Total Returns Index Values,https://www.niftyindices.com/reports/historical-data
2020-01-20,17155.83,Nifty Indices Historical Data — Total Returns Index Values,https://www.niftyindices.com/reports/historical-data
2020-01-21,17079.07,Nifty Indices Historical Data — Total Returns Index Values,https://www.niftyindices.com/reports/historical-data
2020-01-22,16990.68,Nifty Indices Historical Data — Total Returns Index Values,https://www.niftyindices.com/reports/historical-data
2020-01-23,17095.61,Nifty Indices Historical Data — Total Returns Index Values,https://www.niftyindices.com/reports/historical-data
2020-01-24,17192.15,Nifty Indices Historical Data — Total Returns Index Values,https://www.niftyindices.com/reports/historical-data
2020-01-27,17010.7,Nifty Indices Historical Data — Total Returns Index Values,https://www.niftyindices.com/reports/historical-data
2020-01-28,16922.01,Nifty Indices Historical Data — Total Returns Index Values,https://www.niftyindices.com/reports/historical-data
2020-01-29,17025.46,Nifty Indices Historical Data — Total Returns Index Values,https://www.niftyindices.com/reports/historical-data
2020-01-30,16893.91,Nifty Indices Historical Data — Total Returns Index Values,https://www.niftyindices.com/reports/historical-data
2020-01-31,16790.45,Nifty Indices Historical Data — Total Returns Index Values,https://www.niftyindices.com/reports/historical-data
2020-02-01,16369.0,Nifty Indices Historical Data — Total Returns Index Values,https://www.niftyindices.com/reports/historical-data
2020-02-03,16433.65,Nifty Indices Historical Data — Total Returns Index Values,https://www.niftyindices.com/reports/historical-data
2020-02-04,16815.12,Nifty Indices Historical Data — Total Returns Index Values,https://www.niftyindices.com/reports/historical-data
2020-02-05,16968.83,Nifty Indices Historical Data — Total Returns Index Values,https://www.niftyindices.com/reports/historical-data
2020-02-06,17037.28,Nifty Indices Historical Data — Total Returns Index Values,https://www.niftyindices.com/reports/historical-data
2020-02-07,16981.75,Nifty Indices Historical Data — Total Returns Index Values,https://www.niftyindices.com/reports/historical-data
2020-02-10,16887.86,Nifty Indices Historical Data — Total Returns Index Values,https://www.niftyindices.com/reports/historical-data
2020-02-11,16995.1,Nifty Indices Historical Data — Total Returns Index Values,https://www.niftyindices.com/reports/historical-data
2020-02-12,17126.07,Nifty Indices Historical Data — Total Returns Index Values,https://www.niftyindices.com/reports/historical-data
2020-02-13,17088.84,Nifty Indices Historical Data — Total Returns Index Values,https://www.niftyindices.com/reports/historical-data
2020-02-14,17002.89,Nifty Indices Historical Data — Total Returns Index Values,https://www.niftyindices.com/reports/historical-data
2020-02-17,16911.92,Nifty Indices Historical Data — Total Returns Index Values,https://www.niftyindices.com/reports/historical-data
2020-02-18,16837.08,Nifty Indices Historical Data — Total Returns Index Values,https://www.niftyindices.com/reports/historical-data
2020-02-19,17024.41,Nifty Indices Historical Data — Total Returns Index Values,https://www.niftyindices.com/reports/historical-data
2020-02-20,16961.16,Nifty Indices Historical Data — Total Returns Index Values,https://www.niftyindices.com/reports/historical-data
2020-02-24,16608.12,Nifty Indices Historical Data — Total Returns Index Values,https://www.niftyindices.com/reports/historical-data
2020-02-25,16563.91,Nifty Indices Historical Data — Total Returns Index Values,https://www.niftyindices.com/reports/historical-data
2020-02-26,16396.23,Nifty Indices Historical Data — Total Returns Index Values,https://www.niftyindices.com/reports/historical-data
2020-02-27,16332.81,Nifty Indices Historical Data — Total Returns Index Values,https://www.niftyindices.com/reports/historical-data
2020-02-28,15726.92,Nifty Indices Historical Data — Total Returns Index Values,https://www.niftyindices.com/reports/historical-data
2020-03-02,15632.14,Nifty Indices Historical Data — Total Returns Index Values,https://www.niftyindices.com/reports/historical-data
2020-03-03,15878.98,Nifty Indices Historical Data — Total Returns Index Values,https://www.niftyindices.com/reports/historical-data
2020-03-04,15805.53,Nifty Indices Historical Data — Total Returns Index Values,https://www.niftyindices.com/reports/historical-data
2020-03-05,15833.21,Nifty Indices Historical Data — Total Returns Index Values,https://www.niftyindices.com/reports/historical-data
2020-03-06,15440.48,Nifty Indices Historical Data — Total Returns Index Values,https://www.niftyindices.com/reports/historical-data
2020-03-09,14684.56,Nifty Indices Historical Data — Total Returns Index Values,https://www.niftyindices.com/reports/historical-data
2020-03-11,14694.31,Nifty Indices Historical Data — Total Returns Index Values,https://www.niftyindices.com/reports/historical-data
2020-03-12,13474.38,Nifty Indices Historical Data — Total Returns Index Values,https://www.niftyindices.com/reports/historical-data
2020-03-13,13987.31,Nifty Indices Historical Data — Total Returns Index Values,https://www.niftyindices.com/reports/historical-data
2020-03-16,12928.18,Nifty Indices Historical Data — Total Returns Index Values,https://www.niftyindices.com/reports/historical-data
2020-03-17,12604.41,Nifty Indices Historical Data — Total Returns Index Values,https://www.niftyindices.com/reports/historical-data
2020-03-18,11904.02,Nifty Indices Historical Data — Total Returns Index Values,https://www.niftyindices.com/reports/historical-data
2020-03-19,11620.92,Nifty Indices Historical Data — Total Returns Index Values,https://www.niftyindices.com/reports/historical-data
2020-03-20,12298.74,Nifty Indices Historical Data — Total Returns Index Values,https://www.niftyindices.com/reports/historical-data
2020-03-23,10710.41,Nifty Indices Historical Data — Total Returns Index Values,https://www.niftyindices.com/reports/historical-data
2020-03-24,10983.15,Nifty Indices Historical Data — Total Returns Index Values,https://www.niftyindices.com/reports/historical-data
2020-03-25,11710.71,Nifty Indices Historical Data — Total Returns Index Values,https://www.niftyindices.com/reports/historical-data
2020-03-26,12167.15,Nifty Indices Historical Data — Total Returns Index Values,https://www.niftyindices.com/reports/historical-data
2020-03-27,12193.62,Nifty Indices Historical Data — Total Returns Index Values,https://www.niftyindices.com/reports/historical-data
2020-03-30,11659.76,Nifty Indices Historical Data — Total Returns Index Values,https://www.niftyindices.com/reports/historical-data
2020-03-31,12105.66,Nifty Indices Historical Data — Total Returns Index Values,https://www.niftyindices.com/reports/historical-data
2020-04-01,11621.35,Nifty Indices Historical Data — Total Returns Index Values,https://www.niftyindices.com/reports/historical-data
2020-04-03,11382.02,Nifty Indices Historical Data — Total Returns Index Values,https://www.niftyindices.com/reports/historical-data
2020-04-07,12379.42,Nifty Indices Historical Data — Total Returns Index Values,https://www.niftyindices.com/reports/historical-data
2020-04-08,12318.25,Nifty Indices Historical Data — Total Returns Index Values,https://www.niftyindices.com/reports/historical-data
2020-04-09,12829.57,Nifty Indices Historical Data — Total Returns Index Values,https://www.niftyindices.com/reports/historical-data
2020-04-13,12663.31,Nifty Indices Historical Data — Total Returns Index Values,https://www.niftyindices.com/reports/historical-data
2020-04-15,12566.85,Nifty Indices Historical Data — Total Returns Index Values,https://www.niftyindices.com/reports/historical-data
2020-04-16,12661.83,Nifty Indices Historical Data — Total Returns Index Values,https://www.niftyindices.com/reports/historical-data
2020-04-17,13047.57,Nifty Indices Historical Data — Total Returns Index Values,https://www.niftyindices.com/reports/historical-data
2020-04-20,13040.65,Nifty Indices Historical Data — Total Returns Index Values,https://www.niftyindices.com/reports/historical-data
2020-04-21,12645.91,Nifty Indices Historical Data — Total Returns Index Values,https://www.niftyindices.com/reports/historical-data
2020-04-22,12935.73,Nifty Indices Historical Data — Total Returns Index Values,https://www.niftyindices.com/reports/historical-data
2020-04-23,13113.97,Nifty Indices Historical Data — Total Returns Index Values,https://www.niftyindices.com/reports/historical-data
2020-04-24,12889.39,Nifty Indices Historical Data — Total Returns Index Values,https://www.niftyindices.com/reports/historical-data
2020-04-27,13069.49,Nifty Indices Historical Data — Total Returns Index Values,https://www.niftyindices.com/reports/historical-data
2020-04-28,13208.29,Nifty Indices Historical Data — Total Returns Index Values,https://www.niftyindices.com/reports/historical-data
2020-04-29,13452.51,Nifty Indices Historical Data — Total Returns Index Values,https://www.niftyindices.com/reports/historical-data
2020-04-30,13884.18,Nifty Indices Historical Data — Total Returns Index Values,https://www.niftyindices.com/reports/historical-data
2020-05-04,13086.63,Nifty Indices Historical Data — Total Returns Index Values,https://www.niftyindices.com/reports/historical-data
2020-05-05,12963.99,Nifty Indices Historical Data — Total Returns Index Values,https://www.niftyindices.com/reports/historical-data
2020-05-06,13055.99,Nifty Indices Historical Data — Total Returns Index Values,https://www.niftyindices.com/reports/historical-data
2020-05-07,12954.81,Nifty Indices Historical Data — Total Returns Index Values,https://www.niftyindices.com/reports/historical-data
2020-05-08,13028.62,Nifty Indices Historical Data — Total Returns Index Values,https://www.niftyindices.com/reports/historical-data
2020-05-11,13011.35,Nifty Indices Historical Data — Total Returns Index Values,https://www.niftyindices.com/reports/historical-data
2020-05-12,12951.29,Nifty Indices Historical Data — Total Returns Index Values,https://www.niftyindices.com/reports/historical-data
2020-05-13,13214.58,Nifty Indices Historical Data — Total Returns Index Values,https://www.niftyindices.com/reports/historical-data
2020-05-14,12875.51,Nifty Indices Historical Data — Total Returns Index Values,https://www.niftyindices.com/reports/historical-data
2020-05-15,12867.16,Nifty Indices Historical Data — Total Returns Index Values,https://www.niftyindices.com/reports/historical-data
2020-05-18,12425.57,Nifty Indices Historical Data — Total Returns Index Values,https://www.niftyindices.com/reports/historical-data
2020-05-19,12504.22,Nifty Indices Historical Data — Total Returns Index Values,https://www.niftyindices.com/reports/historical-data
2020-05-20,12768.2,Nifty Indices Historical Data — Total Returns Index Values,https://www.niftyindices.com/reports/historical-data
2020-05-21,12824.12,Nifty Indices Historical Data — Total Returns Index Values,https://www.niftyindices.com/reports/historical-data
2020-05-22,12729.74,Nifty Indices Historical Data — Total Returns Index Values,https://www.niftyindices.com/reports/historical-data
2020-05-26,12715.39,Nifty Indices Historical Data — Total Returns Index Values,https://www.niftyindices.com/reports/historical-data
2020-05-27,13117.99,Nifty Indices Historical Data — Total Returns Index Values,https://www.niftyindices.com/reports/historical-data
2020-05-28,13364.65,Nifty Indices Historical Data — Total Returns Index Values,https://www.niftyindices.com/reports/historical-data
2020-05-29,13503.45,Nifty Indices Historical Data — Total Returns Index Values,https://www.niftyindices.com/reports/historical-data
2020-06-01,13850.0,Nifty Indices Historical Data — Total Returns Index Values,https://www.niftyindices.com/reports/historical-data
2020-06-02,14065.56,Nifty Indices Historical Data — Total Returns Index Values,https://www.niftyindices.com/reports/historical-data
2020-06-03,14183.95,Nifty Indices Historical Data — Total Returns Index Values,https://www.niftyindices.com/reports/historical-data
2020-06-04,14138.19,Nifty Indices Historical Data — Total Returns Index Values,https://www.niftyindices.com/reports/historical-data
2020-06-05,14297.55,Nifty Indices Historical Data — Total Returns Index Values,https://www.niftyindices.com/reports/historical-data
2020-06-08,14333.2,Nifty Indices Historical Data — Total Returns Index Values,https://www.niftyindices.com/reports/historical-data
2020-06-09,14162.9,Nifty Indices Historical Data — Total Returns Index Values,https://www.niftyindices.com/reports/historical-data
2020-06-10,14260.91,Nifty Indices Historical Data — Total Returns Index Values,https://www.niftyindices.com/reports/historical-data
2020-06-11,13959.73,Nifty Indices Historical Data — Total Returns Index Values,https://www.niftyindices.com/reports/historical-data
2020-06-12,14059.69,Nifty Indices Historical Data — Total Returns Index Values,https://www.niftyindices.com/reports/historical-data
2020-06-15,13835.27,Nifty Indices Historical Data — Total Returns Index Values,https://www.niftyindices.com/reports/historical-data
2020-06-16,13976.63,Nifty Indices Historical Data — Total Returns Index Values,https://www.niftyindices.com/reports/historical-data
2020-06-17,13930.35,Nifty Indices Historical Data — Total Returns Index Values,https://www.niftyindices.com/reports/historical-data
2020-06-18,14227.14,Nifty Indices Historical Data — Total Returns Index Values,https://www.niftyindices.com/reports/historical-data
2020-06-19,14445.87,Nifty Indices Historical Data — Total Returns Index Values,https://www.niftyindices.com/reports/historical-data
2020-06-22,14540.07,Nifty Indices Historical Data — Total Returns Index Values,https://www.niftyindices.com/reports/historical-data
2020-06-23,14765.36,Nifty Indices Historical Data — Total Returns Index Values,https://www.niftyindices.com/reports/historical-data
2020-06-24,14531.72,Nifty Indices Historical Data — Total Returns Index Values,https://www.niftyindices.com/reports/historical-data
2020-06-25,14508.61,Nifty Indices Historical Data — Total Returns Index Values,https://www.niftyindices.com/reports/historical-data
2020-06-26,14641.26,Nifty Indices Historical Data — Total Returns Index Values,https://www.niftyindices.com/reports/historical-data
2020-06-29,14541.76,Nifty Indices Historical Data — Total Returns Index Values,https://www.niftyindices.com/reports/historical-data
2020-06-30,14527.18,Nifty Indices Historical Data — Total Returns Index Values,https://www.niftyindices.com/reports/historical-data
2020-07-01,14707.64,Nifty Indices Historical Data — Total Returns Index Values,https://www.niftyindices.com/reports/historical-data
2020-07-02,14886.06,Nifty Indices Historical Data — Total Returns Index Values,https://www.niftyindices.com/reports/historical-data
2020-07-03,14964.59,Nifty Indices Historical Data — Total Returns Index Values,https://www.niftyindices.com/reports/historical-data
2020-07-06,15185.78,Nifty Indices Historical Data — Total Returns Index Values,https://www.niftyindices.com/reports/historical-data
2020-07-07,15236.58,Nifty Indices Historical Data — Total Returns Index Values,https://www.niftyindices.com/reports/historical-data
2020-07-08,15104.09,Nifty Indices Historical Data — Total Returns Index Values,https://www.niftyindices.com/reports/historical-data
2020-07-09,15268.19,Nifty Indices Historical Data — Total Returns Index Values,https://www.niftyindices.com/reports/historical-data
2020-07-10,15204.13,Nifty Indices Historical Data — Total Returns Index Values,https://www.niftyindices.com/reports/historical-data
2020-07-13,15254.09,Nifty Indices Historical Data — Total Returns Index Values,https://www.niftyindices.com/reports/historical-data
2020-07-14,14978.23,Nifty Indices Historical Data — Total Returns Index Values,https://www.niftyindices.com/reports/historical-data
2020-07-15,14993.52,Nifty Indices Historical Data — Total Returns Index Values,https://www.niftyindices.com/reports/historical-data
2020-07-16,15167.99,Nifty Indices Historical Data — Total Returns Index Values,https://www.niftyindices.com/reports/historical-data
2020-07-17,15396.44,Nifty Indices Historical Data — Total Returns Index Values,https://www.niftyindices.com/reports/historical-data
2020-07-20,15566.56,Nifty Indices Historical Data — Total Returns Index Values,https://www.niftyindices.com/reports/historical-data
2020-07-21,15764.41,Nifty Indices Historical Data — Total Returns Index Values,https://www.niftyindices.com/reports/historical-data
2020-07-22,15722.51,Nifty Indices Historical Data — Total Returns Index Values,https://www.niftyindices.com/reports/historical-data
2020-07-23,15841.48,Nifty Indices Historical Data — Total Returns Index Values,https://www.niftyindices.com/reports/historical-data
2020-07-24,15811.4,Nifty Indices Historical Data — Total Returns Index Values,https://www.niftyindices.com/reports/historical-data
2020-07-27,15723.39,Nifty Indices Historical Data — Total Returns Index Values,https://www.niftyindices.com/reports/historical-data
2020-07-28,15961.7,Nifty Indices Historical Data — Total Returns Index Values,https://www.niftyindices.com/reports/historical-data
2020-07-29,15824.19,Nifty Indices Historical Data — Total Returns Index Values,https://www.niftyindices.com/reports/historical-data
2020-07-30,15685.92,Nifty Indices Historical Data — Total Returns Index Values,https://www.niftyindices.com/reports/historical-data
2020-07-31,15645.34,Nifty Indices Historical Data — Total Returns Index Values,https://www.niftyindices.com/reports/historical-data
2020-08-03,15388.98,Nifty Indices Historical Data — Total Returns Index Values,https://www.niftyindices.com/reports/historical-data
2020-08-04,15676.74,Nifty Indices Historical Data — Total Returns Index Values,https://www.niftyindices.com/reports/historical-data
2020-08-05,15689.69,Nifty Indices Historical Data — Total Returns Index Values,https://www.niftyindices.com/reports/historical-data
2020-08-06,15833.02,Nifty Indices Historical Data — Total Returns Index Values,https://www.niftyindices.com/reports/historical-data
2020-08-07,15852.65,Nifty Indices Historical Data — Total Returns Index Values,https://www.niftyindices.com/reports/historical-data
2020-08-10,15931.97,Nifty Indices Historical Data — Total Returns Index Values,https://www.niftyindices.com/reports/historical-data
2020-08-11,16005.99,Nifty Indices Historical Data — Total Returns Index Values,https://www.niftyindices.com/reports/historical-data
2020-08-12,15986.03,Nifty Indices Historical Data — Total Returns Index Values,https://www.niftyindices.com/reports/historical-data
2020-08-13,15981.73,Nifty Indices Historical Data — Total Returns Index Values,https://www.niftyindices.com/reports/historical-data
2020-08-14,15809.17,Nifty Indices Historical Data — Total Returns Index Values,https://www.niftyindices.com/reports/historical-data
2020-08-17,15906.29,Nifty Indices Historical Data — Total Returns Index Values,https://www.niftyindices.com/reports/historical-data
2020-08-18,16101.86,Nifty Indices Historical Data — Total Returns Index Values,https://www.niftyindices.com/reports/historical-data
2020-08-19,16135.89,Nifty Indices Historical Data — Total Returns Index Values,https://www.niftyindices.com/reports/historical-data
2020-08-20,15999.86,Nifty Indices Historical Data — Total Returns Index Values,https://www.niftyindices.com/reports/historical-data
2020-08-21,16083.84,Nifty Indices Historical Data — Total Returns Index Values,https://www.niftyindices.com/reports/historical-data
2020-08-24,16218.02,Nifty Indices Historical Data — Total Returns Index Values,https://www.niftyindices.com/reports/historical-data
2020-08-25,16226.2,Nifty Indices Historical Data — Total Returns Index Values,https://www.niftyindices.com/reports/historical-data
2020-08-26,16339.41,Nifty Indices Historical Data — Total Returns Index Values,https://www.niftyindices.com/reports/historical-data
2020-08-27,16353.08,Nifty Indices Historical Data — Total Returns Index Values,https://www.niftyindices.com/reports/historical-data
2020-08-28,16478.01,Nifty Indices Historical Data — Total Returns Index Values,https://www.niftyindices.com/reports/historical-data
2020-08-31,16110.07,Nifty Indices Historical Data — Total Returns Index Values,https://www.niftyindices.com/reports/historical-data
2020-09-01,16227.14,Nifty Indices Historical Data — Total Returns Index Values,https://www.niftyindices.com/reports/historical-data
2020-09-02,16322.17,Nifty Indices Historical Data — Total Returns Index Values,https://www.niftyindices.com/reports/historical-data
2020-09-03,16311.99,Nifty Indices Historical Data — Total Returns Index Values,https://www.niftyindices.com/reports/historical-data
2020-09-04,16038.07,Nifty Indices Historical Data — Total Returns Index Values,https://www.niftyindices.com/reports/historical-data
2020-09-07,16068.06,Nifty Indices Historical Data — Total Returns Index Values,https://www.niftyindices.com/reports/historical-data
2020-09-08,16014.67,Nifty Indices Historical Data — Total Returns Index Values,https://www.niftyindices.com/reports/historical-data
2020-09-09,15958.99,Nifty Indices Historical Data — Total Returns Index Values,https://www.niftyindices.com/reports/historical-data
2020-09-10,16201.44,Nifty Indices Historical Data — Total Returns Index Values,https://www.niftyindices.com/reports/historical-data
2020-09-11,16222.92,Nifty Indices Historical Data — Total Returns Index Values,https://www.niftyindices.com/reports/historical-data
2020-09-14,16189.14,Nifty Indices Historical Data — Total Returns Index Values,https://www.niftyindices.com/reports/historical-data
2020-09-15,16304.84,Nifty Indices Historical Data — Total Returns Index Values,https://www.niftyindices.com/reports/historical-data
2020-09-16,16421.95,Nifty Indices Historical Data — Total Returns Index Values,https://www.niftyindices.com/reports/historical-data
2020-09-17,16296.78,Nifty Indices Historical Data — Total Returns Index Values,https://www.niftyindices.com/reports/historical-data
2020-09-18,16281.0,Nifty Indices Historical Data — Total Returns Index Values,https://www.niftyindices.com/reports/historical-data
2020-09-21,15920.99,Nifty Indices Historical Data — Total Returns Index Values,https://www.niftyindices.com/reports/historical-data
2020-09-22,15783.87,Nifty Indices Historical Data — Total Returns Index Values,https://www.niftyindices.com/reports/historical-data
2020-09-23,15752.97,Nifty Indices Historical Data — Total Returns Index Values,https://www.niftyindices.com/reports/historical-data
2020-09-24,15291.25,Nifty Indices Historical Data — Total Returns Index Values,https://www.niftyindices.com/reports/historical-data
2020-09-25,15637.53,Nifty Indices Historical Data — Total Returns Index Values,https://www.niftyindices.com/reports/historical-data
2020-09-28,15888.44,Nifty Indices Historical Data — Total Returns Index Values,https://www.niftyindices.com/reports/historical-data
2020-09-29,15881.16,Nifty Indices Historical Data — Total Returns Index Values,https://www.niftyindices.com/reports/historical-data
2020-09-30,15916.72,Nifty Indices Historical Data — Total Returns Index Values,https://www.niftyindices.com/reports/historical-data
2020-10-01,16156.44,Nifty Indices Historical Data — Total Returns Index Values,https://www.niftyindices.com/reports/historical-data
2020-10-05,16278.72,Nifty Indices Historical Data — Total Returns Index Values,https://www.niftyindices.com/reports/historical-data
2020-10-06,16503.77,Nifty Indices Historical Data — Total Returns Index Values,https://www.niftyindices.com/reports/historical-data
2020-10-07,16611.96,Nifty Indices Historical Data — Total Returns Index Values,https://www.niftyindices.com/reports/historical-data
2020-10-08,16747.48,Nifty Indices Historical Data — Total Returns Index Values,https://www.niftyindices.com/reports/historical-data
2020-10-09,16860.11,Nifty Indices Historical Data — Total Returns Index Values,https://www.niftyindices.com/reports/historical-data
2020-10-12,16883.84,Nifty Indices Historical Data — Total Returns Index Values,https://www.niftyindices.com/reports/historical-data
2020-10-13,16888.87,Nifty Indices Historical Data — Total Returns Index Values,https://www.niftyindices.com/reports/historical-data
2020-10-14,16944.73,Nifty Indices Historical Data — Total Returns Index Values,https://www.niftyindices.com/reports/historical-data
2020-10-15,16533.24,Nifty Indices Historical Data — Total Returns Index Values,https://www.niftyindices.com/reports/historical-data
2020-10-16,16649.46,Nifty Indices Historical Data — Total Returns Index Values,https://www.niftyindices.com/reports/historical-data
2020-10-19,16805.97,Nifty Indices Historical Data — Total Returns Index Values,https://www.niftyindices.com/reports/historical-data
2020-10-20,16839.6,Nifty Indices Historical Data — Total Returns Index Values,https://www.niftyindices.com/reports/historical-data
2020-10-21,16897.43,Nifty Indices Historical Data — Total Returns Index Values,https://www.niftyindices.com/reports/historical-data
2020-10-22,16840.52,Nifty Indices Historical Data — Total Returns Index Values,https://www.niftyindices.com/reports/historical-data
2020-10-23,16902.96,Nifty Indices Historical Data — Total Returns Index Values,https://www.niftyindices.com/reports/historical-data
2020-10-26,16672.62,Nifty Indices Historical Data — Total Returns Index Values,https://www.niftyindices.com/reports/historical-data
2020-10-27,16844.96,Nifty Indices Historical Data — Total Returns Index Values,https://www.niftyindices.com/reports/historical-data
2020-10-28,16623.13,Nifty Indices Historical Data — Total Returns Index Values,https://www.niftyindices.com/reports/historical-data
2020-10-29,16544.45,Nifty Indices Historical Data — Total Returns Index Values,https://www.niftyindices.com/reports/historical-data
2020-10-30,16504.16,Nifty Indices Historical Data — Total Returns Index Values,https://www.niftyindices.com/reports/historical-data
2020-11-02,16542.08,Nifty Indices Historical Data — Total Returns Index Values,https://www.niftyindices.com/reports/historical-data
2020-11-03,16746.75,Nifty Indices Historical Data — Total Returns Index Values,https://www.niftyindices.com/reports/historical-data
2020-11-04,16888.65,Nifty Indices Historical Data — Total Returns Index Values,https://www.niftyindices.com/reports/historical-data
2020-11-05,17189.03,Nifty Indices Historical Data — Total Returns Index Values,https://www.niftyindices.com/reports/historical-data
2020-11-06,17392.14,Nifty Indices Historical Data — Total Returns Index Values,https://www.niftyindices.com/reports/historical-data
2020-11-09,17672.25,Nifty Indices Historical Data — Total Returns Index Values,https://www.niftyindices.com/reports/historical-data
2020-11-10,17913.4,Nifty Indices Historical Data — Total Returns Index Values,https://www.niftyindices.com/reports/historical-data
2020-11-11,18080.84,Nifty Indices Historical Data — Total Returns Index Values,https://www.niftyindices.com/reports/historical-data
2020-11-12,17998.11,Nifty Indices Historical Data — Total Returns Index Values,https://www.niftyindices.com/reports/historical-data
2020-11-13,18039.44,Nifty Indices Historical Data — Total Returns Index Values,https://www.niftyindices.com/reports/historical-data
2020-11-14,18124.93,Nifty Indices Historical Data — Total Returns Index Values,https://www.niftyindices.com/reports/historical-data
2020-11-17,18258.23,Nifty Indices Historical Data — Total Returns Index Values,https://www.niftyindices.com/reports/historical-data
2020-11-18,18349.02,Nifty Indices Historical Data — Total Returns Index Values,https://www.niftyindices.com/reports/historical-data
2020-11-19,18112.83,Nifty Indices Historical Data — Total Returns Index Values,https://www.niftyindices.com/reports/historical-data
2020-11-20,18236.68,Nifty Indices Historical Data — Total Returns Index Values,https://www.niftyindices.com/reports/historical-data
2020-11-23,18332.33,Nifty Indices Historical Data — Total Returns Index Values,https://www.niftyindices.com/reports/historical-data
2020-11-24,18514.82,Nifty Indices Historical Data — Total Returns Index Values,https://www.niftyindices.com/reports/historical-data
2020-11-25,18235.76,Nifty Indices Historical Data — Total Returns Index Values,https://www.niftyindices.com/reports/historical-data
2020-11-26,18418.16,Nifty Indices Historical Data — Total Returns Index Values,https://www.niftyindices.com/reports/historical-data
2020-11-27,18392.54,Nifty Indices Historical Data — Total Returns Index Values,https://www.niftyindices.com/reports/historical-data
2020-12-01,18591.25,Nifty Indices Historical Data — Total Returns Index Values,https://www.niftyindices.com/reports/historical-data
2020-12-02,18597.9,Nifty Indices Historical Data — Total Returns Index Values,https://www.niftyindices.com/reports/historical-data
2020-12-03,18626.53,Nifty Indices Historical Data — Total Returns Index Values,https://www.niftyindices.com/reports/historical-data
2020-12-04,18803.27,Nifty Indices Historical Data — Total Returns Index Values,https://www.niftyindices.com/reports/historical-data
2020-12-07,18941.15,Nifty Indices Historical Data — Total Returns Index Values,https://www.niftyindices.com/reports/historical-data
2020-12-08,18993.86,Nifty Indices Historical Data — Total Returns Index Values,https://www.niftyindices.com/reports/historical-data
2020-12-09,19186.95,Nifty Indices Historical Data — Total Returns Index Values,https://www.niftyindices.com/reports/historical-data
2020-12-10,19114.96,Nifty Indices Historical Data — Total Returns Index Values,https://www.niftyindices.com/reports/historical-data
2020-12-11,19165.33,Nifty Indices Historical Data — Total Returns Index Values,https://www.niftyindices.com/reports/historical-data
2020-12-14,19228.16,Nifty Indices Historical Data — Total Returns Index Values,https://www.niftyindices.com/reports/historical-data
2020-12-15,19241.9,Nifty Indices Historical Data — Total Returns Index Values,https://www.niftyindices.com/reports/historical-data
2020-12-16,19404.8,Nifty Indices Historical Data — Total Returns Index Values,https://www.niftyindices.com/reports/historical-data
2020-12-17,19491.3,Nifty Indices Historical Data — Total Returns Index Values,https://www.niftyindices.com/reports/historical-data
2020-12-18,19519.42,Nifty Indices Historical Data — Total Returns Index Values,https://www.niftyindices.com/reports/historical-data
2020-12-21,18906.45,Nifty Indices Historical Data — Total Returns Index Values,https://www.niftyindices.com/reports/historical-data
2020-12-22,19102.06,Nifty Indices Historical Data — Total Returns Index Values,https://www.niftyindices.com/reports/historical-data
2020-12-23,19293.26,Nifty Indices Historical Data — Total Returns Index Values,https://www.niftyindices.com/reports/historical-data
2020-12-24,19503.4,Nifty Indices Historical Data — Total Returns Index Values,https://www.niftyindices.com/reports/historical-data
2020-12-28,19679.24,Nifty Indices Historical Data — Total Returns Index Values,https://www.niftyindices.com/reports/historical-data
2020-12-29,19763.51,Nifty Indices Historical Data — Total Returns Index Values,https://www.niftyindices.com/reports/historical-data
2020-12-30,19833.53,Nifty Indices Historical Data — Total Returns Index Values,https://www.niftyindices.com/reports/historical-data
2020-12-31,19833.19,Nifty Indices Historical Data — Total Returns Index Values,https://www.niftyindices.com/reports/historical-data
2021-01-01,19885.36,Nifty Indices Historical Data — Total Returns Index Values,https://www.niftyindices.com/reports/historical-data
2021-01-04,20047.61,Nifty Indices Historical Data — Total Returns Index Values,https://www.niftyindices.com/reports/historical-data
2021-01-05,20142.13,Nifty Indices Historical Data — Total Returns Index Values,https://www.niftyindices.com/reports/historical-data
2021-01-06,20066.56,Nifty Indices Historical Data — Total Returns Index Values,https://www.niftyindices.com/reports/historical-data
2021-01-07,20053.97,Nifty Indices Historical Data — Total Returns Index Values,https://www.niftyindices.com/reports/historical-data
2021-01-08,20351.67,Nifty Indices Historical Data — Total Returns Index Values,https://www.niftyindices.com/reports/historical-data
2021-01-11,20546.74,Nifty Indices Historical Data — Total Returns Index Values,https://www.niftyindices.com/reports/historical-data
2021-01-12,20658.34,Nifty Indices Historical Data — Total Returns Index Values,https://www.niftyindices.com/reports/historical-data
2021-01-13,20660.35,Nifty Indices Historical Data — Total Returns Index Values,https://www.niftyindices.com/reports/historical-data
2021-01-14,20706.07,Nifty Indices Historical Data — Total Returns Index Values,https://www.niftyindices.com/reports/historical-data
2021-01-15,20476.38,Nifty Indices Historical Data — Total Returns Index Values,https://www.niftyindices.com/reports/historical-data
2021-01-18,20260.18,Nifty Indices Historical Data — Total Returns Index Values,https://www.niftyindices.com/reports/historical-data
2021-01-19,20600.41,Nifty Indices Historical Data — Total Returns Index Values,https://www.niftyindices.com/reports/historical-data
2021-01-20,20775.67,Nifty Indices Historical Data — Total Returns Index Values,https://www.niftyindices.com/reports/historical-data
2021-01-21,20700.02,Nifty Indices Historical Data — Total Returns Index Values,https://www.niftyindices.com/reports/historical-data
2021-01-22,20390.57,Nifty Indices Historical Data — Total Returns Index Values,https://www.niftyindices.com/reports/historical-data
2021-01-25,20201.9,Nifty Indices Historical Data — Total Returns Index Values,https://www.niftyindices.com/reports/historical-data
2021-01-27,19818.34,Nifty Indices Historical Data — Total Returns Index Values,https://www.niftyindices.com/reports/historical-data
2021-01-28,19605.59,Nifty Indices Historical Data — Total Returns Index Values,https://www.niftyindices.com/reports/historical-data
2021-01-29,19346.03,Nifty Indices Historical Data — Total Returns Index Values,https://www.niftyindices.com/reports/historical-data
2021-02-01,20263.44,Nifty Indices Historical Data — Total Returns Index Values,https://www.niftyindices.com/reports/historical-data
2021-02-02,20783.69,Nifty Indices Historical Data — Total Returns Index Values,https://www.niftyindices.com/reports/historical-data
2021-02-03,20985.32,Nifty Indices Historical Data — Total Returns Index Values,https://www.niftyindices.com/reports/historical-data
2021-02-04,21135.31,Nifty Indices Historical Data — Total Returns Index Values,https://www.niftyindices.com/reports/historical-data
2021-02-05,21175.89,Nifty Indices Historical Data — Total Returns Index Values,https://www.niftyindices.com/reports/historical-data
2021-02-08,21447.64,Nifty Indices Historical Data — Total Returns Index Values,https://www.niftyindices.com/reports/historical-data
2021-02-09,21440.42,Nifty Indices Historical Data — Total Returns Index Values,https://www.niftyindices.com/reports/historical-data
2021-02-10,21436.44,Nifty Indices Historical Data — Total Returns Index Values,https://www.niftyindices.com/reports/historical-data
2021-02-11,21536.0,Nifty Indices Historical Data — Total Returns Index Values,https://www.niftyindices.com/reports/historical-data
2021-02-12,21521.82,Nifty Indices Historical Data — Total Returns Index Values,https://www.niftyindices.com/reports/historical-data
2021-02-15,21739.69,Nifty Indices Historical Data — Total Returns Index Values,https://www.niftyindices.com/reports/historical-data
2021-02-16,21737.9,Nifty Indices Historical Data — Total Returns Index Values,https://www.niftyindices.com/reports/historical-data
2021-02-17,21595.82,Nifty Indices Historical Data — Total Returns Index Values,https://www.niftyindices.com/reports/historical-data
2021-02-18,21468.11,Nifty Indices Historical Data — Total Returns Index Values,https://www.niftyindices.com/reports/historical-data
2021-02-19,21273.28,Nifty Indices Historical Data — Total Returns Index Values,https://www.niftyindices.com/reports/historical-data
2021-02-22,20853.12,Nifty Indices Historical Data — Total Returns Index Values,https://www.niftyindices.com/reports/historical-data
2021-02-23,20898.75,Nifty Indices Historical Data — Total Returns Index Values,https://www.niftyindices.com/reports/historical-data
2021-02-24,21288.35,Nifty Indices Historical Data — Total Returns Index Values,https://www.niftyindices.com/reports/historical-data
2021-02-25,21452.24,Nifty Indices Historical Data — Total Returns Index Values,https://www.niftyindices.com/reports/historical-data
2021-02-26,20644.88,Nifty Indices Historical Data — Total Returns Index Values,https://www.niftyindices.com/reports/historical-data
2021-03-01,20975.08,Nifty Indices Historical Data — Total Returns Index Values,https://www.niftyindices.com/reports/historical-data
2021-03-02,21198.93,Nifty Indices Historical Data — Total Returns Index Values,https://www.niftyindices.com/reports/historical-data
2021-03-03,21662.92,Nifty Indices Historical Data — Total Returns Index Values,https://www.niftyindices.com/reports/historical-data
2021-03-04,21428.63,Nifty Indices Historical Data — Total Returns Index Values,https://www.niftyindices.com/reports/historical-data
2021-03-05,21225.94,Nifty Indices Historical Data — Total Returns Index Values,https://www.niftyindices.com/reports/historical-data
2021-03-08,21255.06,Nifty Indices Historical Data — Total Returns Index Values,https://www.niftyindices.com/reports/historical-data
2021-03-09,21457.17,Nifty Indices Historical Data — Total Returns Index Values,https://www.niftyindices.com/reports/historical-data
2021-03-10,21565.72,Nifty Indices Historical Data — Total Returns Index Values,https://www.niftyindices.com/reports/historical-data
2021-03-12,21361.29,Nifty Indices Historical Data — Total Returns Index Values,https://www.niftyindices.com/reports/historical-data
2021-03-15,21220.59,Nifty Indices Historical Data — Total Returns Index Values,https://www.niftyindices.com/reports/historical-data
2021-03-16,21193.46,Nifty Indices Historical Data — Total Returns Index Values,https://www.niftyindices.com/reports/historical-data
2021-03-17,20924.61,Nifty Indices Historical Data — Total Returns Index Values,https://www.niftyindices.com/reports/historical-data
2021-03-18,20692.34,Nifty Indices Historical Data — Total Returns Index Values,https://www.niftyindices.com/reports/historical-data
2021-03-19,20956.87,Nifty Indices Historical Data — Total Returns Index Values,https://www.niftyindices.com/reports/historical-data
2021-03-22,20947.65,Nifty Indices Historical Data — Total Returns Index Values,https://www.niftyindices.com/reports/historical-data
2021-03-23,21061.52,Nifty Indices Historical Data — Total Returns Index Values,https://www.niftyindices.com/reports/historical-data
2021-03-24,20684.27,Nifty Indices Historical Data — Total Returns Index Values,https://www.niftyindices.com/reports/historical-data
2021-03-25,20366.42,Nifty Indices Historical Data — Total Returns Index Values,https://www.niftyindices.com/reports/historical-data
2021-03-26,20625.79,Nifty Indices Historical Data — Total Returns Index Values,https://www.niftyindices.com/reports/historical-data
2021-03-30,21106.06,Nifty Indices Historical Data — Total Returns Index Values,https://www.niftyindices.com/reports/historical-data
2021-03-31,20886.52,Nifty Indices Historical Data — Total Returns Index Values,https://www.niftyindices.com/reports/historical-data
2021-04-01,21137.69,Nifty Indices Historical Data — Total Returns Index Values,https://www.niftyindices.com/reports/historical-data
2021-04-05,20811.61,Nifty Indices Historical Data — Total Returns Index Values,https://www.niftyindices.com/reports/historical-data
2021-04-06,20876.57,Nifty Indices Historical Data — Total Returns Index Values,https://www.niftyindices.com/reports/historical-data
2021-04-07,21069.32,Nifty Indices Historical Data — Total Returns Index Values,https://www.niftyindices.com/reports/historical-data
2021-04-08,21149.59,Nifty Indices Historical Data — Total Returns Index Values,https://www.niftyindices.com/reports/historical-data
2021-04-09,21094.17,Nifty Indices Historical Data — Total Returns Index Values,https://www.niftyindices.com/reports/historical-data
2021-04-12,20348.99,Nifty Indices Historical Data — Total Returns Index Values,https://www.niftyindices.com/reports/historical-data
2021-04-13,20624.86,Nifty Indices Historical Data — Total Returns Index Values,https://www.niftyindices.com/reports/historical-data
2021-04-15,20733.88,Nifty Indices Historical Data — Total Returns Index Values,https://www.niftyindices.com/reports/historical-data
2021-04-16,20785.61,Nifty Indices Historical Data — Total Returns Index Values,https://www.niftyindices.com/reports/historical-data
2021-04-19,20418.16,Nifty Indices Historical Data — Total Returns Index Values,https://www.niftyindices.com/reports/historical-data
2021-04-20,20328.55,Nifty Indices Historical Data — Total Returns Index Values,https://www.niftyindices.com/reports/historical-data
2021-04-22,20484.63,Nifty Indices Historical Data — Total Returns Index Values,https://www.niftyindices.com/reports/historical-data
2021-04-23,20392.44,Nifty Indices Historical Data — Total Returns Index Values,https://www.niftyindices.com/reports/historical-data
2021-04-26,20596.72,Nifty Indices Historical Data — Total Returns Index Values,https://www.niftyindices.com/reports/historical-data
2021-04-27,20835.67,Nifty Indices Historical Data — Total Returns Index Values,https://www.niftyindices.com/reports/historical-data
2021-04-28,21136.41,Nifty Indices Historical Data — Total Returns Index Values,https://www.niftyindices.com/reports/historical-data
2021-04-29,21186.3,Nifty Indices Historical Data — Total Returns Index Values,https://www.niftyindices.com/reports/historical-data
2021-04-30,20811.13,Nifty Indices Historical Data — Total Returns Index Values,https://www.niftyindices.com/reports/historical-data
2021-05-03,20815.43,Nifty Indices Historical Data — Total Returns Index Values,https://www.niftyindices.com/reports/historical-data
2021-05-04,20619.62,Nifty Indices Historical Data — Total Returns Index Values,https://www.niftyindices.com/reports/historical-data
2021-05-05,20792.24,Nifty Indices Historical Data — Total Returns Index Values,https://www.niftyindices.com/reports/historical-data
2021-05-06,20944.41,Nifty Indices Historical Data — Total Returns Index Values,https://www.niftyindices.com/reports/historical-data
2021-05-07,21084.26,Nifty Indices Historical Data — Total Returns Index Values,https://www.niftyindices.com/reports/historical-data
2021-05-10,21253.8,Nifty Indices Historical Data — Total Returns Index Values,https://www.niftyindices.com/reports/historical-data
2021-05-11,21123.53,Nifty Indices Historical Data — Total Returns Index Values,https://www.niftyindices.com/reports/historical-data
2021-05-12,20904.13,Nifty Indices Historical Data — Total Returns Index Values,https://www.niftyindices.com/reports/historical-data
2021-05-14,20877.56,Nifty Indices Historical Data — Total Returns Index Values,https://www.niftyindices.com/reports/historical-data
2021-05-17,21226.53,Nifty Indices Historical Data — Total Returns Index Values,https://www.niftyindices.com/reports/historical-data
2021-05-18,21489.56,Nifty Indices Historical Data — Total Returns Index Values,https://www.niftyindices.com/reports/historical-data
2021-05-19,21378.71,Nifty Indices Historical Data — Total Returns Index Values,https://www.niftyindices.com/reports/historical-data
2021-05-20,21202.21,Nifty Indices Historical Data — Total Returns Index Values,https://www.niftyindices.com/reports/historical-data
2021-05-21,21585.18,Nifty Indices Historical Data — Total Returns Index Values,https://www.niftyindices.com/reports/historical-data
2021-05-24,21617.03,Nifty Indices Historical Data — Total Returns Index Values,https://www.niftyindices.com/reports/historical-data
2021-05-25,21639.04,Nifty Indices Historical Data — Total Returns Index Values,https://www.niftyindices.com/reports/historical-data
2021-05-26,21771.35,Nifty Indices Historical Data — Total Returns Index Values,https://www.niftyindices.com/reports/historical-data
2021-05-27,21823.14,Nifty Indices Historical Data — Total Returns Index Values,https://www.niftyindices.com/reports/historical-data
2021-05-28,21962.31,Nifty Indices Historical Data — Total Returns Index Values,https://www.niftyindices.com/reports/historical-data
2021-05-31,22203.59,Nifty Indices Historical Data — Total Returns Index Values,https://www.niftyindices.com/reports/historical-data
2021-06-01,22192.25,Nifty Indices Historical Data — Total Returns Index Values,https://www.niftyindices.com/reports/historical-data
2021-06-02,22194.18,Nifty Indices Historical Data — Total Returns Index Values,https://www.niftyindices.com/reports/historical-data
2021-06-03,22361.86,Nifty Indices Historical Data — Total Returns Index Values,https://www.niftyindices.com/reports/historical-data
2021-06-04,22333.23,Nifty Indices Historical Data — Total Returns Index Values,https://www.niftyindices.com/reports/historical-data
2021-06-07,22449.24,Nifty Indices Historical Data — Total Returns Index Values,https://www.niftyindices.com/reports/historical-data
2021-06-08,22432.77,Nifty Indices Historical Data — Total Returns Index Values,https://www.niftyindices.com/reports/historical-data
2021-06-09,22283.52,Nifty Indices Historical Data — Total Returns Index Values,https://www.niftyindices.com/reports/historical-data
2021-06-10,22448.94,Nifty Indices Historical Data — Total Returns Index Values,https://www.niftyindices.com/reports/historical-data
2021-06-11,22544.26,Nifty Indices Historical Data — Total Returns Index Values,https://www.niftyindices.com/reports/historical-data
2021-06-14,22567.11,Nifty Indices Historical Data — Total Returns Index Values,https://www.niftyindices.com/reports/historical-data
2021-06-15,22649.05,Nifty Indices Historical Data — Total Returns Index Values,https://www.niftyindices.com/reports/historical-data
2021-06-16,22503.9,Nifty Indices Historical Data — Total Returns Index Values,https://www.niftyindices.com/reports/historical-data
2021-06-17,22401.65,Nifty Indices Historical Data — Total Returns Index Values,https://www.niftyindices.com/reports/historical-data
2021-06-18,22390.11,Nifty Indices Historical Data — Total Returns Index Values,https://www.niftyindices.com/reports/historical-data
2021-06-21,22480.3,Nifty Indices Historical Data — Total Returns Index Values,https://www.niftyindices.com/reports/historical-data
2021-06-22,22517.74,Nifty Indices Historical Data — Total Returns Index Values,https://www.niftyindices.com/reports/historical-data
2021-06-23,22395.25,Nifty Indices Historical Data — Total Returns Index Values,https://www.niftyindices.com/reports/historical-data
2021-06-24,22544.26,Nifty Indices Historical Data — Total Returns Index Values,https://www.niftyindices.com/reports/historical-data
2021-06-25,22644.06,Nifty Indices Historical Data — Total Returns Index Values,https://www.niftyindices.com/reports/historical-data
2021-06-28,22578.86,Nifty Indices Historical Data — Total Returns Index Values,https://www.niftyindices.com/reports/historical-data
2021-06-29,22493.6,Nifty Indices Historical Data — Total Returns Index Values,https://www.niftyindices.com/reports/historical-data
2021-06-30,22455.7,Nifty Indices Historical Data — Total Returns Index Values,https://www.niftyindices.com/reports/historical-data
2021-07-01,22396.4,Nifty Indices Historical Data — Total Returns Index Values,https://www.niftyindices.com/reports/historical-data
2021-07-02,22456.66,Nifty Indices Historical Data — Total Returns Index Values,https://www.niftyindices.com/reports/historical-data
2021-07-05,22618.97,Nifty Indices Historical Data — Total Returns Index Values,https://www.niftyindices.com/reports/historical-data
2021-07-06,22595.93,Nifty Indices Historical Data — Total Returns Index Values,https://www.niftyindices.com/reports/historical-data
2021-07-07,22683.66,Nifty Indices Historical Data — Total Returns Index Values,https://www.niftyindices.com/reports/historical-data
2021-07-08,22473.81,Nifty Indices Historical Data — Total Returns Index Values,https://www.niftyindices.com/reports/historical-data
2021-07-09,22420.36,Nifty Indices Historical Data — Total Returns Index Values,https://www.niftyindices.com/reports/historical-data
2021-07-12,22424.39,Nifty Indices Historical Data — Total Returns Index Values,https://www.niftyindices.com/reports/historical-data
2021-07-13,22595.49,Nifty Indices Historical Data — Total Returns Index Values,https://www.niftyindices.com/reports/historical-data
2021-07-14,22656.78,Nifty Indices Historical Data — Total Returns Index Values,https://www.niftyindices.com/reports/historical-data
2021-07-15,22762.34,Nifty Indices Historical Data — Total Returns Index Values,https://www.niftyindices.com/reports/historical-data
2021-07-16,22761.2,Nifty Indices Historical Data — Total Returns Index Values,https://www.niftyindices.com/reports/historical-data
2021-07-19,22516.71,Nifty Indices Historical Data — Total Returns Index Values,https://www.niftyindices.com/reports/historical-data
2021-07-20,22344.81,Nifty Indices Historical Data — Total Returns Index Values,https://www.niftyindices.com/reports/historical-data
2021-07-22,22621.45,Nifty Indices Historical Data — Total Returns Index Values,https://www.niftyindices.com/reports/historical-data
2021-07-23,22673.35,Nifty Indices Historical Data — Total Returns Index Values,https://www.niftyindices.com/reports/historical-data
2021-07-26,22628.19,Nifty Indices Historical Data — Total Returns Index Values,https://www.niftyindices.com/reports/historical-data
2021-07-27,22518.8,Nifty Indices Historical Data — Total Returns Index Values,https://www.niftyindices.com/reports/historical-data
2021-07-28,22472.95,Nifty Indices Historical Data — Total Returns Index Values,https://www.niftyindices.com/reports/historical-data
2021-07-29,22576.34,Nifty Indices Historical Data — Total Returns Index Values,https://www.niftyindices.com/reports/historical-data
2021-07-30,22554.26,Nifty Indices Historical Data — Total Returns Index Values,https://www.niftyindices.com/reports/historical-data
2021-08-02,22730.42,Nifty Indices Historical Data — Total Returns Index Values,https://www.niftyindices.com/reports/historical-data
2021-08-03,23081.86,Nifty Indices Historical Data — Total Returns Index Values,https://www.niftyindices.com/reports/historical-data
2021-08-04,23265.07,Nifty Indices Historical Data — Total Returns Index Values,https://www.niftyindices.com/reports/historical-data
2021-08-05,23319.53,Nifty Indices Historical Data — Total Returns Index Values,https://www.niftyindices.com/reports/historical-data
2021-08-06,23238.83,Nifty Indices Historical Data — Total Returns Index Values,https://www.niftyindices.com/reports/historical-data
2021-08-09,23269.12,Nifty Indices Historical Data — Total Returns Index Values,https://www.niftyindices.com/reports/historical-data
2021-08-10,23300.36,Nifty Indices Historical Data — Total Returns Index Values,https://www.niftyindices.com/reports/historical-data
2021-08-11,23303.89,Nifty Indices Historical Data — Total Returns Index Values,https://www.niftyindices.com/reports/historical-data
2021-08-12,23424.04,Nifty Indices Historical Data — Total Returns Index Values,https://www.niftyindices.com/reports/historical-data
2021-08-13,23659.78,Nifty Indices Historical Data — Total Returns Index Values,https://www.niftyindices.com/reports/historical-data
2021-08-16,23708.38,Nifty Indices Historical Data — Total Returns Index Values,https://www.niftyindices.com/reports/historical-data
2021-08-17,23784.05,Nifty Indices Historical Data — Total Returns Index Values,https://www.niftyindices.com/reports/historical-data
2021-08-18,23718.57,Nifty Indices Historical Data — Total Returns Index Values,https://www.niftyindices.com/reports/historical-data
2021-08-20,23549.09,Nifty Indices Historical Data — Total Returns Index Values,https://www.niftyindices.com/reports/historical-data
2021-08-23,23615.61,Nifty Indices Historical Data — Total Returns Index Values,https://www.niftyindices.com/reports/historical-data
2021-08-24,23799.1,Nifty Indices Historical Data — Total Returns Index Values,https://www.niftyindices.com/reports/historical-data
2021-08-25,23813.43,Nifty Indices Historical Data — Total Returns Index Values,https://www.niftyindices.com/reports/historical-data
2021-08-26,23816.68,Nifty Indices Historical Data — Total Returns Index Values,https://www.niftyindices.com/reports/historical-data
2021-08-27,23914.48,Nifty Indices Historical Data — Total Returns Index Values,https://www.niftyindices.com/reports/historical-data
2021-08-30,24237.8,Nifty Indices Historical Data — Total Returns Index Values,https://www.niftyindices.com/reports/historical-data
2021-08-31,24525.71,Nifty Indices Historical Data — Total Returns Index Values,https://www.niftyindices.com/reports/historical-data
2021-09-01,24445.62,Nifty Indices Historical Data — Total Returns Index Values,https://www.niftyindices.com/reports/historical-data
2021-09-02,24674.11,Nifty Indices Historical Data — Total Returns Index Values,https://www.niftyindices.com/reports/historical-data
2021-09-03,24802.17,Nifty Indices Historical Data — Total Returns Index Values,https://www.niftyindices.com/reports/historical-data
2021-09-06,24879.79,Nifty Indices Historical Data — Total Returns Index Values,https://www.niftyindices.com/reports/historical-data
2021-09-07,24857.27,Nifty Indices Historical Data — Total Returns Index Values,https://www.niftyindices.com/reports/historical-data
2021-09-08,24855.5,Nifty Indices Historical Data — Total Returns Index Values,https://www.niftyindices.com/reports/historical-data
2021-09-09,24878.09,Nifty Indices Historical Data — Total Returns Index Values,https://www.niftyindices.com/reports/historical-data
2021-09-13,24858.12,Nifty Indices Historical Data — Total Returns Index Values,https://www.niftyindices.com/reports/historical-data
2021-09-14,24893.51,Nifty Indices Historical Data — Total Returns Index Values,https://www.niftyindices.com/reports/historical-data
2021-09-15,25093.22,Nifty Indices Historical Data — Total Returns Index Values,https://www.niftyindices.com/reports/historical-data
2021-09-16,25250.87,Nifty Indices Historical Data — Total Returns Index Values,https://www.niftyindices.com/reports/historical-data
2021-09-17,25187.34,Nifty Indices Historical Data — Total Returns Index Values,https://www.niftyindices.com/reports/historical-data
2021-09-20,24917.72,Nifty Indices Historical Data — Total Returns Index Values,https://www.niftyindices.com/reports/historical-data
2021-09-21,25154.16,Nifty Indices Historical Data — Total Returns Index Values,https://www.niftyindices.com/reports/historical-data
2021-09-22,25132.15,Nifty Indices Historical Data — Total Returns Index Values,https://www.niftyindices.com/reports/historical-data
2021-09-23,25527.92,Nifty Indices Historical Data — Total Returns Index Values,https://www.niftyindices.com/reports/historical-data
2021-09-24,25571.24,Nifty Indices Historical Data — Total Returns Index Values,https://www.niftyindices.com/reports/historical-data
2021-09-27,25573.99,Nifty Indices Historical Data — Total Returns Index Values,https://www.niftyindices.com/reports/historical-data
2021-09-28,25421.46,Nifty Indices Historical Data — Total Returns Index Values,https://www.niftyindices.com/reports/historical-data
2021-09-29,25367.99,Nifty Indices Historical Data — Total Returns Index Values,https://www.niftyindices.com/reports/historical-data
2021-09-30,25234.57,Nifty Indices Historical Data — Total Returns Index Values,https://www.niftyindices.com/reports/historical-data
2021-10-01,25111.25,Nifty Indices Historical Data — Total Returns Index Values,https://www.niftyindices.com/reports/historical-data
2021-10-04,25339.32,Nifty Indices Historical Data — Total Returns Index Values,https://www.niftyindices.com/reports/historical-data
2021-10-05,25526.98,Nifty Indices Historical Data — Total Returns Index Values,https://www.niftyindices.com/reports/historical-data
2021-10-06,25274.48,Nifty Indices Historical Data — Total Returns Index Values,https://www.niftyindices.com/reports/historical-data
2021-10-07,25481.26,Nifty Indices Historical Data — Total Returns Index Values,https://www.niftyindices.com/reports/historical-data
2021-10-08,25631.38,Nifty Indices Historical Data — Total Returns Index Values,https://www.niftyindices.com/reports/historical-data
2021-10-11,25704.1,Nifty Indices Historical Data — Total Returns Index Values,https://www.niftyindices.com/reports/historical-data
2021-10-12,25770.01,Nifty Indices Historical Data — Total Returns Index Values,https://www.niftyindices.com/reports/historical-data
2021-10-13,26013.19,Nifty Indices Historical Data — Total Returns Index Values,https://www.niftyindices.com/reports/historical-data
2021-10-14,26268.83,Nifty Indices Historical Data — Total Returns Index Values,https://www.niftyindices.com/reports/historical-data
2021-10-18,26467.21,Nifty Indices Historical Data — Total Returns Index Values,https://www.niftyindices.com/reports/historical-data
2021-10-19,26383.71,Nifty Indices Historical Data — Total Returns Index Values,https://www.niftyindices.com/reports/historical-data
2021-10-20,26165.78,Nifty Indices Historical Data — Total Returns Index Values,https://www.niftyindices.com/reports/historical-data
2021-10-21,26042.59,Nifty Indices Historical Data — Total Returns Index Values,https://www.niftyindices.com/reports/historical-data
2021-10-22,25952.01,Nifty Indices Historical Data — Total Returns Index Values,https://www.niftyindices.com/reports/historical-data
2021-10-25,25967.04,Nifty Indices Historical Data — Total Returns Index Values,https://www.niftyindices.com/reports/historical-data
2021-10-26,26196.05,Nifty Indices Historical Data — Total Returns Index Values,https://www.niftyindices.com/reports/historical-data
2021-10-27,26113.62,Nifty Indices Historical Data — Total Returns Index Values,https://www.niftyindices.com/reports/historical-data
2021-10-28,25606.99,Nifty Indices Historical Data — Total Returns Index Values,https://www.niftyindices.com/reports/historical-data
2021-10-29,25340.83,Nifty Indices Historical Data — Total Returns Index Values,https://www.niftyindices.com/reports/historical-data
2021-11-01,25710.8,Nifty Indices Historical Data — Total Returns Index Values,https://www.niftyindices.com/reports/historical-data
2021-11-02,25655.51,Nifty Indices Historical Data — Total Returns Index Values,https://www.niftyindices.com/reports/historical-data
2021-11-03,25569.86,Nifty Indices Historical Data — Total Returns Index Values,https://www.niftyindices.com/reports/historical-data
2021-11-04,25695.5,Nifty Indices Historical Data — Total Returns Index Values,https://www.niftyindices.com/reports/historical-data
2021-11-08,25913.09,Nifty Indices Historical Data — Total Returns Index Values,https://www.niftyindices.com/reports/historical-data
2021-11-09,25878.28,Nifty Indices Historical Data — Total Returns Index Values,https://www.niftyindices.com/reports/historical-data
2021-11-10,25839.47,Nifty Indices Historical Data — Total Returns Index Values,https://www.niftyindices.com/reports/historical-data
2021-11-11,25639.32,Nifty Indices Historical Data — Total Returns Index Values,https://www.niftyindices.com/reports/historical-data
2021-11-12,25968.02,Nifty Indices Historical Data — Total Returns Index Values,https://www.niftyindices.com/reports/historical-data
2021-11-15,25977.61,Nifty Indices Historical Data — Total Returns Index Values,https://www.niftyindices.com/reports/historical-data
2021-11-16,25819.49,Nifty Indices Historical Data — Total Returns Index Values,https://www.niftyindices.com/reports/historical-data
2021-11-17,25675.2,Nifty Indices Historical Data — Total Returns Index Values,https://www.niftyindices.com/reports/historical-data
2021-11-18,25483.23,Nifty Indices Historical Data — Total Returns Index Values,https://www.niftyindices.com/reports/historical-data
2021-11-22,24990.27,Nifty Indices Historical Data — Total Returns Index Values,https://www.niftyindices.com/reports/historical-data
2021-11-23,25114.82,Nifty Indices Historical Data — Total Returns Index Values,https://www.niftyindices.com/reports/historical-data
2021-11-24,24988.18,Nifty Indices Historical Data — Total Returns Index Values,https://www.niftyindices.com/reports/historical-data
2021-11-25,25162.07,Nifty Indices Historical Data — Total Returns Index Values,https://www.niftyindices.com/reports/historical-data
2021-11-26,24430.53,Nifty Indices Historical Data — Total Returns Index Values,https://www.niftyindices.com/reports/historical-data
2021-11-29,24469.99,Nifty Indices Historical Data — Total Returns Index Values,https://www.niftyindices.com/reports/historical-data
2021-11-30,24368.53,Nifty Indices Historical Data — Total Returns Index Values,https://www.niftyindices.com/reports/historical-data
2021-12-01,24632.06,Nifty Indices Historical Data — Total Returns Index Values,https://www.niftyindices.com/reports/historical-data
2021-12-02,24968.91,Nifty Indices Historical Data — Total Returns Index Values,https://www.niftyindices.com/reports/historical-data
2021-12-03,24674.83,Nifty Indices Historical Data — Total Returns Index Values,https://www.niftyindices.com/reports/historical-data
2021-12-06,24266.71,Nifty Indices Historical Data — Total Returns Index Values,https://www.niftyindices.com/reports/historical-data
2021-12-07,24646.18,Nifty Indices Historical Data — Total Returns Index Values,https://www.niftyindices.com/reports/historical-data
2021-12-08,25066.62,Nifty Indices Historical Data — Total Returns Index Values,https://www.niftyindices.com/reports/historical-data
2021-12-09,25134.23,Nifty Indices Historical Data — Total Returns Index Values,https://www.niftyindices.com/reports/historical-data
2021-12-10,25126.24,Nifty Indices Historical Data — Total Returns Index Values,https://www.niftyindices.com/reports/historical-data
2021-12-13,24921.02,Nifty Indices Historical Data — Total Returns Index Values,https://www.niftyindices.com/reports/historical-data
2021-12-14,24858.79,Nifty Indices Historical Data — Total Returns Index Values,https://www.niftyindices.com/reports/historical-data
2021-12-15,24710.3,Nifty Indices Historical Data — Total Returns Index Values,https://www.niftyindices.com/reports/historical-data
2021-12-16,24749.01,Nifty Indices Historical Data — Total Returns Index Values,https://www.niftyindices.com/reports/historical-data
2021-12-17,24371.37,Nifty Indices Historical Data — Total Returns Index Values,https://www.niftyindices.com/reports/historical-data
2021-12-20,23839.01,Nifty Indices Historical Data — Total Returns Index Values,https://www.niftyindices.com/reports/historical-data
2021-12-21,24063.78,Nifty Indices Historical Data — Total Returns Index Values,https://www.niftyindices.com/reports/historical-data
2021-12-22,24336.62,Nifty Indices Historical Data — Total Returns Index Values,https://www.niftyindices.com/reports/historical-data
2021-12-23,24504.75,Nifty Indices Historical Data — Total Returns Index Values,https://www.niftyindices.com/reports/historical-data
2021-12-24,24405.96,Nifty Indices Historical Data — Total Returns Index Values,https://www.niftyindices.com/reports/historical-data
2021-12-27,24524.36,Nifty Indices Historical Data — Total Returns Index Values,https://www.niftyindices.com/reports/historical-data
2021-12-28,24735.32,Nifty Indices Historical Data — Total Returns Index Values,https://www.niftyindices.com/reports/historical-data
2021-12-29,24707.1,Nifty Indices Historical Data — Total Returns Index Values,https://www.niftyindices.com/reports/historical-data
2021-12-30,24693.25,Nifty Indices Historical Data — Total Returns Index Values,https://www.niftyindices.com/reports/historical-data
2021-12-31,24908.71,Nifty Indices Historical Data — Total Returns Index Values,https://www.niftyindices.com/reports/historical-data
2022-01-03,25298.63,Nifty Indices Historical Data — Total Returns Index Values,https://www.niftyindices.com/reports/historical-data
2022-01-04,25556.34,Nifty Indices Historical Data — Total Returns Index Values,https://www.niftyindices.com/reports/historical-data
2022-01-05,25728.58,Nifty Indices Historical Data — Total Returns Index Values,https://www.niftyindices.com/reports/historical-data
2022-01-06,25471.18,Nifty Indices Historical Data — Total Returns Index Values,https://www.niftyindices.com/reports/historical-data
2022-01-07,25567.06,Nifty Indices Historical Data — Total Returns Index Values,https://www.niftyindices.com/reports/historical-data
2022-01-10,25840.62,Nifty Indices Historical Data — Total Returns Index Values,https://www.niftyindices.com/reports/historical-data
2022-01-11,25915.89,Nifty Indices Historical Data — Total Returns Index Values,https://www.niftyindices.com/reports/historical-data
2022-01-12,26140.68,Nifty Indices Historical Data — Total Returns Index Values,https://www.niftyindices.com/reports/historical-data
2022-01-13,26205.87,Nifty Indices Historical Data — Total Returns Index Values,https://www.niftyindices.com/reports/historical-data
2022-01-14,26202.97,Nifty Indices Historical Data — Total Returns Index Values,https://www.niftyindices.com/reports/historical-data
2022-01-17,26278.07,Nifty Indices Historical Data — Total Returns Index Values,https://www.niftyindices.com/reports/historical-data
2022-01-18,25998.14,Nifty Indices Historical Data — Total Returns Index Values,https://www.niftyindices.com/reports/historical-data
2022-01-19,25749.81,Nifty Indices Historical Data — Total Returns Index Values,https://www.niftyindices.com/reports/historical-data
2022-01-20,25492.99,Nifty Indices Historical Data — Total Returns Index Values,https://www.niftyindices.com/reports/historical-data
2022-01-21,25292.72,Nifty Indices Historical Data — Total Returns Index Values,https://www.niftyindices.com/reports/historical-data
2022-01-24,24620.72,Nifty Indices Historical Data — Total Returns Index Values,https://www.niftyindices.com/reports/historical-data
2022-01-25,24805.75,Nifty Indices Historical Data — Total Returns Index Values,https://www.niftyindices.com/reports/historical-data
2022-01-27,24564.81,Nifty Indices Historical Data — Total Returns Index Values,https://www.niftyindices.com/reports/historical-data
2022-01-28,24553.04,Nifty Indices Historical Data — Total Returns Index Values,https://www.niftyindices.com/reports/historical-data
2022-01-31,24894.62,Nifty Indices Historical Data — Total Returns Index Values,https://www.niftyindices.com/reports/historical-data
2022-02-01,25234.89,Nifty Indices Historical Data — Total Returns Index Values,https://www.niftyindices.com/reports/historical-data
2022-02-02,25526.55,Nifty Indices Historical Data — Total Returns Index Values,https://www.niftyindices.com/reports/historical-data
2022-02-03,25217.2,Nifty Indices Historical Data — Total Returns Index Values,https://www.niftyindices.com/reports/historical-data
2022-02-04,25154.14,Nifty Indices Historical Data — Total Returns Index Values,https://www.niftyindices.com/reports/historical-data
2022-02-07,24719.45,Nifty Indices Historical Data — Total Returns Index Values,https://www.niftyindices.com/reports/historical-data
2022-02-08,24795.76,Nifty Indices Historical Data — Total Returns Index Values,https://www.niftyindices.com/reports/historical-data
2022-02-09,25084.6,Nifty Indices Historical Data — Total Returns Index Values,https://www.niftyindices.com/reports/historical-data
2022-02-10,25290.42,Nifty Indices Historical Data — Total Returns Index Values,https://www.niftyindices.com/reports/historical-data
2022-02-11,24958.45,Nifty Indices Historical Data — Total Returns Index Values,https://www.niftyindices.com/reports/historical-data
2022-02-14,24209.38,Nifty Indices Historical Data — Total Returns Index Values,https://www.niftyindices.com/reports/historical-data
2022-02-15,24941.93,Nifty Indices Historical Data — Total Returns Index Values,https://www.niftyindices.com/reports/historical-data
2022-02-16,24904.67,Nifty Indices Historical Data — Total Returns Index Values,https://www.niftyindices.com/reports/historical-data
2022-02-17,24879.32,Nifty Indices Historical Data — Total Returns Index Values,https://www.niftyindices.com/reports/historical-data
2022-02-18,24838.68,Nifty Indices Historical Data — Total Returns Index Values,https://www.niftyindices.com/reports/historical-data
2022-02-21,24746.59,Nifty Indices Historical Data — Total Returns Index Values,https://www.niftyindices.com/reports/historical-data
2022-02-22,24582.05,Nifty Indices Historical Data — Total Returns Index Values,https://www.niftyindices.com/reports/historical-data
2022-02-23,24540.41,Nifty Indices Historical Data — Total Returns Index Values,https://www.niftyindices.com/reports/historical-data
2022-02-24,23367.85,Nifty Indices Historical Data — Total Returns Index Values,https://www.niftyindices.com/reports/historical-data
2022-02-25,23958.1,Nifty Indices Historical Data — Total Returns Index Values,https://www.niftyindices.com/reports/historical-data
2022-02-28,24153.01,Nifty Indices Historical Data — Total Returns Index Values,https://www.niftyindices.com/reports/historical-data
2022-03-02,23882.72,Nifty Indices Historical Data — Total Returns Index Values,https://www.niftyindices.com/reports/historical-data
2022-03-03,23727.54,Nifty Indices Historical Data — Total Returns Index Values,https://www.niftyindices.com/reports/historical-data
2022-03-04,23364.07,Nifty Indices Historical Data — Total Returns Index Values,https://www.niftyindices.com/reports/historical-data
2022-03-07,22814.41,Nifty Indices Historical Data — Total Returns Index Values,https://www.niftyindices.com/reports/historical-data
2022-03-08,23030.56,Nifty Indices Historical Data — Total Returns Index Values,https://www.niftyindices.com/reports/historical-data
2022-03-09,23507.87,Nifty Indices Historical Data — Total Returns Index Values,https://www.niftyindices.com/reports/historical-data
2022-03-10,23866.77,Nifty Indices Historical Data — Total Returns Index Values,https://www.niftyindices.com/reports/historical-data
2022-03-11,23917.96,Nifty Indices Historical Data — Total Returns Index Values,https://www.niftyindices.com/reports/historical-data
2022-03-14,24264.29,Nifty Indices Historical Data — Total Returns Index Values,https://www.niftyindices.com/reports/historical-data
2022-03-15,23964.72,Nifty Indices Historical Data — Total Returns Index Values,https://www.niftyindices.com/reports/historical-data
2022-03-16,24414.0,Nifty Indices Historical Data — Total Returns Index Values,https://www.niftyindices.com/reports/historical-data
2022-03-17,24862.27,Nifty Indices Historical Data — Total Returns Index Values,https://www.niftyindices.com/reports/historical-data
2022-03-21,24618.52,Nifty Indices Historical Data — Total Returns Index Values,https://www.niftyindices.com/reports/historical-data
2022-03-22,24903.14,Nifty Indices Historical Data — Total Returns Index Values,https://www.niftyindices.com/reports/historical-data
2022-03-23,24802.74,Nifty Indices Historical Data — Total Returns Index Values,https://www.niftyindices.com/reports/historical-data
2022-03-24,24769.75,Nifty Indices Historical Data — Total Returns Index Values,https://www.niftyindices.com/reports/historical-data
2022-03-25,24669.45,Nifty Indices Historical Data — Total Returns Index Values,https://www.niftyindices.com/reports/historical-data
2022-03-28,24768.69,Nifty Indices Historical Data — Total Returns Index Values,https://www.niftyindices.com/reports/historical-data
2022-03-29,24917.57,Nifty Indices Historical Data — Total Returns Index Values,https://www.niftyindices.com/reports/historical-data
2022-03-30,25166.31,Nifty Indices Historical Data — Total Returns Index Values,https://www.niftyindices.com/reports/historical-data
2022-03-31,25118.14,Nifty Indices Historical Data — Total Returns Index Values,https://www.niftyindices.com/reports/historical-data
2022-04-01,25413.94,Nifty Indices Historical Data — Total Returns Index Values,https://www.niftyindices.com/reports/historical-data
2022-04-04,25964.72,Nifty Indices Historical Data — Total Returns Index Values,https://www.niftyindices.com/reports/historical-data
2022-04-05,25829.11,Nifty Indices Historical Data — Total Returns Index Values,https://www.niftyindices.com/reports/historical-data
2022-04-06,25613.71,Nifty Indices Historical Data — Total Returns Index Values,https://www.niftyindices.com/reports/historical-data
2022-04-07,25371.88,Nifty Indices Historical Data — Total Returns Index Values,https://www.niftyindices.com/reports/historical-data
2022-04-08,25580.15,Nifty Indices Historical Data — Total Returns Index Values,https://www.niftyindices.com/reports/historical-data
2022-04-11,25422.81,Nifty Indices Historical Data — Total Returns Index Values,https://www.niftyindices.com/reports/historical-data
2022-04-12,25214.76,Nifty Indices Historical Data — Total Returns Index Values,https://www.niftyindices.com/reports/historical-data
2022-04-13,25136.13,Nifty Indices Historical Data — Total Returns Index Values,https://www.niftyindices.com/reports/historical-data
2022-04-18,24701.75,Nifty Indices Historical Data — Total Returns Index Values,https://www.niftyindices.com/reports/historical-data
2022-04-19,24392.54,Nifty Indices Historical Data — Total Returns Index Values,https://www.niftyindices.com/reports/historical-data
2022-04-20,24648.4,Nifty Indices Historical Data — Total Returns Index Values,https://www.niftyindices.com/reports/historical-data
2022-04-21,25017.73,Nifty Indices Historical Data — Total Returns Index Values,https://www.niftyindices.com/reports/historical-data
2022-04-22,24700.36,Nifty Indices Historical Data — Total Returns Index Values,https://www.niftyindices.com/reports/historical-data
2022-04-25,24386.78,Nifty Indices Historical Data — Total Returns Index Values,https://www.niftyindices.com/reports/historical-data
2022-04-26,24741.88,Nifty Indices Historical Data — Total Returns Index Values,https://www.niftyindices.com/reports/historical-data
2022-04-27,24508.3,Nifty Indices Historical Data — Total Returns Index Values,https://www.niftyindices.com/reports/historical-data
2022-04-28,24811.78,Nifty Indices Historical Data — Total Returns Index Values,https://www.niftyindices.com/reports/historical-data
2022-04-29,24606.78,Nifty Indices Historical Data — Total Returns Index Values,https://www.niftyindices.com/reports/historical-data
2022-05-02,24558.61,Nifty Indices Historical Data — Total Returns Index Values,https://www.niftyindices.com/reports/historical-data
2022-05-04,23995.35,Nifty Indices Historical Data — Total Returns Index Values,https://www.niftyindices.com/reports/historical-data
2022-05-05,24002.58,Nifty Indices Historical Data — Total Returns Index Values,https://www.niftyindices.com/reports/historical-data
2022-05-06,23612.16,Nifty Indices Historical Data — Total Returns Index Values,https://www.niftyindices.com/reports/historical-data
2022-05-09,23454.71,Nifty Indices Historical Data — Total Returns Index Values,https://www.niftyindices.com/reports/historical-data
2022-05-10,23365.81,Nifty Indices Historical Data — Total Returns Index Values,https://www.niftyindices.com/reports/historical-data
2022-05-11,23260.85,Nifty Indices Historical Data — Total Returns Index Values,https://www.niftyindices.com/reports/historical-data
2022-05-12,22766.52,Nifty Indices Historical Data — Total Returns Index Values,https://www.niftyindices.com/reports/historical-data
2022-05-13,22729.28,Nifty Indices Historical Data — Total Returns Index Values,https://www.niftyindices.com/reports/historical-data
2022-05-16,22815.88,Nifty Indices Historical Data — Total Returns Index Values,https://www.niftyindices.com/reports/historical-data
2022-05-17,23416.46,Nifty Indices Historical Data — Total Returns Index Values,https://www.niftyindices.com/reports/historical-data
2022-05-18,23389.07,Nifty Indices Historical Data — Total Returns Index Values,https://www.niftyindices.com/reports/historical-data
2022-05-19,22768.49,Nifty Indices Historical Data — Total Returns Index Values,https://www.niftyindices.com/reports/historical-data
2022-05-20,23426.36,Nifty Indices Historical Data — Total Returns Index Values,https://www.niftyindices.com/reports/historical-data
2022-05-23,23352.22,Nifty Indices Historical Data — Total Returns Index Values,https://www.niftyindices.com/reports/historical-data
2022-05-24,23223.25,Nifty Indices Historical Data — Total Returns Index Values,https://www.niftyindices.com/reports/historical-data
2022-05-25,23096.63,Nifty Indices Historical Data — Total Returns Index Values,https://www.niftyindices.com/reports/historical-data
2022-05-26,23322.66,Nifty Indices Historical Data — Total Returns Index Values,https://www.niftyindices.com/reports/historical-data
2022-05-27,23585.61,Nifty Indices Historical Data — Total Returns Index Values,https://www.niftyindices.com/reports/historical-data
2022-05-30,24031.25,Nifty Indices Historical Data — Total Returns Index Values,https://www.niftyindices.com/reports/historical-data
2022-05-31,23958.1,Nifty Indices Historical Data — Total Returns Index Values,https://www.niftyindices.com/reports/historical-data
2022-06-01,23868.85,Nifty Indices Historical Data — Total Returns Index Values,https://www.niftyindices.com/reports/historical-data
2022-06-02,24020.89,Nifty Indices Historical Data — Total Returns Index Values,https://www.niftyindices.com/reports/historical-data
2022-06-03,23957.71,Nifty Indices Historical Data — Total Returns Index Values,https://www.niftyindices.com/reports/historical-data
2022-06-06,23936.44,Nifty Indices Historical Data — Total Returns Index Values,https://www.niftyindices.com/reports/historical-data
2022-06-07,23715.1,Nifty Indices Historical Data — Total Returns Index Values,https://www.niftyindices.com/reports/historical-data
2022-06-08,23628.32,Nifty Indices Historical Data — Total Returns Index Values,https://www.niftyindices.com/reports/historical-data
2022-06-09,23807.84,Nifty Indices Historical Data — Total Returns Index Values,https://www.niftyindices.com/reports/historical-data
2022-06-10,23408.59,Nifty Indices Historical Data — Total Returns Index Values,https://www.niftyindices.com/reports/historical-data
2022-06-13,22791.12,Nifty Indices Historical Data — Total Returns Index Values,https://www.niftyindices.com/reports/historical-data
2022-06-14,22729.97,Nifty Indices Historical Data — Total Returns Index Values,https://www.niftyindices.com/reports/historical-data
2022-06-15,22691.46,Nifty Indices Historical Data — Total Returns Index Values,https://www.niftyindices.com/reports/historical-data
2022-06-16,22211.98,Nifty Indices Historical Data — Total Returns Index Values,https://www.niftyindices.com/reports/historical-data
2022-06-17,22114.97,Nifty Indices Historical Data — Total Returns Index Values,https://www.niftyindices.com/reports/historical-data
2022-06-20,22199.11,Nifty Indices Historical Data — Total Returns Index Values,https://www.niftyindices.com/reports/historical-data
2022-06-21,22616.52,Nifty Indices Historical Data — Total Returns Index Values,https://www.niftyindices.com/reports/historical-data
2022-06-22,22290.46,Nifty Indices Historical Data — Total Returns Index Values,https://www.niftyindices.com/reports/historical-data
2022-06-23,22497.71,Nifty Indices Historical Data — Total Returns Index Values,https://www.niftyindices.com/reports/historical-data
2022-06-24,22703.95,Nifty Indices Historical Data — Total Returns Index Values,https://www.niftyindices.com/reports/historical-data
2022-06-27,22896.02,Nifty Indices Historical Data — Total Returns Index Values,https://www.niftyindices.com/reports/historical-data
2022-06-28,22922.24,Nifty Indices Historical Data — Total Returns Index Values,https://www.niftyindices.com/reports/historical-data
2022-06-29,22848.35,Nifty Indices Historical Data — Total Returns Index Values,https://www.niftyindices.com/reports/historical-data
2022-06-30,22828.93,Nifty Indices Historical Data — Total Returns Index Values,https://www.niftyindices.com/reports/historical-data
2022-07-01,22788.18,Nifty Indices Historical Data — Total Returns Index Values,https://www.niftyindices.com/reports/historical-data
2022-07-04,22914.2,Nifty Indices Historical Data — Total Returns Index Values,https://www.niftyindices.com/reports/historical-data
2022-07-05,22878.72,Nifty Indices Historical Data — Total Returns Index Values,https://www.niftyindices.com/reports/historical-data
2022-07-06,23137.7,Nifty Indices Historical Data — Total Returns Index Values,https://www.niftyindices.com/reports/historical-data
2022-07-07,23345.61,Nifty Indices Historical Data — Total Returns Index Values,https://www.niftyindices.com/reports/historical-data
2022-07-08,23473.61,Nifty Indices Historical Data — Total Returns Index Values,https://www.niftyindices.com/reports/historical-data
2022-07-11,23468.14,Nifty Indices Historical Data — Total Returns Index Values,https://www.niftyindices.com/reports/historical-data
2022-07-12,23239.9,Nifty Indices Historical Data — Total Returns Index Values,https://www.niftyindices.com/reports/historical-data
2022-07-13,23107.47,Nifty Indices Historical Data — Total Returns Index Values,https://www.niftyindices.com/reports/historical-data
2022-07-14,23074.52,Nifty Indices Historical Data — Total Returns Index Values,https://www.niftyindices.com/reports/historical-data
2022-07-15,23234.52,Nifty Indices Historical Data — Total Returns Index Values,https://www.niftyindices.com/reports/historical-data
2022-07-18,23566.52,Nifty Indices Historical Data — Total Returns Index Values,https://www.niftyindices.com/reports/historical-data
2022-07-19,23659.85,Nifty Indices Historical Data — Total Returns Index Values,https://www.niftyindices.com/reports/historical-data
2022-07-20,23920.88,Nifty Indices Historical Data — Total Returns Index Values,https://www.niftyindices.com/reports/historical-data
2022-07-21,24058.17,Nifty Indices Historical Data — Total Returns Index Values,https://www.niftyindices.com/reports/historical-data
2022-07-22,24223.56,Nifty Indices Historical Data — Total Returns Index Values,https://www.niftyindices.com/reports/historical-data
2022-07-25,24095.46,Nifty Indices Historical Data — Total Returns Index Values,https://www.niftyindices.com/reports/historical-data
2022-07-26,23882.26,Nifty Indices Historical Data — Total Returns Index Values,https://www.niftyindices.com/reports/historical-data
2022-07-27,24114.41,Nifty Indices Historical Data — Total Returns Index Values,https://www.niftyindices.com/reports/historical-data
2022-07-28,24531.38,Nifty Indices Historical Data — Total Returns Index Values,https://www.niftyindices.com/reports/historical-data
2022-07-29,24862.7,Nifty Indices Historical Data — Total Returns Index Values,https://www.niftyindices.com/reports/historical-data
2022-08-01,25128.57,Nifty Indices Historical Data — Total Returns Index Values,https://www.niftyindices.com/reports/historical-data
2022-08-02,25137.82,Nifty Indices Historical Data — Total Returns Index Values,https://www.niftyindices.com/reports/historical-data
2022-08-03,25202.38,Nifty Indices Historical Data — Total Returns Index Values,https://www.niftyindices.com/reports/historical-data
2022-08-04,25193.41,Nifty Indices Historical Data — Total Returns Index Values,https://www.niftyindices.com/reports/historical-data
2022-08-05,25215.93,Nifty Indices Historical Data — Total Returns Index Values,https://www.niftyindices.com/reports/historical-data
2022-08-08,25413.25,Nifty Indices Historical Data — Total Returns Index Values,https://www.niftyindices.com/reports/historical-data
2022-08-10,25431.92,Nifty Indices Historical Data — Total Returns Index Values,https://www.niftyindices.com/reports/historical-data
2022-08-11,25621.06,Nifty Indices Historical Data — Total Returns Index Values,https://www.niftyindices.com/reports/historical-data
2022-08-12,25678.83,Nifty Indices Historical Data — Total Returns Index Values,https://www.niftyindices.com/reports/historical-data
2022-08-16,25863.24,Nifty Indices Historical Data — Total Returns Index Values,https://www.niftyindices.com/reports/historical-data
2022-08-17,26035.87,Nifty Indices Historical Data — Total Returns Index Values,https://www.niftyindices.com/reports/historical-data
2022-08-18,26067.35,Nifty Indices Historical Data — Total Returns Index Values,https://www.niftyindices.com/reports/historical-data
2022-08-19,25785.4,Nifty Indices Historical Data — Total Returns Index Values,https://www.niftyindices.com/reports/historical-data
2022-08-22,25396.57,Nifty Indices Historical Data — Total Returns Index Values,https://www.niftyindices.com/reports/historical-data
2022-08-23,25522.62,Nifty Indices Historical Data — Total Returns Index Values,https://www.niftyindices.com/reports/historical-data
2022-08-24,25562.51,Nifty Indices Historical Data — Total Returns Index Values,https://www.niftyindices.com/reports/historical-data
2022-08-25,25442.67,Nifty Indices Historical Data — Total Returns Index Values,https://www.niftyindices.com/reports/historical-data
2022-08-26,25495.64,Nifty Indices Historical Data — Total Returns Index Values,https://www.niftyindices.com/reports/historical-data
2022-08-29,25138.4,Nifty Indices Historical Data — Total Returns Index Values,https://www.niftyindices.com/reports/historical-data
2022-08-30,25786.59,Nifty Indices Historical Data — Total Returns Index Values,https://www.niftyindices.com/reports/historical-data
2022-09-01,25472.24,Nifty Indices Historical Data — Total Returns Index Values,https://www.niftyindices.com/reports/historical-data
2022-09-02,25467.41,Nifty Indices Historical Data — Total Returns Index Values,https://www.niftyindices.com/reports/historical-data
2022-09-05,25650.83,Nifty Indices Historical Data — Total Returns Index Values,https://www.niftyindices.com/reports/historical-data
2022-09-06,25636.01,Nifty Indices Historical Data — Total Returns Index Values,https://www.niftyindices.com/reports/historical-data
2022-09-07,25590.73,Nifty Indices Historical Data — Total Returns Index Values,https://www.niftyindices.com/reports/historical-data
2022-09-08,25843.86,Nifty Indices Historical Data — Total Returns Index Values,https://www.niftyindices.com/reports/historical-data
2022-09-09,25894.12,Nifty Indices Historical Data — Total Returns Index Values,https://www.niftyindices.com/reports/historical-data
2022-09-12,26043.69,Nifty Indices Historical Data — Total Returns Index Values,https://www.niftyindices.com/reports/historical-data
2022-09-13,26237.81,Nifty Indices Historical Data — Total Returns Index Values,https://www.niftyindices.com/reports/historical-data
2022-09-14,26141.52,Nifty Indices Historical Data — Total Returns Index Values,https://www.niftyindices.com/reports/historical-data
2022-09-15,25958.06,Nifty Indices Historical Data — Total Returns Index Values,https://www.niftyindices.com/reports/historical-data
2022-09-16,25454.93,Nifty Indices Historical Data — Total Returns Index Values,https://www.niftyindices.com/reports/historical-data
2022-09-19,25587.63,Nifty Indices Historical Data — Total Returns Index Values,https://www.niftyindices.com/reports/historical-data
2022-09-20,25869.27,Nifty Indices Historical Data — Total Returns Index Values,https://www.niftyindices.com/reports/historical-data
2022-09-21,25727.13,Nifty Indices Historical Data — Total Returns Index Values,https://www.niftyindices.com/reports/historical-data
2022-09-22,25598.6,Nifty Indices Historical Data — Total Returns Index Values,https://www.niftyindices.com/reports/historical-data
2022-09-23,25159.42,Nifty Indices Historical Data — Total Returns Index Values,https://www.niftyindices.com/reports/historical-data
2022-09-26,24707.77,Nifty Indices Historical Data — Total Returns Index Values,https://www.niftyindices.com/reports/historical-data
2022-09-27,24694.83,Nifty Indices Historical Data — Total Returns Index Values,https://www.niftyindices.com/reports/historical-data
2022-09-28,24478.82,Nifty Indices Historical Data — Total Returns Index Values,https://www.niftyindices.com/reports/historical-data
2022-09-29,24419.98,Nifty Indices Historical Data — Total Returns Index Values,https://www.niftyindices.com/reports/historical-data
2022-09-30,24821.08,Nifty Indices Historical Data — Total Returns Index Values,https://www.niftyindices.com/reports/historical-data
2022-10-03,24520.52,Nifty Indices Historical Data — Total Returns Index Values,https://www.niftyindices.com/reports/historical-data
2022-10-04,25082.39,Nifty Indices Historical Data — Total Returns Index Values,https://www.niftyindices.com/reports/historical-data
2022-10-06,25165.85,Nifty Indices Historical Data — Total Returns Index Values,https://www.niftyindices.com/reports/historical-data
2022-10-07,25140.99,Nifty Indices Historical Data — Total Returns Index Values,https://www.niftyindices.com/reports/historical-data
2022-10-10,25034.02,Nifty Indices Historical Data — Total Returns Index Values,https://www.niftyindices.com/reports/historical-data
2022-10-11,24660.2,Nifty Indices Historical Data — Total Returns Index Values,https://www.niftyindices.com/reports/historical-data
2022-10-12,24863.58,Nifty Indices Historical Data — Total Returns Index Values,https://www.niftyindices.com/reports/historical-data
2022-10-13,24704.95,Nifty Indices Historical Data — Total Returns Index Values,https://www.niftyindices.com/reports/historical-data
2022-10-14,24953.75,Nifty Indices Historical Data — Total Returns Index Values,https://www.niftyindices.com/reports/historical-data
2022-10-17,25139.55,Nifty Indices Historical Data — Total Returns Index Values,https://www.niftyindices.com/reports/historical-data
2022-10-18,25393.89,Nifty Indices Historical Data — Total Returns Index Values,https://www.niftyindices.com/reports/historical-data
2022-10-19,25434.1,Nifty Indices Historical Data — Total Returns Index Values,https://www.niftyindices.com/reports/historical-data
2022-10-20,25509.14,Nifty Indices Historical Data — Total Returns Index Values,https://www.niftyindices.com/reports/historical-data
2022-10-21,25527.09,Nifty Indices Historical Data — Total Returns Index Values,https://www.niftyindices.com/reports/historical-data
2022-10-24,25751.45,Nifty Indices Historical Data — Total Returns Index Values,https://www.niftyindices.com/reports/historical-data
2022-10-25,25643.34,Nifty Indices Historical Data — Total Returns Index Values,https://www.niftyindices.com/reports/historical-data
2022-10-27,25780.23,Nifty Indices Historical Data — Total Returns Index Values,https://www.niftyindices.com/reports/historical-data
2022-10-28,25852.72,Nifty Indices Historical Data — Total Returns Index Values,https://www.niftyindices.com/reports/historical-data
2022-10-31,26182.36,Nifty Indices Historical Data — Total Returns Index Values,https://www.niftyindices.com/reports/historical-data
2022-11-01,26380.97,Nifty Indices Historical Data — Total Returns Index Values,https://www.niftyindices.com/reports/historical-data
2022-11-02,26290.01,Nifty Indices Historical Data — Total Returns Index Values,https://www.niftyindices.com/reports/historical-data
2022-11-03,26246.23,Nifty Indices Historical Data — Total Returns Index Values,https://www.niftyindices.com/reports/historical-data
2022-11-04,26339.9,Nifty Indices Historical Data — Total Returns Index Values,https://www.niftyindices.com/reports/historical-data
2022-11-07,26464.44,Nifty Indices Historical Data — Total Returns Index Values,https://www.niftyindices.com/reports/historical-data
2022-11-09,26401.58,Nifty Indices Historical Data — Total Returns Index Values,https://www.niftyindices.com/reports/historical-data
2022-11-10,26214.31,Nifty Indices Historical Data — Total Returns Index Values,https://www.niftyindices.com/reports/historical-data
2022-11-11,26681.76,Nifty Indices Historical Data — Total Returns Index Values,https://www.niftyindices.com/reports/historical-data
2022-11-14,26651.93,Nifty Indices Historical Data — Total Returns Index Values,https://www.niftyindices.com/reports/historical-data
2022-11-15,26759.85,Nifty Indices Historical Data — Total Returns Index Values,https://www.niftyindices.com/reports/historical-data
2022-11-16,26768.95,Nifty Indices Historical Data — Total Returns Index Values,https://www.niftyindices.com/reports/historical-data
2022-11-17,26673.32,Nifty Indices Historical Data — Total Returns Index Values,https://www.niftyindices.com/reports/historical-data
2022-11-18,26620.61,Nifty Indices Historical Data — Total Returns Index Values,https://www.niftyindices.com/reports/historical-data
2022-11-21,26405.9,Nifty Indices Historical Data — Total Returns Index Values,https://www.niftyindices.com/reports/historical-data
2022-11-22,26528.4,Nifty Indices Historical Data — Total Returns Index Values,https://www.niftyindices.com/reports/historical-data
2022-11-23,26561.89,Nifty Indices Historical Data — Total Returns Index Values,https://www.niftyindices.com/reports/historical-data
2022-11-24,26877.24,Nifty Indices Historical Data — Total Returns Index Values,https://www.niftyindices.com/reports/historical-data
2022-11-25,26918.89,Nifty Indices Historical Data — Total Returns Index Values,https://www.niftyindices.com/reports/historical-data
2022-11-28,26991.6,Nifty Indices Historical Data — Total Returns Index Values,https://www.niftyindices.com/reports/historical-data
2022-11-29,27071.98,Nifty Indices Historical Data — Total Returns Index Values,https://www.niftyindices.com/reports/historical-data
2022-11-30,27276.01,Nifty Indices Historical Data — Total Returns Index Values,https://www.niftyindices.com/reports/historical-data
2022-12-01,27354.74,Nifty Indices Historical Data — Total Returns Index Values,https://www.niftyindices.com/reports/historical-data
2022-12-02,27185.44,Nifty Indices Historical Data — Total Returns Index Values,https://www.niftyindices.com/reports/historical-data
2022-12-05,27192.64,Nifty Indices Historical Data — Total Returns Index Values,https://www.niftyindices.com/reports/historical-data
2022-12-06,27107.87,Nifty Indices Historical Data — Total Returns Index Values,https://www.niftyindices.com/reports/historical-data
2022-12-07,26988.31,Nifty Indices Historical Data — Total Returns Index Values,https://www.niftyindices.com/reports/historical-data
2022-12-08,27059.31,Nifty Indices Historical Data — Total Returns Index Values,https://www.niftyindices.com/reports/historical-data
2022-12-09,26895.35,Nifty Indices Historical Data — Total Returns Index Values,https://www.niftyindices.com/reports/historical-data
2022-12-12,26896.21,Nifty Indices Historical Data — Total Returns Index Values,https://www.niftyindices.com/reports/historical-data
2022-12-13,27057.35,Nifty Indices Historical Data — Total Returns Index Values,https://www.niftyindices.com/reports/historical-data
2022-12-14,27133.4,Nifty Indices Historical Data — Total Returns Index Values,https://www.niftyindices.com/reports/historical-data
2022-12-15,26776.56,Nifty Indices Historical Data — Total Returns Index Values,https://www.niftyindices.com/reports/historical-data
2022-12-16,26564.46,Nifty Indices Historical Data — Total Returns Index Values,https://www.niftyindices.com/reports/historical-data
2022-12-19,26784.68,Nifty Indices Historical Data — Total Returns Index Values,https://www.niftyindices.com/reports/historical-data
2022-12-20,26733.51,Nifty Indices Historical Data — Total Returns Index Values,https://www.niftyindices.com/reports/historical-data
2022-12-21,26462.77,Nifty Indices Historical Data — Total Returns Index Values,https://www.niftyindices.com/reports/historical-data
2022-12-22,26358.44,Nifty Indices Historical Data — Total Returns Index Values,https://www.niftyindices.com/reports/historical-data
2022-12-23,25892.35,Nifty Indices Historical Data — Total Returns Index Values,https://www.niftyindices.com/reports/historical-data
2022-12-26,26194.52,Nifty Indices Historical Data — Total Returns Index Values,https://www.niftyindices.com/reports/historical-data
2022-12-27,26365.65,Nifty Indices Historical Data — Total Returns Index Values,https://www.niftyindices.com/reports/historical-data
2022-12-28,26351.4,Nifty Indices Historical Data — Total Returns Index Values,https://www.niftyindices.com/reports/historical-data
2022-12-29,26451.02,Nifty Indices Historical Data — Total Returns Index Values,https://www.niftyindices.com/reports/historical-data
2022-12-30,26326.37,Nifty Indices Historical Data — Total Returns Index Values,https://www.niftyindices.com/reports/historical-data
2023-01-02,26460.41,Nifty Indices Historical Data — Total Returns Index Values,https://www.niftyindices.com/reports/historical-data
2023-01-03,26511.45,Nifty Indices Historical Data — Total Returns Index Values,https://www.niftyindices.com/reports/historical-data
2023-01-04,26235.73,Nifty Indices Historical Data — Total Returns Index Values,https://www.niftyindices.com/reports/historical-data
2023-01-05,26161.85,Nifty Indices Historical Data — Total Returns Index Values,https://www.niftyindices.com/reports/historical-data
2023-01-06,25968.95,Nifty Indices Historical Data — Total Returns Index Values,https://www.niftyindices.com/reports/historical-data
2023-01-09,26320.41,Nifty Indices Historical Data — Total Returns Index Values,https://www.niftyindices.com/reports/historical-data
2023-01-10,26048.47,Nifty Indices Historical Data — Total Returns Index Values,https://www.niftyindices.com/reports/historical-data
2023-01-11,26021.6,Nifty Indices Historical Data — Total Returns Index Values,https://www.niftyindices.com/reports/historical-data
2023-01-12,25967.07,Nifty Indices Historical Data — Total Returns Index Values,https://www.niftyindices.com/reports/historical-data
2023-01-13,26110.2,Nifty Indices Historical Data — Total Returns Index Values,https://www.niftyindices.com/reports/historical-data
2023-01-16,26020.39,Nifty Indices Historical Data — Total Returns Index Values,https://www.niftyindices.com/reports/historical-data
2023-01-17,26250.81,Nifty Indices Historical Data — Total Returns Index Values,https://www.niftyindices.com/reports/historical-data
2023-01-18,26413.71,Nifty Indices Historical Data — Total Returns Index Values,https://www.niftyindices.com/reports/historical-data
2023-01-19,26333.57,Nifty Indices Historical Data — Total Returns Index Values,https://www.niftyindices.com/reports/historical-data
2023-01-20,26216.94,Nifty Indices Historical Data — Total Returns Index Values,https://www.niftyindices.com/reports/historical-data
2023-01-23,26349.14,Nifty Indices Historical Data — Total Returns Index Values,https://www.niftyindices.com/reports/historical-data
2023-01-24,26349.28,Nifty Indices Historical Data — Total Returns Index Values,https://www.niftyindices.com/reports/historical-data
2023-01-25,26020.13,Nifty Indices Historical Data — Total Returns Index Values,https://www.niftyindices.com/reports/historical-data
2023-01-27,25601.88,Nifty Indices Historical Data — Total Returns Index Values,https://www.niftyindices.com/reports/historical-data
2023-01-30,25666.69,Nifty Indices Historical Data — Total Returns Index Values,https://www.niftyindices.com/reports/historical-data
2023-01-31,25685.94,Nifty Indices Historical Data — Total Returns Index Values,https://www.niftyindices.com/reports/historical-data
2023-02-01,25619.24,Nifty Indices Historical Data — Total Returns Index Values,https://www.niftyindices.com/reports/historical-data
2023-02-02,25610.65,Nifty Indices Historical Data — Total Returns Index Values,https://www.niftyindices.com/reports/historical-data
2023-02-03,25965.0,Nifty Indices Historical Data — Total Returns Index Values,https://www.niftyindices.com/reports/historical-data
2023-02-06,25834.87,Nifty Indices Historical Data — Total Returns Index Values,https://www.niftyindices.com/reports/historical-data
2023-02-07,25772.19,Nifty Indices Historical Data — Total Returns Index Values,https://www.niftyindices.com/reports/historical-data
2023-02-08,25993.34,Nifty Indices Historical Data — Total Returns Index Values,https://www.niftyindices.com/reports/historical-data
2023-02-09,26024.94,Nifty Indices Historical Data — Total Returns Index Values,https://www.niftyindices.com/reports/historical-data
2023-02-10,25971.23,Nifty Indices Historical Data — Total Returns Index Values,https://www.niftyindices.com/reports/historical-data
2023-02-13,25846.7,Nifty Indices Historical Data — Total Returns Index Values,https://www.niftyindices.com/reports/historical-data
2023-02-14,26077.93,Nifty Indices Historical Data — Total Returns Index Values,https://www.niftyindices.com/reports/historical-data
2023-02-15,26220.43,Nifty Indices Historical Data — Total Returns Index Values,https://www.niftyindices.com/reports/historical-data
2023-02-16,26249.52,Nifty Indices Historical Data — Total Returns Index Values,https://www.niftyindices.com/reports/historical-data
2023-02-17,26116.12,Nifty Indices Historical Data — Total Returns Index Values,https://www.niftyindices.com/reports/historical-data
2023-02-20,25971.19,Nifty Indices Historical Data — Total Returns Index Values,https://www.niftyindices.com/reports/historical-data
2023-02-21,25945.08,Nifty Indices Historical Data — Total Returns Index Values,https://www.niftyindices.com/reports/historical-data
2023-02-22,25548.67,Nifty Indices Historical Data — Total Returns Index Values,https://www.niftyindices.com/reports/historical-data
2023-02-23,25485.97,Nifty Indices Historical Data — Total Returns Index Values,https://www.niftyindices.com/reports/historical-data
2023-02-24,25420.07,Nifty Indices Historical Data — Total Returns Index Values,https://www.niftyindices.com/reports/historical-data
2023-02-27,25313.7,Nifty Indices Historical Data — Total Returns Index Values,https://www.niftyindices.com/reports/historical-data
2023-02-28,25184.47,Nifty Indices Historical Data — Total Returns Index Values,https://www.niftyindices.com/reports/historical-data
2023-03-01,25398.4,Nifty Indices Historical Data — Total Returns Index Values,https://www.niftyindices.com/reports/historical-data
2023-03-02,25210.65,Nifty Indices Historical Data — Total Returns Index Values,https://www.niftyindices.com/reports/historical-data
2023-03-03,25607.14,Nifty Indices Historical Data — Total Returns Index Values,https://www.niftyindices.com/reports/historical-data
2023-03-06,25777.6,Nifty Indices Historical Data — Total Returns Index Values,https://www.niftyindices.com/reports/historical-data
2023-03-08,25840.12,Nifty Indices Historical Data — Total Returns Index Values,https://www.niftyindices.com/reports/historical-data
2023-03-09,25600.24,Nifty Indices Historical Data — Total Returns Index Values,https://www.niftyindices.com/reports/historical-data
2023-03-10,25343.09,Nifty Indices Historical Data — Total Returns Index Values,https://www.niftyindices.com/reports/historical-data
2023-03-13,24966.68,Nifty Indices Historical Data — Total Returns Index Values,https://www.niftyindices.com/reports/historical-data
2023-03-14,24805.11,Nifty Indices Historical Data — Total Returns Index Values,https://www.niftyindices.com/reports/historical-data
2023-03-15,24701.6,Nifty Indices Historical Data — Total Returns Index Values,https://www.niftyindices.com/reports/historical-data
2023-03-16,24721.52,Nifty Indices Historical Data — Total Returns Index Values,https://www.niftyindices.com/reports/historical-data
2023-03-17,24888.1,Nifty Indices Historical Data — Total Returns Index Values,https://www.niftyindices.com/reports/historical-data
2023-03-20,24725.6,Nifty Indices Historical Data — Total Returns Index Values,https://www.niftyindices.com/reports/historical-data
2023-03-21,24898.97,Nifty Indices Historical Data — Total Returns Index Values,https://www.niftyindices.com/reports/historical-data
2023-03-22,24963.55,Nifty Indices Historical Data — Total Returns Index Values,https://www.niftyindices.com/reports/historical-data
2023-03-23,24854.39,Nifty Indices Historical Data — Total Returns Index Values,https://www.niftyindices.com/reports/historical-data
2023-03-24,24662.53,Nifty Indices Historical Data — Total Returns Index Values,https://www.niftyindices.com/reports/historical-data
2023-03-27,24721.71,Nifty Indices Historical Data — Total Returns Index Values,https://www.niftyindices.com/reports/historical-data
2023-03-28,24672.17,Nifty Indices Historical Data — Total Returns Index Values,https://www.niftyindices.com/reports/historical-data
2023-03-29,24859.93,Nifty Indices Historical Data — Total Returns Index Values,https://www.niftyindices.com/reports/historical-data
2023-03-31,25266.06,Nifty Indices Historical Data — Total Returns Index Values,https://www.niftyindices.com/reports/historical-data
2023-04-03,25321.85,Nifty Indices Historical Data — Total Returns Index Values,https://www.niftyindices.com/reports/historical-data
2023-04-05,25553.28,Nifty Indices Historical Data — Total Returns Index Values,https://www.niftyindices.com/reports/historical-data
2023-04-06,25614.55,Nifty Indices Historical Data — Total Returns Index Values,https://www.niftyindices.com/reports/historical-data
2023-04-10,25650.73,Nifty Indices Historical Data — Total Returns Index Values,https://www.niftyindices.com/reports/historical-data
2023-04-11,25793.77,Nifty Indices Historical Data — Total Returns Index Values,https://www.niftyindices.com/reports/historical-data
2023-04-12,25924.89,Nifty Indices Historical Data — Total Returns Index Values,https://www.niftyindices.com/reports/historical-data
2023-04-13,25950.39,Nifty Indices Historical Data — Total Returns Index Values,https://www.niftyindices.com/reports/historical-data
2023-04-17,25774.07,Nifty Indices Historical Data — Total Returns Index Values,https://www.niftyindices.com/reports/historical-data
2023-04-18,25706.09,Nifty Indices Historical Data — Total Returns Index Values,https://www.niftyindices.com/reports/historical-data
2023-04-19,25645.82,Nifty Indices Historical Data — Total Returns Index Values,https://www.niftyindices.com/reports/historical-data
2023-04-20,25654.16,Nifty Indices Historical Data — Total Returns Index Values,https://www.niftyindices.com/reports/historical-data
2023-04-21,25654.78,Nifty Indices Historical Data — Total Returns Index Values,https://www.niftyindices.com/reports/historical-data
2023-04-24,25828.46,Nifty Indices Historical Data — Total Returns Index Values,https://www.niftyindices.com/reports/historical-data
2023-04-25,25866.09,Nifty Indices Historical Data — Total Returns Index Values,https://www.niftyindices.com/reports/historical-data
2023-04-26,25930.7,Nifty Indices Historical Data — Total Returns Index Values,https://www.niftyindices.com/reports/historical-data
2023-04-27,26078.38,Nifty Indices Historical Data — Total Returns Index Values,https://www.niftyindices.com/reports/historical-data
2023-04-28,26302.92,Nifty Indices Historical Data — Total Returns Index Values,https://www.niftyindices.com/reports/historical-data
2023-05-02,26423.3,Nifty Indices Historical Data — Total Returns Index Values,https://www.niftyindices.com/reports/historical-data
2023-05-03,26339.14,Nifty Indices Historical Data — Total Returns Index Values,https://www.niftyindices.com/reports/historical-data
2023-05-04,26580.77,Nifty Indices Historical Data — Total Returns Index Values,https://www.niftyindices.com/reports/historical-data
2023-05-05,26308.78,Nifty Indices Historical Data — Total Returns Index Values,https://www.niftyindices.com/reports/historical-data
2023-05-08,26593.29,Nifty Indices Historical Data — Total Returns Index Values,https://www.niftyindices.com/reports/historical-data
2023-05-09,26595.52,Nifty Indices Historical Data — Total Returns Index Values,https://www.niftyindices.com/reports/historical-data
2023-05-10,26667.11,Nifty Indices Historical Data — Total Returns Index Values,https://www.niftyindices.com/reports/historical-data
2023-05-11,26640.77,Nifty Indices Historical Data — Total Returns Index Values,https://www.niftyindices.com/reports/historical-data
2023-05-12,26666.67,Nifty Indices Historical Data — Total Returns Index Values,https://www.niftyindices.com/reports/historical-data
2023-05-15,26789.02,Nifty Indices Historical Data — Total Returns Index Values,https://www.niftyindices.com/reports/historical-data
2023-05-16,26679.67,Nifty Indices Historical Data — Total Returns Index Values,https://www.niftyindices.com/reports/historical-data
2023-05-17,26526.82,Nifty Indices Historical Data — Total Returns Index Values,https://www.niftyindices.com/reports/historical-data
2023-05-18,26451.26,Nifty Indices Historical Data — Total Returns Index Values,https://www.niftyindices.com/reports/historical-data
2023-05-19,26560.1,Nifty Indices Historical Data — Total Returns Index Values,https://www.niftyindices.com/reports/historical-data
2023-05-22,26722.03,Nifty Indices Historical Data — Total Returns Index Values,https://www.niftyindices.com/reports/historical-data
2023-05-23,26771.1,Nifty Indices Historical Data — Total Returns Index Values,https://www.niftyindices.com/reports/historical-data
2023-05-24,26679.72,Nifty Indices Historical Data — Total Returns Index Values,https://www.niftyindices.com/reports/historical-data
2023-05-25,26731.86,Nifty Indices Historical Data — Total Returns Index Values,https://www.niftyindices.com/reports/historical-data
2023-05-26,26991.87,Nifty Indices Historical Data — Total Returns Index Values,https://www.niftyindices.com/reports/historical-data
2023-05-29,27136.82,Nifty Indices Historical Data — Total Returns Index Values,https://www.niftyindices.com/reports/historical-data
2023-05-30,27188.18,Nifty Indices Historical Data — Total Returns Index Values,https://www.niftyindices.com/reports/historical-data
2023-05-31,27057.44,Nifty Indices Historical Data — Total Returns Index Values,https://www.niftyindices.com/reports/historical-data
2023-06-01,26989.35,Nifty Indices Historical Data — Total Returns Index Values,https://www.niftyindices.com/reports/historical-data
2023-06-02,27080.87,Nifty Indices Historical Data — Total Returns Index Values,https://www.niftyindices.com/reports/historical-data
2023-06-05,27168.13,Nifty Indices Historical Data — Total Returns Index Values,https://www.niftyindices.com/reports/historical-data
2023-06-06,27175.7,Nifty Indices Historical Data — Total Returns Index Values,https://www.niftyindices.com/reports/historical-data
2023-06-07,27361.85,Nifty Indices Historical Data — Total Returns Index Values,https://www.niftyindices.com/reports/historical-data
2023-06-08,27227.59,Nifty Indices Historical Data — Total Returns Index Values,https://www.niftyindices.com/reports/historical-data
2023-06-09,27126.86,Nifty Indices Historical Data — Total Returns Index Values,https://www.niftyindices.com/reports/historical-data
2023-06-12,27182.55,Nifty Indices Historical Data — Total Returns Index Values,https://www.niftyindices.com/reports/historical-data
2023-06-13,27350.09,Nifty Indices Historical Data — Total Returns Index Values,https://www.niftyindices.com/reports/historical-data
2023-06-14,27408.12,Nifty Indices Historical Data — Total Returns Index Values,https://www.niftyindices.com/reports/historical-data
2023-06-15,27317.25,Nifty Indices Historical Data — Total Returns Index Values,https://www.niftyindices.com/reports/historical-data
2023-06-16,27519.44,Nifty Indices Historical Data — Total Returns Index Values,https://www.niftyindices.com/reports/historical-data
2023-06-19,27422.87,Nifty Indices Historical Data — Total Returns Index Values,https://www.niftyindices.com/reports/historical-data
2023-06-20,27512.41,Nifty Indices Historical Data — Total Returns Index Values,https://www.niftyindices.com/reports/historical-data
2023-06-21,27571.14,Nifty Indices Historical Data — Total Returns Index Values,https://www.niftyindices.com/reports/historical-data
2023-06-22,27445.97,Nifty Indices Historical Data — Total Returns Index Values,https://www.niftyindices.com/reports/historical-data
2023-06-23,27291.39,Nifty Indices Historical Data — Total Returns Index Values,https://www.niftyindices.com/reports/historical-data
2023-06-26,27328.91,Nifty Indices Historical Data — Total Returns Index Values,https://www.niftyindices.com/reports/historical-data
2023-06-27,27513.45,Nifty Indices Historical Data — Total Returns Index Values,https://www.niftyindices.com/reports/historical-data
2023-06-28,27739.64,Nifty Indices Historical Data — Total Returns Index Values,https://www.niftyindices.com/reports/historical-data
2023-06-30,28059.65,Nifty Indices Historical Data — Total Returns Index Values,https://www.niftyindices.com/reports/historical-data
2023-07-03,28254.9,Nifty Indices Historical Data — Total Returns Index Values,https://www.niftyindices.com/reports/historical-data
2023-07-04,28352.01,Nifty Indices Historical Data — Total Returns Index Values,https://www.niftyindices.com/reports/historical-data
2023-07-05,28365.96,Nifty Indices Historical Data — Total Returns Index Values,https://www.niftyindices.com/reports/historical-data
2023-07-06,28510.39,Nifty Indices Historical Data — Total Returns Index Values,https://www.niftyindices.com/reports/historical-data
2023-07-07,28269.43,Nifty Indices Historical Data — Total Returns Index Values,https://www.niftyindices.com/reports/historical-data
2023-07-10,28304.66,Nifty Indices Historical Data — Total Returns Index Values,https://www.niftyindices.com/reports/historical-data
2023-07-11,28429.42,Nifty Indices Historical Data — Total Returns Index Values,https://www.niftyindices.com/reports/historical-data
2023-07-12,28348.88,Nifty Indices Historical Data — Total Returns Index Values,https://www.niftyindices.com/reports/historical-data
2023-07-13,28393.32,Nifty Indices Historical Data — Total Returns Index Values,https://www.niftyindices.com/reports/historical-data
2023-07-14,28618.6,Nifty Indices Historical Data — Total Returns Index Values,https://www.niftyindices.com/reports/historical-data
2023-07-17,28833.54,Nifty Indices Historical Data — Total Returns Index Values,https://www.niftyindices.com/reports/historical-data
2023-07-18,28888.85,Nifty Indices Historical Data — Total Returns Index Values,https://www.niftyindices.com/reports/historical-data
2023-07-19,29011.55,Nifty Indices Historical Data — Total Returns Index Values,https://www.niftyindices.com/reports/historical-data
2023-07-20,29231.71,Nifty Indices Historical Data — Total Returns Index Values,https://www.niftyindices.com/reports/historical-data
2023-07-21,28890.53,Nifty Indices Historical Data — Total Returns Index Values,https://www.niftyindices.com/reports/historical-data
2023-07-24,28784.26,Nifty Indices Historical Data — Total Returns Index Values,https://www.niftyindices.com/reports/historical-data
2023-07-25,28796.35,Nifty Indices Historical Data — Total Returns Index Values,https://www.niftyindices.com/reports/historical-data
2023-07-26,28939.3,Nifty Indices Historical Data — Total Returns Index Values,https://www.niftyindices.com/reports/historical-data
2023-07-27,28769.02,Nifty Indices Historical Data — Total Returns Index Values,https://www.niftyindices.com/reports/historical-data
2023-07-28,28752.69,Nifty Indices Historical Data — Total Returns Index Values,https://www.niftyindices.com/reports/historical-data
2023-07-31,28910.43,Nifty Indices Historical Data — Total Returns Index Values,https://www.niftyindices.com/reports/historical-data
2023-08-01,28880.78,Nifty Indices Historical Data — Total Returns Index Values,https://www.niftyindices.com/reports/historical-data
2023-08-02,28589.81,Nifty Indices Historical Data — Total Returns Index Values,https://www.niftyindices.com/reports/historical-data
2023-08-03,28383.28,Nifty Indices Historical Data — Total Returns Index Values,https://www.niftyindices.com/reports/historical-data
2023-08-04,28582.25,Nifty Indices Historical Data — Total Returns Index Values,https://www.niftyindices.com/reports/historical-data
2023-08-07,28699.8,Nifty Indices Historical Data — Total Returns Index Values,https://www.niftyindices.com/reports/historical-data
2023-08-08,28661.08,Nifty Indices Historical Data — Total Returns Index Values,https://www.niftyindices.com/reports/historical-data
2023-08-09,28769.97,Nifty Indices Historical Data — Total Returns Index Values,https://www.niftyindices.com/reports/historical-data
2023-08-10,28638.92,Nifty Indices Historical Data — Total Returns Index Values,https://www.niftyindices.com/reports/historical-data
2023-08-11,28482.45,Nifty Indices Historical Data — Total Returns Index Values,https://www.niftyindices.com/reports/historical-data
2023-08-14,28494.78,Nifty Indices Historical Data — Total Returns Index Values,https://www.niftyindices.com/reports/historical-data
2023-08-16,28539.38,Nifty Indices Historical Data — Total Returns Index Values,https://www.niftyindices.com/reports/historical-data
2023-08-17,28393.16,Nifty Indices Historical Data — Total Returns Index Values,https://www.niftyindices.com/reports/historical-data
2023-08-18,28316.31,Nifty Indices Historical Data — Total Returns Index Values,https://www.niftyindices.com/reports/historical-data
2023-08-21,28448.83,Nifty Indices Historical Data — Total Returns Index Values,https://www.niftyindices.com/reports/historical-data
2023-08-22,28453.01,Nifty Indices Historical Data — Total Returns Index Values,https://www.niftyindices.com/reports/historical-data
2023-08-23,28522.76,Nifty Indices Historical Data — Total Returns Index Values,https://www.niftyindices.com/reports/historical-data
2023-08-24,28438.68,Nifty Indices Historical Data — Total Returns Index Values,https://www.niftyindices.com/reports/historical-data
2023-08-25,28261.32,Nifty Indices Historical Data — Total Returns Index Values,https://www.niftyindices.com/reports/historical-data
2023-08-28,28320.4,Nifty Indices Historical Data — Total Returns Index Values,https://www.niftyindices.com/reports/historical-data
2023-08-29,28374.03,Nifty Indices Historical Data — Total Returns Index Values,https://www.niftyindices.com/reports/historical-data
2023-08-30,28381.13,Nifty Indices Historical Data — Total Returns Index Values,https://www.niftyindices.com/reports/historical-data
2023-08-31,28243.74,Nifty Indices Historical Data — Total Returns Index Values,https://www.niftyindices.com/reports/historical-data
2023-09-01,28509.94,Nifty Indices Historical Data — Total Returns Index Values,https://www.niftyindices.com/reports/historical-data
2023-09-04,28647.16,Nifty Indices Historical Data — Total Returns Index Values,https://www.niftyindices.com/reports/historical-data
2023-09-05,28714.78,Nifty Indices Historical Data — Total Returns Index Values,https://www.niftyindices.com/reports/historical-data
2023-09-06,28767.78,Nifty Indices Historical Data — Total Returns Index Values,https://www.niftyindices.com/reports/historical-data
2023-09-07,28937.96,Nifty Indices Historical Data — Total Returns Index Values,https://www.niftyindices.com/reports/historical-data
2023-09-08,29074.22,Nifty Indices Historical Data — Total Returns Index Values,https://www.niftyindices.com/reports/historical-data
2023-09-11,29333.0,Nifty Indices Historical Data — Total Returns Index Values,https://www.niftyindices.com/reports/historical-data
2023-09-12,29328.37,Nifty Indices Historical Data — Total Returns Index Values,https://www.niftyindices.com/reports/historical-data
2023-09-13,29441.04,Nifty Indices Historical Data — Total Returns Index Values,https://www.niftyindices.com/reports/historical-data
2023-09-14,29489.61,Nifty Indices Historical Data — Total Returns Index Values,https://www.niftyindices.com/reports/historical-data
2023-09-15,29620.53,Nifty Indices Historical Data — Total Returns Index Values,https://www.niftyindices.com/reports/historical-data
2023-09-18,29533.91,Nifty Indices Historical Data — Total Returns Index Values,https://www.niftyindices.com/reports/historical-data
2023-09-20,29193.69,Nifty Indices Historical Data — Total Returns Index Values,https://www.niftyindices.com/reports/historical-data
2023-09-21,28960.36,Nifty Indices Historical Data — Total Returns Index Values,https://www.niftyindices.com/reports/historical-data
2023-09-22,28860.46,Nifty Indices Historical Data — Total Returns Index Values,https://www.niftyindices.com/reports/historical-data
2023-09-25,28860.9,Nifty Indices Historical Data — Total Returns Index Values,https://www.niftyindices.com/reports/historical-data
2023-09-26,28846.47,Nifty Indices Historical Data — Total Returns Index Values,https://www.niftyindices.com/reports/historical-data
2023-09-27,28922.43,Nifty Indices Historical Data — Total Returns Index Values,https://www.niftyindices.com/reports/historical-data
2023-09-28,28639.44,Nifty Indices Historical Data — Total Returns Index Values,https://www.niftyindices.com/reports/historical-data
2023-09-29,28807.77,Nifty Indices Historical Data — Total Returns Index Values,https://www.niftyindices.com/reports/historical-data
2023-10-03,28647.04,Nifty Indices Historical Data — Total Returns Index Values,https://www.niftyindices.com/reports/historical-data
2023-10-04,28511.13,Nifty Indices Historical Data — Total Returns Index Values,https://www.niftyindices.com/reports/historical-data
2023-10-05,28671.97,Nifty Indices Historical Data — Total Returns Index Values,https://www.niftyindices.com/reports/historical-data
2023-10-06,28830.08,Nifty Indices Historical Data — Total Returns Index Values,https://www.niftyindices.com/reports/historical-data
2023-10-09,28622.98,Nifty Indices Historical Data — Total Returns Index Values,https://www.niftyindices.com/reports/historical-data
2023-10-10,28883.35,Nifty Indices Historical Data — Total Returns Index Values,https://www.niftyindices.com/reports/historical-data
2023-10-11,29061.61,Nifty Indices Historical Data — Total Returns Index Values,https://www.niftyindices.com/reports/historical-data
2023-10-12,29036.17,Nifty Indices Historical Data — Total Returns Index Values,https://www.niftyindices.com/reports/historical-data
2023-10-13,28973.14,Nifty Indices Historical Data — Total Returns Index Values,https://www.niftyindices.com/reports/historical-data
2023-10-16,28944.87,Nifty Indices Historical Data — Total Returns Index Values,https://www.niftyindices.com/reports/historical-data
2023-10-17,29061.8,Nifty Indices Historical Data — Total Returns Index Values,https://www.niftyindices.com/reports/historical-data
2023-10-18,28855.87,Nifty Indices Historical Data — Total Returns Index Values,https://www.niftyindices.com/reports/historical-data
2023-10-19,28790.88,Nifty Indices Historical Data — Total Returns Index Values,https://www.niftyindices.com/reports/historical-data
2023-10-20,28674.78,Nifty Indices Historical Data — Total Returns Index Values,https://www.niftyindices.com/reports/historical-data
2023-10-23,28291.96,Nifty Indices Historical Data — Total Returns Index Values,https://www.niftyindices.com/reports/historical-data
2023-10-25,28079.26,Nifty Indices Historical Data — Total Returns Index Values,https://www.niftyindices.com/reports/historical-data
2023-10-26,27690.29,Nifty Indices Historical Data — Total Returns Index Values,https://www.niftyindices.com/reports/historical-data
2023-10-27,27969.92,Nifty Indices Historical Data — Total Returns Index Values,https://www.niftyindices.com/reports/historical-data
2023-10-30,28107.42,Nifty Indices Historical Data — Total Returns Index Values,https://www.niftyindices.com/reports/historical-data
2023-10-31,28017.36,Nifty Indices Historical Data — Total Returns Index Values,https://www.niftyindices.com/reports/historical-data
2023-11-01,27886.24,Nifty Indices Historical Data — Total Returns Index Values,https://www.niftyindices.com/reports/historical-data
2023-11-02,28105.75,Nifty Indices Historical Data — Total Returns Index Values,https://www.niftyindices.com/reports/historical-data
2023-11-03,28253.09,Nifty Indices Historical Data — Total Returns Index Values,https://www.niftyindices.com/reports/historical-data
2023-11-06,28519.25,Nifty Indices Historical Data — Total Returns Index Values,https://www.niftyindices.com/reports/historical-data
2023-11-07,28511.81,Nifty Indices Historical Data — Total Returns Index Values,https://www.niftyindices.com/reports/historical-data
2023-11-08,28565.86,Nifty Indices Historical Data — Total Returns Index Values,https://www.niftyindices.com/reports/historical-data
2023-11-09,28495.08,Nifty Indices Historical Data — Total Returns Index Values,https://www.niftyindices.com/reports/historical-data
2023-11-10,28539.24,Nifty Indices Historical Data — Total Returns Index Values,https://www.niftyindices.com/reports/historical-data
2023-11-12,28686.47,Nifty Indices Historical Data — Total Returns Index Values,https://www.niftyindices.com/reports/historical-data
2023-11-13,28565.95,Nifty Indices Historical Data — Total Returns Index Values,https://www.niftyindices.com/reports/historical-data
2023-11-15,28906.7,Nifty Indices Historical Data — Total Returns Index Values,https://www.niftyindices.com/reports/historical-data
2023-11-16,29044.66,Nifty Indices Historical Data — Total Returns Index Values,https://www.niftyindices.com/reports/historical-data
2023-11-17,28995.52,Nifty Indices Historical Data — Total Returns Index Values,https://www.niftyindices.com/reports/historical-data
2023-11-20,28939.98,Nifty Indices Historical Data — Total Returns Index Values,https://www.niftyindices.com/reports/historical-data
2023-11-21,29071.36,Nifty Indices Historical Data — Total Returns Index Values,https://www.niftyindices.com/reports/historical-data
2023-11-22,29113.18,Nifty Indices Historical Data — Total Returns Index Values,https://www.niftyindices.com/reports/historical-data
2023-11-23,29098.74,Nifty Indices Historical Data — Total Returns Index Values,https://www.niftyindices.com/reports/historical-data
2023-11-24,29087.95,Nifty Indices Historical Data — Total Returns Index Values,https://www.niftyindices.com/reports/historical-data
2023-11-28,29227.61,Nifty Indices Historical Data — Total Returns Index Values,https://www.niftyindices.com/reports/historical-data
2023-11-29,29531.63,Nifty Indices Historical Data — Total Returns Index Values,https://www.niftyindices.com/reports/historical-data
2023-11-30,29585.36,Nifty Indices Historical Data — Total Returns Index Values,https://www.niftyindices.com/reports/historical-data
2023-12-01,29783.34,Nifty Indices Historical Data — Total Returns Index Values,https://www.niftyindices.com/reports/historical-data
2023-12-04,30398.91,Nifty Indices Historical Data — Total Returns Index Values,https://www.niftyindices.com/reports/historical-data
2023-12-05,30646.19,Nifty Indices Historical Data — Total Returns Index Values,https://www.niftyindices.com/reports/historical-data
2023-12-06,30767.6,Nifty Indices Historical Data — Total Returns Index Values,https://www.niftyindices.com/reports/historical-data
2023-12-07,30713.86,Nifty Indices Historical Data — Total Returns Index Values,https://www.niftyindices.com/reports/historical-data
2023-12-08,30814.15,Nifty Indices Historical Data — Total Returns Index Values,https://www.niftyindices.com/reports/historical-data
2023-12-11,30854.9,Nifty Indices Historical Data — Total Returns Index Values,https://www.niftyindices.com/reports/historical-data
2023-12-12,30721.59,Nifty Indices Historical Data — Total Returns Index Values,https://www.niftyindices.com/reports/historical-data
2023-12-13,30750.95,Nifty Indices Historical Data — Total Returns Index Values,https://www.niftyindices.com/reports/historical-data
2023-12-14,31127.6,Nifty Indices Historical Data — Total Returns Index Values,https://www.niftyindices.com/reports/historical-data
2023-12-15,31530.19,Nifty Indices Historical Data — Total Returns Index Values,https://www.niftyindices.com/reports/historical-data
2023-12-18,31474.35,Nifty Indices Historical Data — Total Returns Index Values,https://www.niftyindices.com/reports/historical-data
2023-12-19,31525.0,Nifty Indices Historical Data — Total Returns Index Values,https://www.niftyindices.com/reports/historical-data
2023-12-20,31079.76,Nifty Indices Historical Data — Total Returns Index Values,https://www.niftyindices.com/reports/historical-data
2023-12-21,31233.93,Nifty Indices Historical Data — Total Returns Index Values,https://www.niftyindices.com/reports/historical-data
2023-12-22,31372.6,Nifty Indices Historical Data — Total Returns Index Values,https://www.niftyindices.com/reports/historical-data
2023-12-26,31507.69,Nifty Indices Historical Data — Total Returns Index Values,https://www.niftyindices.com/reports/historical-data
2023-12-27,31821.31,Nifty Indices Historical Data — Total Returns Index Values,https://www.niftyindices.com/reports/historical-data
2023-12-28,32003.47,Nifty Indices Historical Data — Total Returns Index Values,https://www.niftyindices.com/reports/historical-data
2023-12-29,31933.93,Nifty Indices Historical Data — Total Returns Index Values,https://www.niftyindices.com/reports/historical-data
2024-01-01,31949.36,Nifty Indices Historical Data — Total Returns Index Values,https://www.niftyindices.com/reports/historical-data
2024-01-02,31837.56,Nifty Indices Historical Data — Total Returns Index Values,https://www.niftyindices.com/reports/historical-data
2024-01-03,31619.36,Nifty Indices Historical Data — Total Returns Index Values,https://www.niftyindices.com/reports/historical-data
2024-01-04,31826.97,Nifty Indices Historical Data — Total Returns Index Values,https://www.niftyindices.com/reports/historical-data
2024-01-05,31903.69,Nifty Indices Historical Data — Total Returns Index Values,https://www.niftyindices.com/reports/historical-data
2024-01-08,31613.01,Nifty Indices Historical Data — Total Returns Index Values,https://www.niftyindices.com/reports/historical-data
2024-01-09,31659.81,Nifty Indices Historical Data — Total Returns Index Values,https://www.niftyindices.com/reports/historical-data
2024-01-10,31768.3,Nifty Indices Historical Data — Total Returns Index Values,https://www.niftyindices.com/reports/historical-data
2024-01-11,31810.18,Nifty Indices Historical Data — Total Returns Index Values,https://www.niftyindices.com/reports/historical-data
2024-01-12,32173.66,Nifty Indices Historical Data — Total Returns Index Values,https://www.niftyindices.com/reports/historical-data
2024-01-15,32471.8,Nifty Indices Historical Data — Total Returns Index Values,https://www.niftyindices.com/reports/historical-data
2024-01-16,32376.1,Nifty Indices Historical Data — Total Returns Index Values,https://www.niftyindices.com/reports/historical-data
2024-01-17,31699.64,Nifty Indices Historical Data — Total Returns Index Values,https://www.niftyindices.com/reports/historical-data
2024-01-18,31538.4,Nifty Indices Historical Data — Total Returns Index Values,https://www.niftyindices.com/reports/historical-data
2024-01-19,31787.24,Nifty Indices Historical Data — Total Returns Index Values,https://www.niftyindices.com/reports/historical-data
2024-01-20,31712.86,Nifty Indices Historical Data — Total Returns Index Values,https://www.niftyindices.com/reports/historical-data
2024-01-23,31223.3,Nifty Indices Historical Data — Total Returns Index Values,https://www.niftyindices.com/reports/historical-data
2024-01-24,31540.07,Nifty Indices Historical Data — Total Returns Index Values,https://www.niftyindices.com/reports/historical-data
2024-01-25,31391.07,Nifty Indices Historical Data — Total Returns Index Values,https://www.niftyindices.com/reports/historical-data
2024-01-29,31957.05,Nifty Indices Historical Data — Total Returns Index Values,https://www.niftyindices.com/reports/historical-data
2024-01-30,31640.24,Nifty Indices Historical Data — Total Returns Index Values,https://www.niftyindices.com/reports/historical-data
2024-01-31,31939.59,Nifty Indices Historical Data — Total Returns Index Values,https://www.niftyindices.com/reports/historical-data
2024-02-01,31898.06,Nifty Indices Historical Data — Total Returns Index Values,https://www.niftyindices.com/reports/historical-data
2024-02-02,32127.9,Nifty Indices Historical Data — Total Returns Index Values,https://www.niftyindices.com/reports/historical-data
2024-02-05,32007.18,Nifty Indices Historical Data — Total Returns Index Values,https://www.niftyindices.com/reports/historical-data
2024-02-06,32242.59,Nifty Indices Historical Data — Total Returns Index Values,https://www.niftyindices.com/reports/historical-data
2024-02-07,32244.22,Nifty Indices Historical Data — Total Returns Index Values,https://www.niftyindices.com/reports/historical-data
2024-02-08,31950.32,Nifty Indices Historical Data — Total Returns Index Values,https://www.niftyindices.com/reports/historical-data
2024-02-09,32048.38,Nifty Indices Historical Data — Total Returns Index Values,https://www.niftyindices.com/reports/historical-data
2024-02-12,31803.52,Nifty Indices Historical Data — Total Returns Index Values,https://www.niftyindices.com/reports/historical-data
2024-02-13,31990.61,Nifty Indices Historical Data — Total Returns Index Values,https://www.niftyindices.com/reports/historical-data
2024-02-14,32133.04,Nifty Indices Historical Data — Total Returns Index Values,https://www.niftyindices.com/reports/historical-data
2024-02-15,32244.79,Nifty Indices Historical Data — Total Returns Index Values,https://www.niftyindices.com/reports/historical-data
2024-02-16,32441.32,Nifty Indices Historical Data — Total Returns Index Values,https://www.niftyindices.com/reports/historical-data
2024-02-19,32561.34,Nifty Indices Historical Data — Total Returns Index Values,https://www.niftyindices.com/reports/historical-data
2024-02-20,32675.53,Nifty Indices Historical Data — Total Returns Index Values,https://www.niftyindices.com/reports/historical-data
2024-02-21,32466.65,Nifty Indices Historical Data — Total Returns Index Values,https://www.niftyindices.com/reports/historical-data
2024-02-22,32705.7,Nifty Indices Historical Data — Total Returns Index Values,https://www.niftyindices.com/reports/historical-data
2024-02-23,32698.69,Nifty Indices Historical Data — Total Returns Index Values,https://www.niftyindices.com/reports/historical-data
2024-02-26,32565.29,Nifty Indices Historical Data — Total Returns Index Values,https://www.niftyindices.com/reports/historical-data
2024-02-27,32677.61,Nifty Indices Historical Data — Total Returns Index Values,https://www.niftyindices.com/reports/historical-data
2024-02-28,32313.7,Nifty Indices Historical Data — Total Returns Index Values,https://www.niftyindices.com/reports/historical-data
2024-02-29,32360.25,Nifty Indices Historical Data — Total Returns Index Values,https://www.niftyindices.com/reports/historical-data
2024-03-01,32884.29,Nifty Indices Historical Data — Total Returns Index Values,https://www.niftyindices.com/reports/historical-data
2024-03-02,32942.63,Nifty Indices Historical Data — Total Returns Index Values,https://www.niftyindices.com/reports/historical-data
2024-03-04,32982.68,Nifty Indices Historical Data — Total Returns Index Values,https://www.niftyindices.com/reports/historical-data
2024-03-05,32910.07,Nifty Indices Historical Data — Total Returns Index Values,https://www.niftyindices.com/reports/historical-data
2024-03-06,33083.42,Nifty Indices Historical Data — Total Returns Index Values,https://www.niftyindices.com/reports/historical-data
2024-03-07,33112.15,Nifty Indices Historical Data — Total Returns Index Values,https://www.niftyindices.com/reports/historical-data
2024-03-11,32875.25,Nifty Indices Historical Data — Total Returns Index Values,https://www.niftyindices.com/reports/historical-data
2024-03-12,32879.74,Nifty Indices Historical Data — Total Returns Index Values,https://www.niftyindices.com/reports/historical-data
2024-03-13,32382.22,Nifty Indices Historical Data — Total Returns Index Values,https://www.niftyindices.com/reports/historical-data
2024-03-14,32601.49,Nifty Indices Historical Data — Total Returns Index Values,https://www.niftyindices.com/reports/historical-data
2024-03-15,32420.41,Nifty Indices Historical Data — Total Returns Index Values,https://www.niftyindices.com/reports/historical-data
2024-03-18,32468.0,Nifty Indices Historical Data — Total Returns Index Values,https://www.niftyindices.com/reports/historical-data
2024-03-19,32117.3,Nifty Indices Historical Data — Total Returns Index Values,https://www.niftyindices.com/reports/historical-data
2024-03-20,32149.17,Nifty Indices Historical Data — Total Returns Index Values,https://www.niftyindices.com/reports/historical-data
2024-03-21,32403.6,Nifty Indices Historical Data — Total Returns Index Values,https://www.niftyindices.com/reports/historical-data
2024-03-22,32528.43,Nifty Indices Historical Data — Total Returns Index Values,https://www.niftyindices.com/reports/historical-data
2024-03-26,32392.94,Nifty Indices Historical Data — Total Returns Index Values,https://www.niftyindices.com/reports/historical-data
2024-03-27,32568.01,Nifty Indices Historical Data — Total Returns Index Values,https://www.niftyindices.com/reports/historical-data
2024-03-28,32867.23,Nifty Indices Historical Data — Total Returns Index Values,https://www.niftyindices.com/reports/historical-data
2024-04-01,33066.13,Nifty Indices Historical Data — Total Returns Index Values,https://www.niftyindices.com/reports/historical-data
2024-04-02,33053.33,Nifty Indices Historical Data — Total Returns Index Values,https://www.niftyindices.com/reports/historical-data
2024-04-03,33025.82,Nifty Indices Historical Data — Total Returns Index Values,https://www.niftyindices.com/reports/historical-data
2024-04-04,33143.59,Nifty Indices Historical Data — Total Returns Index Values,https://www.niftyindices.com/reports/historical-data
2024-04-05,33142.19,Nifty Indices Historical Data — Total Returns Index Values,https://www.niftyindices.com/reports/historical-data
2024-04-08,33366.87,Nifty Indices Historical Data — Total Returns Index Values,https://www.niftyindices.com/reports/historical-data
2024-04-09,33332.19,Nifty Indices Historical Data — Total Returns Index Values,https://www.niftyindices.com/reports/historical-data
2024-04-10,33495.65,Nifty Indices Historical Data — Total Returns Index Values,https://www.niftyindices.com/reports/historical-data
2024-04-12,33150.59,Nifty Indices Historical Data — Total Returns Index Values,https://www.niftyindices.com/reports/historical-data
2024-04-15,32787.15,Nifty Indices Historical Data — Total Returns Index Values,https://www.niftyindices.com/reports/historical-data
2024-04-16,32603.74,Nifty Indices Historical Data — Total Returns Index Values,https://www.niftyindices.com/reports/historical-data
2024-04-18,32379.9,Nifty Indices Historical Data — Total Returns Index Values,https://www.niftyindices.com/reports/historical-data
2024-04-19,32602.42,Nifty Indices Historical Data — Total Returns Index Values,https://www.niftyindices.com/reports/historical-data
2024-04-22,32881.22,Nifty Indices Historical Data — Total Returns Index Values,https://www.niftyindices.com/reports/historical-data
2024-04-23,32927.73,Nifty Indices Historical Data — Total Returns Index Values,https://www.niftyindices.com/reports/historical-data
2024-04-24,32978.37,Nifty Indices Historical Data — Total Returns Index Values,https://www.niftyindices.com/reports/historical-data
2024-04-25,33225.64,Nifty Indices Historical Data — Total Returns Index Values,https://www.niftyindices.com/reports/historical-data
2024-04-26,33004.19,Nifty Indices Historical Data — Total Returns Index Values,https://www.niftyindices.com/reports/historical-data
2024-04-29,33333.12,Nifty Indices Historical Data — Total Returns Index Values,https://www.niftyindices.com/reports/historical-data
2024-04-30,33276.41,Nifty Indices Historical Data — Total Returns Index Values,https://www.niftyindices.com/reports/historical-data
2024-05-02,33340.2,Nifty Indices Historical Data — Total Returns Index Values,https://www.niftyindices.com/reports/historical-data
2024-05-03,33086.51,Nifty Indices Historical Data — Total Returns Index Values,https://www.niftyindices.com/reports/historical-data
2024-05-06,33037.73,Nifty Indices Historical Data — Total Returns Index Values,https://www.niftyindices.com/reports/historical-data
2024-05-07,32837.71,Nifty Indices Historical Data — Total Returns Index Values,https://www.niftyindices.com/reports/historical-data
2024-05-08,32837.65,Nifty Indices Historical Data — Total Returns Index Values,https://www.niftyindices.com/reports/historical-data
2024-05-09,32329.72,Nifty Indices Historical Data — Total Returns Index Values,https://www.niftyindices.com/reports/historical-data
2024-05-10,32522.55,Nifty Indices Historical Data — Total Returns Index Values,https://www.niftyindices.com/reports/historical-data
2024-05-13,32594.61,Nifty Indices Historical Data — Total Returns Index Values,https://www.niftyindices.com/reports/historical-data
2024-05-14,32762.37,Nifty Indices Historical Data — Total Returns Index Values,https://www.niftyindices.com/reports/historical-data
2024-05-15,32736.91,Nifty Indices Historical Data — Total Returns Index Values,https://www.niftyindices.com/reports/historical-data
2024-05-16,33046.16,Nifty Indices Historical Data — Total Returns Index Values,https://www.niftyindices.com/reports/historical-data
2024-05-17,33138.02,Nifty Indices Historical Data — Total Returns Index Values,https://www.niftyindices.com/reports/historical-data
2024-05-18,33190.97,Nifty Indices Historical Data — Total Returns Index Values,https://www.niftyindices.com/reports/historical-data
2024-05-21,33230.84,Nifty Indices Historical Data — Total Returns Index Values,https://www.niftyindices.com/reports/historical-data
2024-05-22,33349.84,Nifty Indices Historical Data — Total Returns Index Values,https://www.niftyindices.com/reports/historical-data
2024-05-23,33895.66,Nifty Indices Historical Data — Total Returns Index Values,https://www.niftyindices.com/reports/historical-data
2024-05-24,33881.75,Nifty Indices Historical Data — Total Returns Index Values,https://www.niftyindices.com/reports/historical-data
2024-05-27,33845.39,Nifty Indices Historical Data — Total Returns Index Values,https://www.niftyindices.com/reports/historical-data
2024-05-28,33780.01,Nifty Indices Historical Data — Total Returns Index Values,https://www.niftyindices.com/reports/historical-data
2024-05-29,33509.23,Nifty Indices Historical Data — Total Returns Index Values,https://www.niftyindices.com/reports/historical-data
2024-05-30,33190.35,Nifty Indices Historical Data — Total Returns Index Values,https://www.niftyindices.com/reports/historical-data
2024-05-31,33285.9,Nifty Indices Historical Data — Total Returns Index Values,https://www.niftyindices.com/reports/historical-data
2024-06-03,34369.13,Nifty Indices Historical Data — Total Returns Index Values,https://www.niftyindices.com/reports/historical-data
2024-06-04,32353.5,Nifty Indices Historical Data — Total Returns Index Values,https://www.niftyindices.com/reports/historical-data
2024-06-05,33441.4,Nifty Indices Historical Data — Total Returns Index Values,https://www.niftyindices.com/reports/historical-data
2024-06-06,33738.58,Nifty Indices Historical Data — Total Returns Index Values,https://www.niftyindices.com/reports/historical-data
2024-06-07,34431.61,Nifty Indices Historical Data — Total Returns Index Values,https://www.niftyindices.com/reports/historical-data
2024-06-10,34385.84,Nifty Indices Historical Data — Total Returns Index Values,https://www.niftyindices.com/reports/historical-data
2024-06-11,34402.0,Nifty Indices Historical Data — Total Returns Index Values,https://www.niftyindices.com/reports/historical-data
2024-06-12,34487.88,Nifty Indices Historical Data — Total Returns Index Values,https://www.niftyindices.com/reports/historical-data
2024-06-13,34600.19,Nifty Indices Historical Data — Total Returns Index Values,https://www.niftyindices.com/reports/historical-data
2024-06-14,34710.67,Nifty Indices Historical Data — Total Returns Index Values,https://www.niftyindices.com/reports/historical-data
2024-06-18,34847.24,Nifty Indices Historical Data — Total Returns Index Values,https://www.niftyindices.com/reports/historical-data
2024-06-19,34786.58,Nifty Indices Historical Data — Total Returns Index Values,https://www.niftyindices.com/reports/historical-data
2024-06-20,34873.15,Nifty Indices Historical Data — Total Returns Index Values,https://www.niftyindices.com/reports/historical-data
2024-06-21,34779.9,Nifty Indices Historical Data — Total Returns Index Values,https://www.niftyindices.com/reports/historical-data
2024-06-24,34834.33,Nifty Indices Historical Data — Total Returns Index Values,https://www.niftyindices.com/reports/historical-data
2024-06-25,35105.79,Nifty Indices Historical Data — Total Returns Index Values,https://www.niftyindices.com/reports/historical-data
2024-06-26,35324.11,Nifty Indices Historical Data — Total Returns Index Values,https://www.niftyindices.com/reports/historical-data
2024-06-27,35585.62,Nifty Indices Historical Data — Total Returns Index Values,https://www.niftyindices.com/reports/historical-data
2024-06-28,35539.16,Nifty Indices Historical Data — Total Returns Index Values,https://www.niftyindices.com/reports/historical-data
2024-07-01,35733.58,Nifty Indices Historical Data — Total Returns Index Values,https://www.niftyindices.com/reports/historical-data
2024-07-02,35706.77,Nifty Indices Historical Data — Total Returns Index Values,https://www.niftyindices.com/reports/historical-data
2024-07-03,35947.53,Nifty Indices Historical Data — Total Returns Index Values,https://www.niftyindices.com/reports/historical-data
2024-07-04,35970.64,Nifty Indices Historical Data — Total Returns Index Values,https://www.niftyindices.com/reports/historical-data
2024-07-05,36009.61,Nifty Indices Historical Data — Total Returns Index Values,https://www.niftyindices.com/reports/historical-data
2024-07-08,36004.74,Nifty Indices Historical Data — Total Returns Index Values,https://www.niftyindices.com/reports/historical-data
2024-07-09,36173.87,Nifty Indices Historical Data — Total Returns Index Values,https://www.niftyindices.com/reports/historical-data
2024-07-10,36012.82,Nifty Indices Historical Data — Total Returns Index Values,https://www.niftyindices.com/reports/historical-data
2024-07-11,36000.25,Nifty Indices Historical Data — Total Returns Index Values,https://www.niftyindices.com/reports/historical-data
2024-07-12,36278.67,Nifty Indices Historical Data — Total Returns Index Values,https://www.niftyindices.com/reports/historical-data
2024-07-15,36403.86,Nifty Indices Historical Data — Total Returns Index Values,https://www.niftyindices.com/reports/historical-data
2024-07-16,36445.79,Nifty Indices Historical Data — Total Returns Index Values,https://www.niftyindices.com/reports/historical-data
2024-07-18,36723.93,Nifty Indices Historical Data — Total Returns Index Values,https://www.niftyindices.com/reports/historical-data
2024-07-19,36328.6,Nifty Indices Historical Data — Total Returns Index Values,https://www.niftyindices.com/reports/historical-data
2024-07-22,36296.55,Nifty Indices Historical Data — Total Returns Index Values,https://www.niftyindices.com/reports/historical-data
2024-07-23,36257.51,Nifty Indices Historical Data — Total Returns Index Values,https://www.niftyindices.com/reports/historical-data
2024-07-24,36160.36,Nifty Indices Historical Data — Total Returns Index Values,https://www.niftyindices.com/reports/historical-data
2024-07-25,36149.4,Nifty Indices Historical Data — Total Returns Index Values,https://www.niftyindices.com/reports/historical-data
2024-07-26,36784.48,Nifty Indices Historical Data — Total Returns Index Values,https://www.niftyindices.com/reports/historical-data
2024-07-29,36786.3,Nifty Indices Historical Data — Total Returns Index Values,https://www.niftyindices.com/reports/historical-data
2024-07-30,36820.47,Nifty Indices Historical Data — Total Returns Index Values,https://www.niftyindices.com/reports/historical-data
2024-07-31,36959.48,Nifty Indices Historical Data — Total Returns Index Values,https://www.niftyindices.com/reports/historical-data
2024-08-01,37049.7,Nifty Indices Historical Data — Total Returns Index Values,https://www.niftyindices.com/reports/historical-data
2024-08-02,36624.49,Nifty Indices Historical Data — Total Returns Index Values,https://www.niftyindices.com/reports/historical-data
2024-08-05,35646.37,Nifty Indices Historical Data — Total Returns Index Values,https://www.niftyindices.com/reports/historical-data
2024-08-06,35554.15,Nifty Indices Historical Data — Total Returns Index Values,https://www.niftyindices.com/reports/historical-data
2024-08-07,36020.75,Nifty Indices Historical Data — Total Returns Index Values,https://www.niftyindices.com/reports/historical-data
2024-08-08,35753.12,Nifty Indices Historical Data — Total Returns Index Values,https://www.niftyindices.com/reports/historical-data
2024-08-09,36126.23,Nifty Indices Historical Data — Total Returns Index Values,https://www.niftyindices.com/reports/historical-data
2024-08-12,36119.45,Nifty Indices Historical Data — Total Returns Index Values,https://www.niftyindices.com/reports/historical-data
2024-08-13,35810.83,Nifty Indices Historical Data — Total Returns Index Values,https://www.niftyindices.com/reports/historical-data
2024-08-14,35817.89,Nifty Indices Historical Data — Total Returns Index Values,https://www.niftyindices.com/reports/historical-data
2024-08-16,36415.85,Nifty Indices Historical Data — Total Returns Index Values,https://www.niftyindices.com/reports/historical-data
2024-08-19,36473.95,Nifty Indices Historical Data — Total Returns Index Values,https://www.niftyindices.com/reports/historical-data
2024-08-20,36661.24,Nifty Indices Historical Data — Total Returns Index Values,https://www.niftyindices.com/reports/historical-data
2024-08-21,36767.19,Nifty Indices Historical Data — Total Returns Index Values,https://www.niftyindices.com/reports/historical-data
2024-08-22,36828.5,Nifty Indices Historical Data — Total Returns Index Values,https://www.niftyindices.com/reports/historical-data
2024-08-23,36849.02,Nifty Indices Historical Data — Total Returns Index Values,https://www.niftyindices.com/reports/historical-data
2024-08-26,37127.3,Nifty Indices Historical Data — Total Returns Index Values,https://www.niftyindices.com/reports/historical-data
2024-08-27,37137.91,Nifty Indices Historical Data — Total Returns Index Values,https://www.niftyindices.com/reports/historical-data
2024-08-28,37189.27,Nifty Indices Historical Data — Total Returns Index Values,https://www.niftyindices.com/reports/historical-data
2024-08-29,37337.09,Nifty Indices Historical Data — Total Returns Index Values,https://www.niftyindices.com/reports/historical-data
2024-08-30,37461.73,Nifty Indices Historical Data — Total Returns Index Values,https://www.niftyindices.com/reports/historical-data
2024-09-02,37525.28,Nifty Indices Historical Data — Total Returns Index Values,https://www.niftyindices.com/reports/historical-data
2024-09-03,37526.97,Nifty Indices Historical Data — Total Returns Index Values,https://www.niftyindices.com/reports/historical-data
2024-09-04,37406.55,Nifty Indices Historical Data — Total Returns Index Values,https://www.niftyindices.com/reports/historical-data
2024-09-05,37326.99,Nifty Indices Historical Data — Total Returns Index Values,https://www.niftyindices.com/reports/historical-data
2024-09-06,36892.07,Nifty Indices Historical Data — Total Returns Index Values,https://www.niftyindices.com/reports/historical-data
2024-09-09,37017.15,Nifty Indices Historical Data — Total Returns Index Values,https://www.niftyindices.com/reports/historical-data
2024-09-10,37172.57,Nifty Indices Historical Data — Total Returns Index Values,https://www.niftyindices.com/reports/historical-data
2024-09-11,36990.52,Nifty Indices Historical Data — Total Returns Index Values,https://www.niftyindices.com/reports/historical-data
2024-09-12,37688.9,Nifty Indices Historical Data — Total Returns Index Values,https://www.niftyindices.com/reports/historical-data
2024-09-13,37640.8,Nifty Indices Historical Data — Total Returns Index Values,https://www.niftyindices.com/reports/historical-data
2024-09-16,37681.24,Nifty Indices Historical Data — Total Returns Index Values,https://www.niftyindices.com/reports/historical-data
2024-09-17,37732.87,Nifty Indices Historical Data — Total Returns Index Values,https://www.niftyindices.com/reports/historical-data
2024-09-18,37672.03,Nifty Indices Historical Data — Total Returns Index Values,https://www.niftyindices.com/reports/historical-data
2024-09-19,37728.83,Nifty Indices Historical Data — Total Returns Index Values,https://www.niftyindices.com/reports/historical-data
2024-09-20,38285.67,Nifty Indices Historical Data — Total Returns Index Values,https://www.niftyindices.com/reports/historical-data
2024-09-23,38505.51,Nifty Indices Historical Data — Total Returns Index Values,https://www.niftyindices.com/reports/historical-data
2024-09-24,38507.55,Nifty Indices Historical Data — Total Returns Index Values,https://www.niftyindices.com/reports/historical-data
2024-09-25,38602.21,Nifty Indices Historical Data — Total Returns Index Values,https://www.niftyindices.com/reports/historical-data
2024-09-26,38916.76,Nifty Indices Historical Data — Total Returns Index Values,https://www.niftyindices.com/reports/historical-data
2024-09-27,38861.64,Nifty Indices Historical Data — Total Returns Index Values,https://www.niftyindices.com/reports/historical-data
2024-09-30,38315.21,Nifty Indices Historical Data — Total Returns Index Values,https://www.niftyindices.com/reports/historical-data
2024-10-01,38294.54,Nifty Indices Historical Data — Total Returns Index Values,https://www.niftyindices.com/reports/historical-data
2024-10-03,37482.84,Nifty Indices Historical Data — Total Returns Index Values,https://www.niftyindices.com/reports/historical-data
2024-10-04,37133.25,Nifty Indices Historical Data — Total Returns Index Values,https://www.niftyindices.com/reports/historical-data
2024-10-07,36808.37,Nifty Indices Historical Data — Total Returns Index Values,https://www.niftyindices.com/reports/historical-data
2024-10-08,37131.07,Nifty Indices Historical Data — Total Returns Index Values,https://www.niftyindices.com/reports/historical-data
2024-10-09,37084.75,Nifty Indices Historical Data — Total Returns Index Values,https://www.niftyindices.com/reports/historical-data
2024-10-10,37109.26,Nifty Indices Historical Data — Total Returns Index Values,https://www.niftyindices.com/reports/historical-data
2024-10-11,37058.49,Nifty Indices Historical Data — Total Returns Index Values,https://www.niftyindices.com/reports/historical-data
2024-10-14,37301.5,Nifty Indices Historical Data — Total Returns Index Values,https://www.niftyindices.com/reports/historical-data
2024-10-15,37196.69,Nifty Indices Historical Data — Total Returns Index Values,https://www.niftyindices.com/reports/historical-data
2024-10-16,37068.99,Nifty Indices Historical Data — Total Returns Index Values,https://www.niftyindices.com/reports/historical-data
2024-10-17,36740.25,Nifty Indices Historical Data — Total Returns Index Values,https://www.niftyindices.com/reports/historical-data
2024-10-18,36898.25,Nifty Indices Historical Data — Total Returns Index Values,https://www.niftyindices.com/reports/historical-data
2024-10-21,36789.95,Nifty Indices Historical Data — Total Returns Index Values,https://www.niftyindices.com/reports/historical-data
2024-10-22,36335.46,Nifty Indices Historical Data — Total Returns Index Values,https://www.niftyindices.com/reports/historical-data
2024-10-23,36281.1,Nifty Indices Historical Data — Total Returns Index Values,https://www.niftyindices.com/reports/historical-data
2024-10-24,36227.52,Nifty Indices Historical Data — Total Returns Index Values,https://www.niftyindices.com/reports/historical-data
2024-10-25,35902.92,Nifty Indices Historical Data — Total Returns Index Values,https://www.niftyindices.com/reports/historical-data
2024-10-28,36138.03,Nifty Indices Historical Data — Total Returns Index Values,https://www.niftyindices.com/reports/historical-data
2024-10-29,36352.63,Nifty Indices Historical Data — Total Returns Index Values,https://www.niftyindices.com/reports/historical-data
2024-10-30,36165.43,Nifty Indices Historical Data — Total Returns Index Values,https://www.niftyindices.com/reports/historical-data
2024-10-31,35971.14,Nifty Indices Historical Data — Total Returns Index Values,https://www.niftyindices.com/reports/historical-data
2024-11-01,36118.25,Nifty Indices Historical Data — Total Returns Index Values,https://www.niftyindices.com/reports/historical-data
2024-11-04,35659.07,Nifty Indices Historical Data — Total Returns Index Values,https://www.niftyindices.com/reports/historical-data
2024-11-05,35982.96,Nifty Indices Historical Data — Total Returns Index Values,https://www.niftyindices.com/reports/historical-data
2024-11-06,36393.85,Nifty Indices Historical Data — Total Returns Index Values,https://www.niftyindices.com/reports/historical-data
2024-11-07,35972.74,Nifty Indices Historical Data — Total Returns Index Values,https://www.niftyindices.com/reports/historical-data
2024-11-08,35896.71,Nifty Indices Historical Data — Total Returns Index Values,https://www.niftyindices.com/reports/historical-data
2024-11-11,35886.42,Nifty Indices Historical Data — Total Returns Index Values,https://www.niftyindices.com/reports/historical-data
2024-11-12,35503.11,Nifty Indices Historical Data — Total Returns Index Values,https://www.niftyindices.com/reports/historical-data
2024-11-13,35020.93,Nifty Indices Historical Data — Total Returns Index Values,https://www.niftyindices.com/reports/historical-data
2024-11-14,34988.48,Nifty Indices Historical Data — Total Returns Index Values,https://www.niftyindices.com/reports/historical-data
2024-11-18,34871.21,Nifty Indices Historical Data — Total Returns Index Values,https://www.niftyindices.com/reports/historical-data
2024-11-19,34968.0,Nifty Indices Historical Data — Total Returns Index Values,https://www.niftyindices.com/reports/historical-data
2024-11-21,34717.32,Nifty Indices Historical Data — Total Returns Index Values,https://www.niftyindices.com/reports/historical-data
2024-11-22,35546.01,Nifty Indices Historical Data — Total Returns Index Values,https://www.niftyindices.com/reports/historical-data
2024-11-25,36013.85,Nifty Indices Historical Data — Total Returns Index Values,https://www.niftyindices.com/reports/historical-data
2024-11-26,35973.11,Nifty Indices Historical Data — Total Returns Index Values,https://www.niftyindices.com/reports/historical-data
2024-11-27,36092.65,Nifty Indices Historical Data — Total Returns Index Values,https://www.niftyindices.com/reports/historical-data
2024-11-28,35556.27,Nifty Indices Historical Data — Total Returns Index Values,https://www.niftyindices.com/reports/historical-data
2024-11-29,35878.82,Nifty Indices Historical Data — Total Returns Index Values,https://www.niftyindices.com/reports/historical-data
2024-12-02,36094.39,Nifty Indices Historical Data — Total Returns Index Values,https://www.niftyindices.com/reports/historical-data
2024-12-03,36363.63,Nifty Indices Historical Data — Total Returns Index Values,https://www.niftyindices.com/reports/historical-data
2024-12-04,36378.91,Nifty Indices Historical Data — Total Returns Index Values,https://www.niftyindices.com/reports/historical-data
2024-12-05,36737.18,Nifty Indices Historical Data — Total Returns Index Values,https://www.niftyindices.com/reports/historical-data
2024-12-06,36691.68,Nifty Indices Historical Data — Total Returns Index Values,https://www.niftyindices.com/reports/historical-data
2024-12-09,36604.29,Nifty Indices Historical Data — Total Returns Index Values,https://www.niftyindices.com/reports/historical-data
2024-12-10,36590.98,Nifty Indices Historical Data — Total Returns Index Values,https://www.niftyindices.com/reports/historical-data
2024-12-11,36638.14,Nifty Indices Historical Data — Total Returns Index Values,https://www.niftyindices.com/reports/historical-data
2024-12-12,36499.75,Nifty Indices Historical Data — Total Returns Index Values,https://www.niftyindices.com/reports/historical-data
2024-12-13,36826.27,Nifty Indices Historical Data — Total Returns Index Values,https://www.niftyindices.com/reports/historical-data
2024-12-16,36677.48,Nifty Indices Historical Data — Total Returns Index Values,https://www.niftyindices.com/reports/historical-data
2024-12-17,36183.53,Nifty Indices Historical Data — Total Returns Index Values,https://www.niftyindices.com/reports/historical-data
2024-12-18,35979.58,Nifty Indices Historical Data — Total Returns Index Values,https://www.niftyindices.com/reports/historical-data
2024-12-19,35612.11,Nifty Indices Historical Data — Total Returns Index Values,https://www.niftyindices.com/reports/historical-data
2024-12-20,35070.59,Nifty Indices Historical Data — Total Returns Index Values,https://www.niftyindices.com/reports/historical-data
2024-12-23,35317.36,Nifty Indices Historical Data — Total Returns Index Values,https://www.niftyindices.com/reports/historical-data
2024-12-24,35278.97,Nifty Indices Historical Data — Total Returns Index Values,https://www.niftyindices.com/reports/historical-data
2024-12-26,35312.5,Nifty Indices Historical Data — Total Returns Index Values,https://www.niftyindices.com/reports/historical-data
2024-12-27,35406.5,Nifty Indices Historical Data — Total Returns Index Values,https://www.niftyindices.com/reports/historical-data
2024-12-30,35155.94,Nifty Indices Historical Data — Total Returns Index Values,https://www.niftyindices.com/reports/historical-data
2024-12-31,35155.77,Nifty Indices Historical Data — Total Returns Index Values,https://www.niftyindices.com/reports/historical-data
2025-01-01,35301.63,Nifty Indices Historical Data — Total Returns Index Values,https://www.niftyindices.com/reports/historical-data
2025-01-02,35964.43,Nifty Indices Historical Data — Total Returns Index Values,https://www.niftyindices.com/reports/historical-data
2025-01-03,35690.96,Nifty Indices Historical Data — Total Returns Index Values,https://www.niftyindices.com/reports/historical-data
2025-01-06,35113.04,Nifty Indices Historical Data — Total Returns Index Values,https://www.niftyindices.com/reports/historical-data
2025-01-07,35249.64,Nifty Indices Historical Data — Total Returns Index Values,https://www.niftyindices.com/reports/historical-data
2025-01-08,35221.43,Nifty Indices Historical Data — Total Returns Index Values,https://www.niftyindices.com/reports/historical-data
2025-01-09,34979.91,Nifty Indices Historical Data — Total Returns Index Values,https://www.niftyindices.com/reports/historical-data
2025-01-10,34838.66,Nifty Indices Historical Data — Total Returns Index Values,https://www.niftyindices.com/reports/historical-data
2025-01-13,34324.87,Nifty Indices Historical Data — Total Returns Index Values,https://www.niftyindices.com/reports/historical-data
2025-01-14,34458.87,Nifty Indices Historical Data — Total Returns Index Values,https://www.niftyindices.com/reports/historical-data
2025-01-15,34514.06,Nifty Indices Historical Data — Total Returns Index Values,https://www.niftyindices.com/reports/historical-data
2025-01-16,34660.67,Nifty Indices Historical Data — Total Returns Index Values,https://www.niftyindices.com/reports/historical-data
2025-01-17,34531.21,Nifty Indices Historical Data — Total Returns Index Values,https://www.niftyindices.com/reports/historical-data
2025-01-20,34741.89,Nifty Indices Historical Data — Total Returns Index Values,https://www.niftyindices.com/reports/historical-data
2025-01-21,34265.55,Nifty Indices Historical Data — Total Returns Index Values,https://www.niftyindices.com/reports/historical-data
2025-01-22,34460.03,Nifty Indices Historical Data — Total Returns Index Values,https://www.niftyindices.com/reports/historical-data
2025-01-23,34534.46,Nifty Indices Historical Data — Total Returns Index Values,https://www.niftyindices.com/reports/historical-data
2025-01-24,34366.04,Nifty Indices Historical Data — Total Returns Index Values,https://www.niftyindices.com/reports/historical-data
2025-01-27,33974.58,Nifty Indices Historical Data — Total Returns Index Values,https://www.niftyindices.com/reports/historical-data
2025-01-28,34165.22,Nifty Indices Historical Data — Total Returns Index Values,https://www.niftyindices.com/reports/historical-data
2025-01-29,34474.8,Nifty Indices Historical Data — Total Returns Index Values,https://www.niftyindices.com/reports/historical-data
2025-01-30,34603.4,Nifty Indices Historical Data — Total Returns Index Values,https://www.niftyindices.com/reports/historical-data
2025-01-31,34998.01,Nifty Indices Historical Data — Total Returns Index Values,https://www.niftyindices.com/reports/historical-data
2025-02-01,34958.89,Nifty Indices Historical Data — Total Returns Index Values,https://www.niftyindices.com/reports/historical-data
2025-02-03,34778.66,Nifty Indices Historical Data — Total Returns Index Values,https://www.niftyindices.com/reports/historical-data
2025-02-04,35341.64,Nifty Indices Historical Data — Total Returns Index Values,https://www.niftyindices.com/reports/historical-data
2025-02-05,35277.7,Nifty Indices Historical Data — Total Returns Index Values,https://www.niftyindices.com/reports/historical-data
2025-02-06,35143.08,Nifty Indices Historical Data — Total Returns Index Values,https://www.niftyindices.com/reports/historical-data
2025-02-07,35091.5,Nifty Indices Historical Data — Total Returns Index Values,https://www.niftyindices.com/reports/historical-data
2025-02-10,34825.87,Nifty Indices Historical Data — Total Returns Index Values,https://www.niftyindices.com/reports/historical-data
2025-02-11,34364.39,Nifty Indices Historical Data — Total Returns Index Values,https://www.niftyindices.com/reports/historical-data
2025-02-12,34344.93,Nifty Indices Historical Data — Total Returns Index Values,https://www.niftyindices.com/reports/historical-data
2025-02-13,34324.31,Nifty Indices Historical Data — Total Returns Index Values,https://www.niftyindices.com/reports/historical-data
2025-02-14,34172.38,Nifty Indices Historical Data — Total Returns Index Values,https://www.niftyindices.com/reports/historical-data
2025-02-17,34217.48,Nifty Indices Historical Data — Total Returns Index Values,https://www.niftyindices.com/reports/historical-data
2025-02-18,34196.32,Nifty Indices Historical Data — Total Returns Index Values,https://www.niftyindices.com/reports/historical-data
2025-02-19,34177.82,Nifty Indices Historical Data — Total Returns Index Values,https://www.niftyindices.com/reports/historical-data
2025-02-20,34148.36,Nifty Indices Historical Data — Total Returns Index Values,https://www.niftyindices.com/reports/historical-data
2025-02-21,33973.61,Nifty Indices Historical Data — Total Returns Index Values,https://www.niftyindices.com/reports/historical-data
2025-02-24,33612.18,Nifty Indices Historical Data — Total Returns Index Values,https://www.niftyindices.com/reports/historical-data
2025-02-25,33603.55,Nifty Indices Historical Data — Total Returns Index Values,https://www.niftyindices.com/reports/historical-data
2025-02-27,33599.79,Nifty Indices Historical Data — Total Returns Index Values,https://www.niftyindices.com/reports/historical-data
2025-02-28,32973.36,Nifty Indices Historical Data — Total Returns Index Values,https://www.niftyindices.com/reports/historical-data
2025-03-03,32965.25,Nifty Indices Historical Data — Total Returns Index Values,https://www.niftyindices.com/reports/historical-data
2025-03-04,32910.63,Nifty Indices Historical Data — Total Returns Index Values,https://www.niftyindices.com/reports/historical-data
2025-03-05,33290.2,Nifty Indices Historical Data — Total Returns Index Values,https://www.niftyindices.com/reports/historical-data
2025-03-06,33599.3,Nifty Indices Historical Data — Total Returns Index Values,https://www.niftyindices.com/reports/historical-data
2025-03-07,33611.3,Nifty Indices Historical Data — Total Returns Index Values,https://www.niftyindices.com/reports/historical-data
2025-03-10,33473.92,Nifty Indices Historical Data — Total Returns Index Values,https://www.niftyindices.com/reports/historical-data
2025-03-11,33531.68,Nifty Indices Historical Data — Total Returns Index Values,https://www.niftyindices.com/reports/historical-data
2025-03-12,33490.87,Nifty Indices Historical Data — Total Returns Index Values,https://www.niftyindices.com/reports/historical-data
2025-03-13,33381.62,Nifty Indices Historical Data — Total Returns Index Values,https://www.niftyindices.com/reports/historical-data
2025-03-17,33547.88,Nifty Indices Historical Data — Total Returns Index Values,https://www.niftyindices.com/reports/historical-data
2025-03-18,34033.06,Nifty Indices Historical Data — Total Returns Index Values,https://www.niftyindices.com/reports/historical-data
2025-03-19,34142.35,Nifty Indices Historical Data — Total Returns Index Values,https://www.niftyindices.com/reports/historical-data
2025-03-20,34564.18,Nifty Indices Historical Data — Total Returns Index Values,https://www.niftyindices.com/reports/historical-data
2025-03-21,34802.3,Nifty Indices Historical Data — Total Returns Index Values,https://www.niftyindices.com/reports/historical-data
2025-03-24,35261.27,Nifty Indices Historical Data — Total Returns Index Values,https://www.niftyindices.com/reports/historical-data
2025-03-25,35276.65,Nifty Indices Historical Data — Total Returns Index Values,https://www.niftyindices.com/reports/historical-data
2025-03-26,35005.67,Nifty Indices Historical Data — Total Returns Index Values,https://www.niftyindices.com/reports/historical-data
2025-03-27,35162.32,Nifty Indices Historical Data — Total Returns Index Values,https://www.niftyindices.com/reports/historical-data
2025-03-28,35054.08,Nifty Indices Historical Data — Total Returns Index Values,https://www.niftyindices.com/reports/historical-data
2025-04-01,34527.01,Nifty Indices Historical Data — Total Returns Index Values,https://www.niftyindices.com/reports/historical-data
2025-04-02,34775.4,Nifty Indices Historical Data — Total Returns Index Values,https://www.niftyindices.com/reports/historical-data
2025-04-03,34652.84,Nifty Indices Historical Data — Total Returns Index Values,https://www.niftyindices.com/reports/historical-data
2025-04-04,34137.61,Nifty Indices Historical Data — Total Returns Index Values,https://www.niftyindices.com/reports/historical-data
2025-04-07,33030.49,Nifty Indices Historical Data — Total Returns Index Values,https://www.niftyindices.com/reports/historical-data
2025-04-08,33588.28,Nifty Indices Historical Data — Total Returns Index Values,https://www.niftyindices.com/reports/historical-data
2025-04-09,33384.56,Nifty Indices Historical Data — Total Returns Index Values,https://www.niftyindices.com/reports/historical-data
2025-04-11,34024.5,Nifty Indices Historical Data — Total Returns Index Values,https://www.niftyindices.com/reports/historical-data
2025-04-15,34769.71,Nifty Indices Historical Data — Total Returns Index Values,https://www.niftyindices.com/reports/historical-data
2025-04-16,34931.66,Nifty Indices Historical Data — Total Returns Index Values,https://www.niftyindices.com/reports/historical-data
2025-04-17,35549.39,Nifty Indices Historical Data — Total Returns Index Values,https://www.niftyindices.com/reports/historical-data
2025-04-21,35957.62,Nifty Indices Historical Data — Total Returns Index Values,https://www.niftyindices.com/reports/historical-data
2025-04-22,36019.75,Nifty Indices Historical Data — Total Returns Index Values,https://www.niftyindices.com/reports/historical-data
2025-04-23,36260.74,Nifty Indices Historical Data — Total Returns Index Values,https://www.niftyindices.com/reports/historical-data
2025-04-24,36138.21,Nifty Indices Historical Data — Total Returns Index Values,https://www.niftyindices.com/reports/historical-data
2025-04-25,35829.16,Nifty Indices Historical Data — Total Returns Index Values,https://www.niftyindices.com/reports/historical-data
2025-04-28,36266.41,Nifty Indices Historical Data — Total Returns Index Values,https://www.niftyindices.com/reports/historical-data
2025-04-29,36277.48,Nifty Indices Historical Data — Total Returns Index Values,https://www.niftyindices.com/reports/historical-data
2025-04-30,36274.87,Nifty Indices Historical Data — Total Returns Index Values,https://www.niftyindices.com/reports/historical-data
2025-05-02,36293.51,Nifty Indices Historical Data — Total Returns Index Values,https://www.niftyindices.com/reports/historical-data
2025-05-05,36464.1,Nifty Indices Historical Data — Total Returns Index Values,https://www.niftyindices.com/reports/historical-data
2025-05-06,36342.6,Nifty Indices Historical Data — Total Returns Index Values,https://www.niftyindices.com/reports/historical-data
2025-05-07,36394.46,Nifty Indices Historical Data — Total Returns Index Values,https://www.niftyindices.com/reports/historical-data
2025-05-08,36184.82,Nifty Indices Historical Data — Total Returns Index Values,https://www.niftyindices.com/reports/historical-data
2025-05-09,35789.63,Nifty Indices Historical Data — Total Returns Index Values,https://www.niftyindices.com/reports/historical-data
2025-05-12,37156.25,Nifty Indices Historical Data — Total Returns Index Values,https://www.niftyindices.com/reports/historical-data
2025-05-13,36639.87,Nifty Indices Historical Data — Total Returns Index Values,https://www.niftyindices.com/reports/historical-data
2025-05-14,36771.94,Nifty Indices Historical Data — Total Returns Index Values,https://www.niftyindices.com/reports/historical-data
2025-05-15,37361.05,Nifty Indices Historical Data — Total Returns Index Values,https://www.niftyindices.com/reports/historical-data
2025-05-16,37318.13,Nifty Indices Historical Data — Total Returns Index Values,https://www.niftyindices.com/reports/historical-data
2025-05-19,37207.25,Nifty Indices Historical Data — Total Returns Index Values,https://www.niftyindices.com/reports/historical-data
2025-05-20,36817.14,Nifty Indices Historical Data — Total Returns Index Values,https://www.niftyindices.com/reports/historical-data
2025-05-21,37010.35,Nifty Indices Historical Data — Total Returns Index Values,https://www.niftyindices.com/reports/historical-data
2025-05-22,36706.44,Nifty Indices Historical Data — Total Returns Index Values,https://www.niftyindices.com/reports/historical-data
2025-05-23,37069.55,Nifty Indices Historical Data — Total Returns Index Values,https://www.niftyindices.com/reports/historical-data
2025-05-26,37290.3,Nifty Indices Historical Data — Total Returns Index Values,https://www.niftyindices.com/reports/historical-data
2025-05-27,37029.33,Nifty Indices Historical Data — Total Returns Index Values,https://www.niftyindices.com/reports/historical-data
2025-05-28,36943.42,Nifty Indices Historical Data — Total Returns Index Values,https://www.niftyindices.com/reports/historical-data
2025-05-29,37066.34,Nifty Indices Historical Data — Total Returns Index Values,https://www.niftyindices.com/reports/historical-data
2025-05-30,36972.5,Nifty Indices Historical Data — Total Returns Index Values,https://www.niftyindices.com/reports/historical-data
2025-06-02,36921.62,Nifty Indices Historical Data — Total Returns Index Values,https://www.niftyindices.com/reports/historical-data
2025-06-03,36674.69,Nifty Indices Historical Data — Total Returns Index Values,https://www.niftyindices.com/reports/historical-data
2025-06-04,36805.09,Nifty Indices Historical Data — Total Returns Index Values,https://www.niftyindices.com/reports/historical-data
2025-06-05,37000.49,Nifty Indices Historical Data — Total Returns Index Values,https://www.niftyindices.com/reports/historical-data
2025-06-06,37377.42,Nifty Indices Historical Data — Total Returns Index Values,https://www.niftyindices.com/reports/historical-data
2025-06-09,37527.12,Nifty Indices Historical Data — Total Returns Index Values,https://www.niftyindices.com/reports/historical-data
2025-06-10,37531.76,Nifty Indices Historical Data — Total Returns Index Values,https://www.niftyindices.com/reports/historical-data
2025-06-11,37587.31,Nifty Indices Historical Data — Total Returns Index Values,https://www.niftyindices.com/reports/historical-data
2025-06-12,37209.11,Nifty Indices Historical Data — Total Returns Index Values,https://www.niftyindices.com/reports/historical-data
2025-06-13,36957.38,Nifty Indices Historical Data — Total Returns Index Values,https://www.niftyindices.com/reports/historical-data
2025-06-16,37298.12,Nifty Indices Historical Data — Total Returns Index Values,https://www.niftyindices.com/reports/historical-data
2025-06-17,37158.95,Nifty Indices Historical Data — Total Returns Index Values,https://www.niftyindices.com/reports/historical-data
2025-06-18,37097.13,Nifty Indices Historical Data — Total Returns Index Values,https://www.niftyindices.com/reports/historical-data
2025-06-19,37069.02,Nifty Indices Historical Data — Total Returns Index Values,https://www.niftyindices.com/reports/historical-data
2025-06-20,37546.89,Nifty Indices Historical Data — Total Returns Index Values,https://www.niftyindices.com/reports/historical-data
2025-06-23,37343.91,Nifty Indices Historical Data — Total Returns Index Values,https://www.niftyindices.com/reports/historical-data
2025-06-24,37452.24,Nifty Indices Historical Data — Total Returns Index Values,https://www.niftyindices.com/reports/historical-data
2025-06-25,37751.94,Nifty Indices Historical Data — Total Returns Index Values,https://www.niftyindices.com/reports/historical-data
2025-06-26,38206.88,Nifty Indices Historical Data — Total Returns Index Values,https://www.niftyindices.com/reports/historical-data
2025-06-27,38398.23,Nifty Indices Historical Data — Total Returns Index Values,https://www.niftyindices.com/reports/historical-data
2025-06-30,38217.32,Nifty Indices Historical Data — Total Returns Index Values,https://www.niftyindices.com/reports/historical-data
2025-07-01,38254.39,Nifty Indices Historical Data — Total Returns Index Values,https://www.niftyindices.com/reports/historical-data
2025-07-02,38121.99,Nifty Indices Historical Data — Total Returns Index Values,https://www.niftyindices.com/reports/historical-data
2025-07-03,38049.97,Nifty Indices Historical Data — Total Returns Index Values,https://www.niftyindices.com/reports/historical-data
2025-07-04,38142.94,Nifty Indices Historical Data — Total Returns Index Values,https://www.niftyindices.com/reports/historical-data
2025-07-07,38145.33,Nifty Indices Historical Data — Total Returns Index Values,https://www.niftyindices.com/reports/historical-data
2025-07-08,38239.39,Nifty Indices Historical Data — Total Returns Index Values,https://www.niftyindices.com/reports/historical-data
2025-07-09,38169.85,Nifty Indices Historical Data — Total Returns Index Values,https://www.niftyindices.com/reports/historical-data
2025-07-10,37990.41,Nifty Indices Historical Data — Total Returns Index Values,https://www.niftyindices.com/reports/historical-data
2025-07-11,37684.07,Nifty Indices Historical Data — Total Returns Index Values,https://www.niftyindices.com/reports/historical-data
2025-07-14,37582.84,Nifty Indices Historical Data — Total Returns Index Values,https://www.niftyindices.com/reports/historical-data
2025-07-15,37752.92,Nifty Indices Historical Data — Total Returns Index Values,https://www.niftyindices.com/reports/historical-data
2025-07-16,37780.94,Nifty Indices Historical Data — Total Returns Index Values,https://www.niftyindices.com/reports/historical-data
2025-07-17,37630.21,Nifty Indices Historical Data — Total Returns Index Values,https://www.niftyindices.com/reports/historical-data
2025-07-18,37435.72,Nifty Indices Historical Data — Total Returns Index Values,https://www.niftyindices.com/reports/historical-data
2025-07-21,37619.09,Nifty Indices Historical Data — Total Returns Index Values,https://www.niftyindices.com/reports/historical-data
2025-07-22,37574.38,Nifty Indices Historical Data — Total Returns Index Values,https://www.niftyindices.com/reports/historical-data
2025-07-23,37812.76,Nifty Indices Historical Data — Total Returns Index Values,https://www.niftyindices.com/reports/historical-data
2025-07-24,37578.97,Nifty Indices Historical Data — Total Returns Index Values,https://www.niftyindices.com/reports/historical-data
2025-07-25,37257.14,Nifty Indices Historical Data — Total Returns Index Values,https://www.niftyindices.com/reports/historical-data
2025-07-28,37027.65,Nifty Indices Historical Data — Total Returns Index Values,https://www.niftyindices.com/reports/historical-data
2025-07-29,37238.03,Nifty Indices Historical Data — Total Returns Index Values,https://www.niftyindices.com/reports/historical-data
2025-07-30,37288.94,Nifty Indices Historical Data — Total Returns Index Values,https://www.niftyindices.com/reports/historical-data
2025-07-31,37158.88,Nifty Indices Historical Data — Total Returns Index Values,https://www.niftyindices.com/reports/historical-data
2025-08-01,36863.4,Nifty Indices Historical Data — Total Returns Index Values,https://www.niftyindices.com/reports/historical-data
2025-08-04,37099.55,Nifty Indices Historical Data — Total Returns Index Values,https://www.niftyindices.com/reports/historical-data
2025-08-05,36989.75,Nifty Indices Historical Data — Total Returns Index Values,https://www.niftyindices.com/reports/historical-data
2025-08-06,36880.81,Nifty Indices Historical Data — Total Returns Index Values,https://www.niftyindices.com/reports/historical-data
2025-08-07,36913.76,Nifty Indices Historical Data — Total Returns Index Values,https://www.niftyindices.com/reports/historical-data
2025-08-08,36566.63,Nifty Indices Historical Data — Total Returns Index Values,https://www.niftyindices.com/reports/historical-data
2025-08-11,36900.03,Nifty Indices Historical Data — Total Returns Index Values,https://www.niftyindices.com/reports/historical-data
2025-08-12,36780.73,Nifty Indices Historical Data — Total Returns Index Values,https://www.niftyindices.com/reports/historical-data
2025-08-13,36978.89,Nifty Indices Historical Data — Total Returns Index Values,https://www.niftyindices.com/reports/historical-data
2025-08-14,37010.27,Nifty Indices Historical Data — Total Returns Index Values,https://www.niftyindices.com/reports/historical-data
2025-08-18,37379.38,Nifty Indices Historical Data — Total Returns Index Values,https://www.niftyindices.com/reports/historical-data
2025-08-19,37537.42,Nifty Indices Historical Data — Total Returns Index Values,https://www.niftyindices.com/reports/historical-data
2025-08-20,37642.41,Nifty Indices Historical Data — Total Returns Index Values,https://www.niftyindices.com/reports/historical-data
2025-08-21,37696.23,Nifty Indices Historical Data — Total Returns Index Values,https://www.niftyindices.com/reports/historical-data
2025-08-22,37375.09,Nifty Indices Historical Data — Total Returns Index Values,https://www.niftyindices.com/reports/historical-data
2025-08-25,37521.9,Nifty Indices Historical Data — Total Returns Index Values,https://www.niftyindices.com/reports/historical-data
2025-08-26,37137.57,Nifty Indices Historical Data — Total Returns Index Values,https://www.niftyindices.com/reports/historical-data
2025-08-28,36820.25,Nifty Indices Historical Data — Total Returns Index Values,https://www.niftyindices.com/reports/historical-data
2025-08-29,36709.0,Nifty Indices Historical Data — Total Returns Index Values,https://www.niftyindices.com/reports/historical-data
2025-09-01,37006.87,Nifty Indices Historical Data — Total Returns Index Values,https://www.niftyindices.com/reports/historical-data
2025-09-02,36938.57,Nifty Indices Historical Data — Total Returns Index Values,https://www.niftyindices.com/reports/historical-data
2025-09-03,37142.11,Nifty Indices Historical Data — Total Returns Index Values,https://www.niftyindices.com/reports/historical-data
2025-09-04,37177.94,Nifty Indices Historical Data — Total Returns Index Values,https://www.niftyindices.com/reports/historical-data
2025-09-05,37188.02,Nifty Indices Historical Data — Total Returns Index Values,https://www.niftyindices.com/reports/historical-data
2025-09-08,37236.28,Nifty Indices Historical Data — Total Returns Index Values,https://www.niftyindices.com/reports/historical-data
2025-09-09,37379.78,Nifty Indices Historical Data — Total Returns Index Values,https://www.niftyindices.com/reports/historical-data
2025-09-10,37536.88,Nifty Indices Historical Data — Total Returns Index Values,https://www.niftyindices.com/reports/historical-data
2025-09-11,37585.52,Nifty Indices Historical Data — Total Returns Index Values,https://www.niftyindices.com/reports/historical-data
2025-09-12,37748.61,Nifty Indices Historical Data — Total Returns Index Values,https://www.niftyindices.com/reports/historical-data
2025-09-15,37681.33,Nifty Indices Historical Data — Total Returns Index Values,https://www.niftyindices.com/reports/historical-data
2025-09-16,37936.66,Nifty Indices Historical Data — Total Returns Index Values,https://www.niftyindices.com/reports/historical-data
2025-09-17,38073.65,Nifty Indices Historical Data — Total Returns Index Values,https://www.niftyindices.com/reports/historical-data
2025-09-18,38213.97,Nifty Indices Historical Data — Total Returns Index Values,https://www.niftyindices.com/reports/historical-data
2025-09-19,38068.84,Nifty Indices Historical Data — Total Returns Index Values,https://www.niftyindices.com/reports/historical-data
2025-09-22,37881.41,Nifty Indices Historical Data — Total Returns Index Values,https://www.niftyindices.com/reports/historical-data
2025-09-23,37832.09,Nifty Indices Historical Data — Total Returns Index Values,https://www.niftyindices.com/reports/historical-data
2025-09-24,37662.84,Nifty Indices Historical Data — Total Returns Index Values,https://www.niftyindices.com/reports/historical-data
2025-09-25,37413.25,Nifty Indices Historical Data — Total Returns Index Values,https://www.niftyindices.com/reports/historical-data
2025-09-26,37058.3,Nifty Indices Historical Data — Total Returns Index Values,https://www.niftyindices.com/reports/historical-data
2025-09-29,37028.48,Nifty Indices Historical Data — Total Returns Index Values,https://www.niftyindices.com/reports/historical-data
2025-09-30,36992.7,Nifty Indices Historical Data — Total Returns Index Values,https://www.niftyindices.com/reports/historical-data
2025-10-01,37331.2,Nifty Indices Historical Data — Total Returns Index Values,https://www.niftyindices.com/reports/historical-data
2025-10-03,37418.3,Nifty Indices Historical Data — Total Returns Index Values,https://www.niftyindices.com/reports/historical-data
2025-10-06,37694.02,Nifty Indices Historical Data — Total Returns Index Values,https://www.niftyindices.com/reports/historical-data
2025-10-07,37740.1,Nifty Indices Historical Data — Total Returns Index Values,https://www.niftyindices.com/reports/historical-data
2025-10-08,37646.65,Nifty Indices Historical Data — Total Returns Index Values,https://www.niftyindices.com/reports/historical-data
2025-10-09,37850.52,Nifty Indices Historical Data — Total Returns Index Values,https://www.niftyindices.com/reports/historical-data
2025-10-10,38006.18,Nifty Indices Historical Data — Total Returns Index Values,https://www.niftyindices.com/reports/historical-data
2025-10-13,37918.98,Nifty Indices Historical Data — Total Returns Index Values,https://www.niftyindices.com/reports/historical-data
2025-10-14,37795.97,Nifty Indices Historical Data — Total Returns Index Values,https://www.niftyindices.com/reports/historical-data
2025-10-15,38067.31,Nifty Indices Historical Data — Total Returns Index Values,https://www.niftyindices.com/reports/historical-data
2025-10-16,38460.73,Nifty Indices Historical Data — Total Returns Index Values,https://www.niftyindices.com/reports/historical-data
2025-10-17,38652.19,Nifty Indices Historical Data — Total Returns Index Values,https://www.niftyindices.com/reports/historical-data
2025-10-20,38855.68,Nifty Indices Historical Data — Total Returns Index Values,https://www.niftyindices.com/reports/historical-data
2025-10-21,38893.95,Nifty Indices Historical Data — Total Returns Index Values,https://www.niftyindices.com/reports/historical-data
2025-10-23,38928.23,Nifty Indices Historical Data — Total Returns Index Values,https://www.niftyindices.com/reports/historical-data
2025-10-24,38783.54,Nifty Indices Historical Data — Total Returns Index Values,https://www.niftyindices.com/reports/historical-data
2025-10-27,39067.59,Nifty Indices Historical Data — Total Returns Index Values,https://www.niftyindices.com/reports/historical-data
2025-10-28,39022.73,Nifty Indices Historical Data — Total Returns Index Values,https://www.niftyindices.com/reports/historical-data
2025-10-29,39199.8,Nifty Indices Historical Data — Total Returns Index Values,https://www.niftyindices.com/reports/historical-data
2025-10-30,38934.92,Nifty Indices Historical Data — Total Returns Index Values,https://www.niftyindices.com/reports/historical-data
2025-10-31,38700.6,Nifty Indices Historical Data — Total Returns Index Values,https://www.niftyindices.com/reports/historical-data
2025-11-03,38762.65,Nifty Indices Historical Data — Total Returns Index Values,https://www.niftyindices.com/reports/historical-data
2025-11-04,38513.37,Nifty Indices Historical Data — Total Returns Index Values,https://www.niftyindices.com/reports/historical-data
2025-11-06,38381.02,Nifty Indices Historical Data — Total Returns Index Values,https://www.niftyindices.com/reports/historical-data
2025-11-07,38366.88,Nifty Indices Historical Data — Total Returns Index Values,https://www.niftyindices.com/reports/historical-data
2025-11-10,38497.01,Nifty Indices Historical Data — Total Returns Index Values,https://www.niftyindices.com/reports/historical-data
2025-11-11,38678.54,Nifty Indices Historical Data — Total Returns Index Values,https://www.niftyindices.com/reports/historical-data
2025-11-12,38950.78,Nifty Indices Historical Data — Total Returns Index Values,https://www.niftyindices.com/reports/historical-data
2025-11-13,38955.83,Nifty Indices Historical Data — Total Returns Index Values,https://www.niftyindices.com/reports/historical-data
2025-11-14,39002.37,Nifty Indices Historical Data — Total Returns Index Values,https://www.niftyindices.com/reports/historical-data
2025-11-17,39157.99,Nifty Indices Historical Data — Total Returns Index Values,https://www.niftyindices.com/reports/historical-data
2025-11-18,39003.01,Nifty Indices Historical Data — Total Returns Index Values,https://www.niftyindices.com/reports/historical-data
2025-11-19,39217.69,Nifty Indices Historical Data — Total Returns Index Values,https://www.niftyindices.com/reports/historical-data
2025-11-20,39427.65,Nifty Indices Historical Data — Total Returns Index Values,https://www.niftyindices.com/reports/historical-data
2025-11-21,39241.0,Nifty Indices Historical Data — Total Returns Index Values,https://www.niftyindices.com/reports/historical-data
2025-11-24,39077.5,Nifty Indices Historical Data — Total Returns Index Values,https://www.niftyindices.com/reports/historical-data
2025-11-25,38965.0,Nifty Indices Historical Data — Total Returns Index Values,https://www.niftyindices.com/reports/historical-data
2025-11-26,39447.49,Nifty Indices Historical Data — Total Returns Index Values,https://www.niftyindices.com/reports/historical-data
2025-11-27,39462.93,Nifty Indices Historical Data — Total Returns Index Values,https://www.niftyindices.com/reports/historical-data
2025-11-28,39443.91,Nifty Indices Historical Data — Total Returns Index Values,https://www.niftyindices.com/reports/historical-data
2025-12-01,39403.02,Nifty Indices Historical Data — Total Returns Index Values,https://www.niftyindices.com/reports/historical-data
2025-12-02,39186.92,Nifty Indices Historical Data — Total Returns Index Values,https://www.niftyindices.com/reports/historical-data
2025-12-03,39117.33,Nifty Indices Historical Data — Total Returns Index Values,https://www.niftyindices.com/reports/historical-data
2025-12-04,39189.27,Nifty Indices Historical Data — Total Returns Index Values,https://www.niftyindices.com/reports/historical-data
2025-12-05,39419.07,Nifty Indices Historical Data — Total Returns Index Values,https://www.niftyindices.com/reports/historical-data
2025-12-08,39079.02,Nifty Indices Historical Data — Total Returns Index Values,https://www.niftyindices.com/reports/historical-data
2025-12-09,38897.02,Nifty Indices Historical Data — Total Returns Index Values,https://www.niftyindices.com/reports/historical-data
2025-12-10,38774.13,Nifty Indices Historical Data — Total Returns Index Values,https://www.niftyindices.com/reports/historical-data
2025-12-11,38985.75,Nifty Indices Historical Data — Total Returns Index Values,https://www.niftyindices.com/reports/historical-data
2025-12-12,39209.12,Nifty Indices Historical Data — Total Returns Index Values,https://www.niftyindices.com/reports/historical-data
2025-12-15,39179.54,Nifty Indices Historical Data — Total Returns Index Values,https://www.niftyindices.com/reports/historical-data
2025-12-16,38927.87,Nifty Indices Historical Data — Total Returns Index Values,https://www.niftyindices.com/reports/historical-data
2025-12-17,38865.29,Nifty Indices Historical Data — Total Returns Index Values,https://www.niftyindices.com/reports/historical-data
2025-12-18,38860.78,Nifty Indices Historical Data — Total Returns Index Values,https://www.niftyindices.com/reports/historical-data
2025-12-19,39087.88,Nifty Indices Historical Data — Total Returns Index Values,https://www.niftyindices.com/reports/historical-data
2025-12-22,39397.94,Nifty Indices Historical Data — Total Returns Index Values,https://www.niftyindices.com/reports/historical-data
2025-12-23,39405.1,Nifty Indices Historical Data — Total Returns Index Values,https://www.niftyindices.com/reports/historical-data
2025-12-24,39352.35,Nifty Indices Historical Data — Total Returns Index Values,https://www.niftyindices.com/reports/historical-data
2025-12-26,39202.11,Nifty Indices Historical Data — Total Returns Index Values,https://www.niftyindices.com/reports/historical-data
2025-12-29,39051.24,Nifty Indices Historical Data — Total Returns Index Values,https://www.niftyindices.com/reports/historical-data
2025-12-30,39046.4,Nifty Indices Historical Data — Total Returns Index Values,https://www.niftyindices.com/reports/historical-data
2025-12-31,39333.55,Nifty Indices Historical Data — Total Returns Index Values,https://www.niftyindices.com/reports/historical-data
