date,value,source,source_reference
2018-01-01,19638.69,Nifty Indices Historical Data — Total Returns Index Values,https://www.niftyindices.com/reports/historical-data
2018-01-02,19636.5,Nifty Indices Historical Data — Total Returns Index Values,https://www.niftyindices.com/reports/historical-data
2018-01-03,19644.85,Nifty Indices Historical Data — Total Returns Index Values,https://www.niftyindices.com/reports/historical-data
2018-01-04,19789.55,Nifty Indices Historical Data — Total Returns Index Values,https://www.niftyindices.com/reports/historical-data
2018-01-05,19910.78,Nifty Indices Historical Data — Total Returns Index Values,https://www.niftyindices.com/reports/historical-data
2018-01-08,20040.22,Nifty Indices Historical Data — Total Returns Index Values,https://www.niftyindices.com/reports/historical-data
2018-01-09,20033.83,Nifty Indices Historical Data — Total Returns Index Values,https://www.niftyindices.com/reports/historical-data
2018-01-10,20017.71,Nifty Indices Historical Data — Total Returns Index Values,https://www.niftyindices.com/reports/historical-data
2018-01-11,20030.74,Nifty Indices Historical Data — Total Returns Index Values,https://www.niftyindices.com/reports/historical-data
2018-01-12,20050.89,Nifty Indices Historical Data — Total Returns Index Values,https://www.niftyindices.com/reports/historical-data
2018-01-15,20036.05,Nifty Indices Historical Data — Total Returns Index Values,https://www.niftyindices.com/reports/historical-data
2018-01-16,19938.34,Nifty Indices Historical Data — Total Returns Index Values,https://www.niftyindices.com/reports/historical-data
2018-01-17,20074.38,Nifty Indices Historical Data — Total Returns Index Values,https://www.niftyindices.com/reports/historical-data
2018-01-18,19973.04,Nifty Indices Historical Data — Total Returns Index Values,https://www.niftyindices.com/reports/historical-data
2018-01-19,20104.33,Nifty Indices Historical Data — Total Returns Index Values,https://www.niftyindices.com/reports/historical-data
2018-01-22,20183.41,Nifty Indices Historical Data — Total Returns Index Values,https://www.niftyindices.com/reports/historical-data
2018-01-23,20392.56,Nifty Indices Historical Data — Total Returns Index Values,https://www.niftyindices.com/reports/historical-data
2018-01-24,20411.3,Nifty Indices Historical Data — Total Returns Index Values,https://www.niftyindices.com/reports/historical-data
2018-01-25,20325.43,Nifty Indices Historical Data — Total Returns Index Values,https://www.niftyindices.com/reports/historical-data
2018-01-29,20378.72,Nifty Indices Historical Data — Total Returns Index Values,https://www.niftyindices.com/reports/historical-data
2018-01-30,20255.15,Nifty Indices Historical Data — Total Returns Index Values,https://www.niftyindices.com/reports/historical-data
2018-01-31,20173.76,Nifty Indices Historical Data — Total Returns Index Values,https://www.niftyindices.com/reports/historical-data
2018-02-01,20165.47,Nifty Indices Historical Data — Total Returns Index Values,https://www.niftyindices.com/reports/historical-data
2018-02-02,19716.24,Nifty Indices Historical Data — Total Returns Index Values,https://www.niftyindices.com/reports/historical-data
2018-02-05,19635.64,Nifty Indices Historical Data — Total Returns Index Values,https://www.niftyindices.com/reports/historical-data
2018-02-06,19308.45,Nifty Indices Historical Data — Total Returns Index Values,https://www.niftyindices.com/reports/historical-data
2018-02-07,19310.31,Nifty Indices Historical Data — Total Returns Index Values,https://www.niftyindices.com/reports/historical-data
2018-02-08,19530.93,Nifty Indices Historical Data — Total Returns Index Values,https://www.niftyindices.com/reports/historical-data
2018-02-09,19361.71,Nifty Indices Historical Data — Total Returns Index Values,https://www.niftyindices.com/reports/historical-data
2018-02-12,19508.65,Nifty Indices Historical Data — Total Returns Index Values,https://www.niftyindices.com/reports/historical-data
2018-02-14,19420.69,Nifty Indices Historical Data — Total Returns Index Values,https://www.niftyindices.com/reports/historical-data
2018-02-15,19473.13,Nifty Indices Historical Data — Total Returns Index Values,https://www.niftyindices.com/reports/historical-data
2018-02-16,19289.31,Nifty Indices Historical Data — Total Returns Index Values,https://www.niftyindices.com/reports/historical-data
2018-02-19,19082.99,Nifty Indices Historical Data — Total Returns Index Values,https://www.niftyindices.com/reports/historical-data
2018-02-20,19092.49,Nifty Indices Historical Data — Total Returns Index Values,https://www.niftyindices.com/reports/historical-data
2018-02-21,19107.68,Nifty Indices Historical Data — Total Returns Index Values,https://www.niftyindices.com/reports/historical-data
2018-02-22,19062.66,Nifty Indices Historical Data — Total Returns Index Values,https://www.niftyindices.com/reports/historical-data
2018-02-23,19298.7,Nifty Indices Historical Data — Total Returns Index Values,https://www.niftyindices.com/reports/historical-data
2018-02-26,19476.33,Nifty Indices Historical Data — Total Returns Index Values,https://www.niftyindices.com/reports/historical-data
2018-02-27,19409.26,Nifty Indices Historical Data — Total Returns Index Values,https://www.niftyindices.com/reports/historical-data
2018-02-28,19319.99,Nifty Indices Historical Data — Total Returns Index Values,https://www.niftyindices.com/reports/historical-data
2018-03-01,19283.52,Nifty Indices Historical Data — Total Returns Index Values,https://www.niftyindices.com/reports/historical-data
2018-03-05,19070.26,Nifty Indices Historical Data — Total Returns Index Values,https://www.niftyindices.com/reports/historical-data
2018-03-06,18918.49,Nifty Indices Historical Data — Total Returns Index Values,https://www.niftyindices.com/reports/historical-data
2018-03-07,18739.17,Nifty Indices Historical Data — Total Returns Index Values,https://www.niftyindices.com/reports/historical-data
2018-03-08,18825.33,Nifty Indices Historical Data — Total Returns Index Values,https://www.niftyindices.com/reports/historical-data
2018-03-09,18767.34,Nifty Indices Historical Data — Total Returns Index Values,https://www.niftyindices.com/reports/historical-data
2018-03-12,19096.06,Nifty Indices Historical Data — Total Returns Index Values,https://www.niftyindices.com/reports/historical-data
2018-03-13,19180.07,Nifty Indices Historical Data — Total Returns Index Values,https://www.niftyindices.com/reports/historical-data
2018-03-14,19145.54,Nifty Indices Historical Data — Total Returns Index Values,https://www.niftyindices.com/reports/historical-data
2018-03-15,19055.68,Nifty Indices Historical Data — Total Returns Index Values,https://www.niftyindices.com/reports/historical-data
2018-03-16,18763.71,Nifty Indices Historical Data — Total Returns Index Values,https://www.niftyindices.com/reports/historical-data
2018-03-19,18501.97,Nifty Indices Historical Data — Total Returns Index Values,https://www.niftyindices.com/reports/historical-data
2018-03-20,18620.42,Nifty Indices Historical Data — Total Returns Index Values,https://www.niftyindices.com/reports/historical-data
2018-03-21,18619.48,Nifty Indices Historical Data — Total Returns Index Values,https://www.niftyindices.com/reports/historical-data
2018-03-22,18508.56,Nifty Indices Historical Data — Total Returns Index Values,https://www.niftyindices.com/reports/historical-data
2018-03-23,18333.81,Nifty Indices Historical Data — Total Returns Index Values,https://www.niftyindices.com/reports/historical-data
2018-03-26,18528.32,Nifty Indices Historical Data — Total Returns Index Values,https://www.niftyindices.com/reports/historical-data
2018-03-27,18673.12,Nifty Indices Historical Data — Total Returns Index Values,https://www.niftyindices.com/reports/historical-data
2018-03-28,18587.85,Nifty Indices Historical Data — Total Returns Index Values,https://www.niftyindices.com/reports/historical-data
2018-04-02,18792.24,Nifty Indices Historical Data — Total Returns Index Values,https://www.niftyindices.com/reports/historical-data
2018-04-03,18867.81,Nifty Indices Historical Data — Total Returns Index Values,https://www.niftyindices.com/reports/historical-data
2018-04-04,18633.21,Nifty Indices Historical Data — Total Returns Index Values,https://www.niftyindices.com/reports/historical-data
2018-04-05,19012.47,Nifty Indices Historical Data — Total Returns Index Values,https://www.niftyindices.com/reports/historical-data
2018-04-06,19039.75,Nifty Indices Historical Data — Total Returns Index Values,https://www.niftyindices.com/reports/historical-data
2018-04-09,19114.81,Nifty Indices Historical Data — Total Returns Index Values,https://www.niftyindices.com/reports/historical-data
2018-04-10,19169.79,Nifty Indices Historical Data — Total Returns Index Values,https://www.niftyindices.com/reports/historical-data
2018-04-11,19141.12,Nifty Indices Historical Data — Total Returns Index Values,https://www.niftyindices.com/reports/historical-data
2018-04-12,19156.95,Nifty Indices Historical Data — Total Returns Index Values,https://www.niftyindices.com/reports/historical-data
2018-04-13,19198.81,Nifty Indices Historical Data — Total Returns Index Values,https://www.niftyindices.com/reports/historical-data
2018-04-16,19307.88,Nifty Indices Historical Data — Total Returns Index Values,https://www.niftyindices.com/reports/historical-data
2018-04-17,19318.48,Nifty Indices Historical Data — Total Returns Index Values,https://www.niftyindices.com/reports/historical-data
2018-04-18,19287.59,Nifty Indices Historical Data — Total Returns Index Values,https://www.niftyindices.com/reports/historical-data
2018-04-19,19369.25,Nifty Indices Historical Data — Total Returns Index Values,https://www.niftyindices.com/reports/historical-data
2018-04-20,19354.22,Nifty Indices Historical Data — Total Returns Index Values,https://www.niftyindices.com/reports/historical-data
2018-04-23,19415.93,Nifty Indices Historical Data — Total Returns Index Values,https://www.niftyindices.com/reports/historical-data
2018-04-24,19407.21,Nifty Indices Historical Data — Total Returns Index Values,https://www.niftyindices.com/reports/historical-data
2018-04-25,19309.62,Nifty Indices Historical Data — Total Returns Index Values,https://www.niftyindices.com/reports/historical-data
2018-04-26,19342.84,Nifty Indices Historical Data — Total Returns Index Values,https://www.niftyindices.com/reports/historical-data
2018-04-27,19471.82,Nifty Indices Historical Data — Total Returns Index Values,https://www.niftyindices.com/reports/historical-data
2018-04-30,19547.84,Nifty Indices Historical Data — Total Returns Index Values,https://www.niftyindices.com/reports/historical-data
2018-05-02,19385.39,Nifty Indices Historical Data — Total Returns Index Values,https://www.niftyindices.com/reports/historical-data
2018-05-03,19310.53,Nifty Indices Historical Data — Total Returns Index Values,https://www.niftyindices.com/reports/historical-data
2018-05-04,19185.84,Nifty Indices Historical Data — Total Returns Index Values,https://www.niftyindices.com/reports/historical-data
2018-05-07,19360.91,Nifty Indices Historical Data — Total Returns Index Values,https://www.niftyindices.com/reports/historical-data
2018-05-08,19375.43,Nifty Indices Historical Data — Total Returns Index Values,https://www.niftyindices.com/reports/historical-data
2018-05-09,19388.25,Nifty Indices Historical Data — Total Returns Index Values,https://www.niftyindices.com/reports/historical-data
2018-05-10,19309.22,Nifty Indices Historical Data — Total Returns Index Values,https://www.niftyindices.com/reports/historical-data
2018-05-11,19438.28,Nifty Indices Historical Data — Total Returns Index Values,https://www.niftyindices.com/reports/historical-data
2018-05-14,19410.52,Nifty Indices Historical Data — Total Returns Index Values,https://www.niftyindices.com/reports/historical-data
2018-05-15,19399.29,Nifty Indices Historical Data — Total Returns Index Values,https://www.niftyindices.com/reports/historical-data
2018-05-16,19304.41,Nifty Indices Historical Data — Total Returns Index Values,https://www.niftyindices.com/reports/historical-data
2018-05-17,19258.5,Nifty Indices Historical Data — Total Returns Index Values,https://www.niftyindices.com/reports/historical-data
2018-05-18,19082.4,Nifty Indices Historical Data — Total Returns Index Values,https://www.niftyindices.com/reports/historical-data
2018-05-21,18889.18,Nifty Indices Historical Data — Total Returns Index Values,https://www.niftyindices.com/reports/historical-data
2018-05-22,18996.0,Nifty Indices Historical Data — Total Returns Index Values,https://www.niftyindices.com/reports/historical-data
2018-05-23,18761.46,Nifty Indices Historical Data — Total Returns Index Values,https://www.niftyindices.com/reports/historical-data
2018-05-24,18833.64,Nifty Indices Historical Data — Total Returns Index Values,https://www.niftyindices.com/reports/historical-data
2018-05-25,19074.68,Nifty Indices Historical Data — Total Returns Index Values,https://www.niftyindices.com/reports/historical-data
2018-05-28,19277.62,Nifty Indices Historical Data — Total Returns Index Values,https://www.niftyindices.com/reports/historical-data
2018-05-29,19190.7,Nifty Indices Historical Data — Total Returns Index Values,https://www.niftyindices.com/reports/historical-data
2018-05-30,19157.2,Nifty Indices Historical Data — Total Returns Index Values,https://www.niftyindices.com/reports/historical-data
2018-05-31,19301.95,Nifty Indices Historical Data — Total Returns Index Values,https://www.niftyindices.com/reports/historical-data
2018-06-01,19205.88,Nifty Indices Historical Data — Total Returns Index Values,https://www.niftyindices.com/reports/historical-data
2018-06-04,19091.2,Nifty Indices Historical Data — Total Returns Index Values,https://www.niftyindices.com/reports/historical-data
2018-06-05,18984.83,Nifty Indices Historical Data — Total Returns Index Values,https://www.niftyindices.com/reports/historical-data
2018-06-06,19189.98,Nifty Indices Historical Data — Total Returns Index Values,https://www.niftyindices.com/reports/historical-data
2018-06-07,19333.02,Nifty Indices Historical Data — Total Returns Index Values,https://www.niftyindices.com/reports/historical-data
2018-06-08,19390.14,Nifty Indices Historical Data — Total Returns Index Values,https://www.niftyindices.com/reports/historical-data
2018-06-11,19453.18,Nifty Indices Historical Data — Total Returns Index Values,https://www.niftyindices.com/reports/historical-data
2018-06-12,19535.63,Nifty Indices Historical Data — Total Returns Index Values,https://www.niftyindices.com/reports/historical-data
2018-06-13,19584.27,Nifty Indices Historical Data — Total Returns Index Values,https://www.niftyindices.com/reports/historical-data
2018-06-14,19515.61,Nifty Indices Historical Data — Total Returns Index Values,https://www.niftyindices.com/reports/historical-data
2018-06-15,19511.2,Nifty Indices Historical Data — Total Returns Index Values,https://www.niftyindices.com/reports/historical-data
2018-06-18,19493.44,Nifty Indices Historical Data — Total Returns Index Values,https://www.niftyindices.com/reports/historical-data
2018-06-19,19295.57,Nifty Indices Historical Data — Total Returns Index Values,https://www.niftyindices.com/reports/historical-data
2018-06-20,19334.32,Nifty Indices Historical Data — Total Returns Index Values,https://www.niftyindices.com/reports/historical-data
2018-06-21,19230.24,Nifty Indices Historical Data — Total Returns Index Values,https://www.niftyindices.com/reports/historical-data
2018-06-22,19380.97,Nifty Indices Historical Data — Total Returns Index Values,https://www.niftyindices.com/reports/historical-data
2018-06-25,19254.65,Nifty Indices Historical Data — Total Returns Index Values,https://www.niftyindices.com/reports/historical-data
2018-06-26,19269.98,Nifty Indices Historical Data — Total Returns Index Values,https://www.niftyindices.com/reports/historical-data
2018-06-27,19042.62,Nifty Indices Historical Data — Total Returns Index Values,https://www.niftyindices.com/reports/historical-data
2018-06-28,18838.05,Nifty Indices Historical Data — Total Returns Index Values,https://www.niftyindices.com/reports/historical-data
2018-06-29,19094.57,Nifty Indices Historical Data — Total Returns Index Values,https://www.niftyindices.com/reports/historical-data
2018-07-02,18977.07,Nifty Indices Historical Data — Total Returns Index Values,https://www.niftyindices.com/reports/historical-data
2018-07-03,19069.38,Nifty Indices Historical Data — Total Returns Index Values,https://www.niftyindices.com/reports/historical-data
2018-07-04,19128.62,Nifty Indices Historical Data — Total Returns Index Values,https://www.niftyindices.com/reports/historical-data
2018-07-05,19123.35,Nifty Indices Historical Data — Total Returns Index Values,https://www.niftyindices.com/reports/historical-data
2018-07-06,19159.44,Nifty Indices Historical Data — Total Returns Index Values,https://www.niftyindices.com/reports/historical-data
2018-07-09,19311.48,Nifty Indices Historical Data — Total Returns Index Values,https://www.niftyindices.com/reports/historical-data
2018-07-10,19476.9,Nifty Indices Historical Data — Total Returns Index Values,https://www.niftyindices.com/reports/historical-data
2018-07-11,19379.08,Nifty Indices Historical Data — Total Returns Index Values,https://www.niftyindices.com/reports/historical-data
2018-07-12,19427.06,Nifty Indices Historical Data — Total Returns Index Values,https://www.niftyindices.com/reports/historical-data
2018-07-13,19344.56,Nifty Indices Historical Data — Total Returns Index Values,https://www.niftyindices.com/reports/historical-data
2018-07-16,19117.68,Nifty Indices Historical Data — Total Returns Index Values,https://www.niftyindices.com/reports/historical-data
2018-07-17,19311.73,Nifty Indices Historical Data — Total Returns Index Values,https://www.niftyindices.com/reports/historical-data
2018-07-18,19251.62,Nifty Indices Historical Data — Total Returns Index Values,https://www.niftyindices.com/reports/historical-data
2018-07-19,19203.24,Nifty Indices Historical Data — Total Returns Index Values,https://www.niftyindices.com/reports/historical-data
2018-07-20,19227.91,Nifty Indices Historical Data — Total Returns Index Values,https://www.niftyindices.com/reports/historical-data
2018-07-23,19405.37,Nifty Indices Historical Data — Total Returns Index Values,https://www.niftyindices.com/reports/historical-data
2018-07-24,19566.71,Nifty Indices Historical Data — Total Returns Index Values,https://www.niftyindices.com/reports/historical-data
2018-07-25,19516.79,Nifty Indices Historical Data — Total Returns Index Values,https://www.niftyindices.com/reports/historical-data
2018-07-26,19578.78,Nifty Indices Historical Data — Total Returns Index Values,https://www.niftyindices.com/reports/historical-data
2018-07-27,19762.97,Nifty Indices Historical Data — Total Returns Index Values,https://www.niftyindices.com/reports/historical-data
2018-07-30,19867.34,Nifty Indices Historical Data — Total Returns Index Values,https://www.niftyindices.com/reports/historical-data
2018-07-31,19928.66,Nifty Indices Historical Data — Total Returns Index Values,https://www.niftyindices.com/reports/historical-data
2018-08-01,19951.21,Nifty Indices Historical Data — Total Returns Index Values,https://www.niftyindices.com/reports/historical-data
2018-08-02,19868.61,Nifty Indices Historical Data — Total Returns Index Values,https://www.niftyindices.com/reports/historical-data
2018-08-03,20053.5,Nifty Indices Historical Data — Total Returns Index Values,https://www.niftyindices.com/reports/historical-data
2018-08-06,20076.79,Nifty Indices Historical Data — Total Returns Index Values,https://www.niftyindices.com/reports/historical-data
2018-08-07,20070.74,Nifty Indices Historical Data — Total Returns Index Values,https://www.niftyindices.com/reports/historical-data
2018-08-08,20124.83,Nifty Indices Historical Data — Total Returns Index Values,https://www.niftyindices.com/reports/historical-data
2018-08-09,20144.72,Nifty Indices Historical Data — Total Returns Index Values,https://www.niftyindices.com/reports/historical-data
2018-08-10,20054.94,Nifty Indices Historical Data — Total Returns Index Values,https://www.niftyindices.com/reports/historical-data
2018-08-13,19908.39,Nifty Indices Historical Data — Total Returns Index Values,https://www.niftyindices.com/reports/historical-data
2018-08-14,20074.93,Nifty Indices Historical Data — Total Returns Index Values,https://www.niftyindices.com/reports/historical-data
2018-08-16,20021.49,Nifty Indices Historical Data — Total Returns Index Values,https://www.niftyindices.com/reports/historical-data
2018-08-17,20193.31,Nifty Indices Historical Data — Total Returns Index Values,https://www.niftyindices.com/reports/historical-data
2018-08-20,20320.56,Nifty Indices Historical Data — Total Returns Index Values,https://www.niftyindices.com/reports/historical-data
2018-08-21,20392.18,Nifty Indices Historical Data — Total Returns Index Values,https://www.niftyindices.com/reports/historical-data
2018-08-23,20376.22,Nifty Indices Historical Data — Total Returns Index Values,https://www.niftyindices.com/reports/historical-data
2018-08-24,20340.81,Nifty Indices Historical Data — Total Returns Index Values,https://www.niftyindices.com/reports/historical-data
2018-08-27,20573.68,Nifty Indices Historical Data — Total Returns Index Values,https://www.niftyindices.com/reports/historical-data
2018-08-28,20569.87,Nifty Indices Historical Data — Total Returns Index Values,https://www.niftyindices.com/reports/historical-data
2018-08-29,20511.92,Nifty Indices Historical Data — Total Returns Index Values,https://www.niftyindices.com/reports/historical-data
2018-08-30,20529.16,Nifty Indices Historical Data — Total Returns Index Values,https://www.niftyindices.com/reports/historical-data
2018-08-31,20624.2,Nifty Indices Historical Data — Total Returns Index Values,https://www.niftyindices.com/reports/historical-data
2018-09-03,20506.47,Nifty Indices Historical Data — Total Returns Index Values,https://www.niftyindices.com/reports/historical-data
2018-09-04,20261.57,Nifty Indices Historical Data — Total Returns Index Values,https://www.niftyindices.com/reports/historical-data
2018-09-05,20237.5,Nifty Indices Historical Data — Total Returns Index Values,https://www.niftyindices.com/reports/historical-data
2018-09-06,20333.0,Nifty Indices Historical Data — Total Returns Index Values,https://www.niftyindices.com/reports/historical-data
2018-09-07,20490.86,Nifty Indices Historical Data — Total Returns Index Values,https://www.niftyindices.com/reports/historical-data
2018-09-10,20199.38,Nifty Indices Historical Data — Total Returns Index Values,https://www.niftyindices.com/reports/historical-data
2018-09-11,19929.06,Nifty Indices Historical Data — Total Returns Index Values,https://www.niftyindices.com/reports/historical-data
2018-09-12,20057.15,Nifty Indices Historical Data — Total Returns Index Values,https://www.niftyindices.com/reports/historical-data
2018-09-14,20440.0,Nifty Indices Historical Data — Total Returns Index Values,https://www.niftyindices.com/reports/historical-data
2018-09-17,20266.65,Nifty Indices Historical Data — Total Returns Index Values,https://www.niftyindices.com/reports/historical-data
2018-09-18,20056.17,Nifty Indices Historical Data — Total Returns Index Values,https://www.niftyindices.com/reports/historical-data
2018-09-19,20026.64,Nifty Indices Historical Data — Total Returns Index Values,https://www.niftyindices.com/reports/historical-data
2018-09-21,19801.12,Nifty Indices Historical Data — Total Returns Index Values,https://www.niftyindices.com/reports/historical-data
2018-09-24,19434.27,Nifty Indices Historical Data — Total Returns Index Values,https://www.niftyindices.com/reports/historical-data
2018-09-25,19533.17,Nifty Indices Historical Data — Total Returns Index Values,https://www.niftyindices.com/reports/historical-data
2018-09-26,19553.82,Nifty Indices Historical Data — Total Returns Index Values,https://www.niftyindices.com/reports/historical-data
2018-09-27,19380.24,Nifty Indices Historical Data — Total Returns Index Values,https://www.niftyindices.com/reports/historical-data
2018-09-28,19100.68,Nifty Indices Historical Data — Total Returns Index Values,https://www.niftyindices.com/reports/historical-data
2018-10-01,19233.05,Nifty Indices Historical Data — Total Returns Index Values,https://www.niftyindices.com/reports/historical-data
2018-10-03,19071.11,Nifty Indices Historical Data — Total Returns Index Values,https://www.niftyindices.com/reports/historical-data
2018-10-04,18619.82,Nifty Indices Historical Data — Total Returns Index Values,https://www.niftyindices.com/reports/historical-data
2018-10-05,17930.38,Nifty Indices Historical Data — Total Returns Index Values,https://www.niftyindices.com/reports/historical-data
2018-10-08,18003.46,Nifty Indices Historical Data — Total Returns Index Values,https://www.niftyindices.com/reports/historical-data
2018-10-09,17902.45,Nifty Indices Historical Data — Total Returns Index Values,https://www.niftyindices.com/reports/historical-data
2018-10-10,18264.99,Nifty Indices Historical Data — Total Returns Index Values,https://www.niftyindices.com/reports/historical-data
2018-10-11,17942.71,Nifty Indices Historical Data — Total Returns Index Values,https://www.niftyindices.com/reports/historical-data
2018-10-12,18394.47,Nifty Indices Historical Data — Total Returns Index Values,https://www.niftyindices.com/reports/historical-data
2018-10-15,18417.12,Nifty Indices Historical Data — Total Returns Index Values,https://www.niftyindices.com/reports/historical-data
2018-10-16,18516.97,Nifty Indices Historical Data — Total Returns Index Values,https://www.niftyindices.com/reports/historical-data
2018-10-17,18160.44,Nifty Indices Historical Data — Total Returns Index Values,https://www.niftyindices.com/reports/historical-data
2018-10-19,17937.17,Nifty Indices Historical Data — Total Returns Index Values,https://www.niftyindices.com/reports/historical-data
2018-10-22,17799.99,Nifty Indices Historical Data — Total Returns Index Values,https://www.niftyindices.com/reports/historical-data
2018-10-23,17633.99,Nifty Indices Historical Data — Total Returns Index Values,https://www.niftyindices.com/reports/historical-data
2018-10-24,17824.55,Nifty Indices Historical Data — Total Returns Index Values,https://www.niftyindices.com/reports/historical-data
2018-10-25,17642.15,Nifty Indices Historical Data — Total Returns Index Values,https://www.niftyindices.com/reports/historical-data
2018-10-26,17491.2,Nifty Indices Historical Data — Total Returns Index Values,https://www.niftyindices.com/reports/historical-data
2018-10-29,17904.85,Nifty Indices Historical Data — Total Returns Index Values,https://www.niftyindices.com/reports/historical-data
2018-10-30,17836.57,Nifty Indices Historical Data — Total Returns Index Values,https://www.niftyindices.com/reports/historical-data
2018-10-31,18153.08,Nifty Indices Historical Data — Total Returns Index Values,https://www.niftyindices.com/reports/historical-data
2018-11-01,18215.19,Nifty Indices Historical Data — Total Returns Index Values,https://www.niftyindices.com/reports/historical-data
2018-11-02,18538.03,Nifty Indices Historical Data — Total Returns Index Values,https://www.niftyindices.com/reports/historical-data
2018-11-05,18446.43,Nifty Indices Historical Data — Total Returns Index Values,https://www.niftyindices.com/reports/historical-data
2018-11-06,18415.45,Nifty Indices Historical Data — Total Returns Index Values,https://www.niftyindices.com/reports/historical-data
2018-11-07,18529.1,Nifty Indices Historical Data — Total Returns Index Values,https://www.niftyindices.com/reports/historical-data
2018-11-09,18618.15,Nifty Indices Historical Data — Total Returns Index Values,https://www.niftyindices.com/reports/historical-data
2018-11-12,18378.18,Nifty Indices Historical Data — Total Returns Index Values,https://www.niftyindices.com/reports/historical-data
2018-11-13,18535.63,Nifty Indices Historical Data — Total Returns Index Values,https://www.niftyindices.com/reports/historical-data
2018-11-14,18533.37,Nifty Indices Historical Data — Total Returns Index Values,https://www.niftyindices.com/reports/historical-data
2018-11-15,18585.42,Nifty Indices Historical Data — Total Returns Index Values,https://www.niftyindices.com/reports/historical-data
2018-11-16,18641.01,Nifty Indices Historical Data — Total Returns Index Values,https://www.niftyindices.com/reports/historical-data
2018-11-19,18764.97,Nifty Indices Historical Data — Total Returns Index Values,https://www.niftyindices.com/reports/historical-data
2018-11-20,18531.56,Nifty Indices Historical Data — Total Returns Index Values,https://www.niftyindices.com/reports/historical-data
2018-11-21,18533.78,Nifty Indices Historical Data — Total Returns Index Values,https://www.niftyindices.com/reports/historical-data
2018-11-22,18380.83,Nifty Indices Historical Data — Total Returns Index Values,https://www.niftyindices.com/reports/historical-data
2018-11-26,18485.43,Nifty Indices Historical Data — Total Returns Index Values,https://www.niftyindices.com/reports/historical-data
2018-11-27,18506.72,Nifty Indices Historical Data — Total Returns Index Values,https://www.niftyindices.com/reports/historical-data
2018-11-28,18393.33,Nifty Indices Historical Data — Total Returns Index Values,https://www.niftyindices.com/reports/historical-data
2018-11-29,18621.5,Nifty Indices Historical Data — Total Returns Index Values,https://www.niftyindices.com/reports/historical-data
2018-11-30,18636.63,Nifty Indices Historical Data — Total Returns Index Values,https://www.niftyindices.com/reports/historical-data
2018-12-03,18709.3,Nifty Indices Historical Data — Total Returns Index Values,https://www.niftyindices.com/reports/historical-data
2018-12-04,18763.1,Nifty Indices Historical Data — Total Returns Index Values,https://www.niftyindices.com/reports/historical-data
2018-12-05,18514.72,Nifty Indices Historical Data — Total Returns Index Values,https://www.niftyindices.com/reports/historical-data
2018-12-06,18163.49,Nifty Indices Historical Data — Total Returns Index Values,https://www.niftyindices.com/reports/historical-data
2018-12-07,18263.31,Nifty Indices Historical Data — Total Returns Index Values,https://www.niftyindices.com/reports/historical-data
2018-12-10,17968.5,Nifty Indices Historical Data — Total Returns Index Values,https://www.niftyindices.com/reports/historical-data
2018-12-11,18123.33,Nifty Indices Historical Data — Total Returns Index Values,https://www.niftyindices.com/reports/historical-data
2018-12-12,18510.68,Nifty Indices Historical Data — Total Returns Index Values,https://www.niftyindices.com/reports/historical-data
2018-12-13,18595.07,Nifty Indices Historical Data — Total Returns Index Values,https://www.niftyindices.com/reports/historical-data
2018-12-14,18665.92,Nifty Indices Historical Data — Total Returns Index Values,https://www.niftyindices.com/reports/historical-data
2018-12-17,18798.73,Nifty Indices Historical Data — Total Returns Index Values,https://www.niftyindices.com/reports/historical-data
2018-12-18,18833.48,Nifty Indices Historical Data — Total Returns Index Values,https://www.niftyindices.com/reports/historical-data
2018-12-19,19004.84,Nifty Indices Historical Data — Total Returns Index Values,https://www.niftyindices.com/reports/historical-data
2018-12-20,18999.22,Nifty Indices Historical Data — Total Returns Index Values,https://www.niftyindices.com/reports/historical-data
2018-12-21,18708.44,Nifty Indices Historical Data — Total Returns Index Values,https://www.niftyindices.com/reports/historical-data
2018-12-24,18512.52,Nifty Indices Historical Data — Total Returns Index Values,https://www.niftyindices.com/reports/historical-data
2018-12-26,18626.58,Nifty Indices Historical Data — Total Returns Index Values,https://www.niftyindices.com/reports/historical-data
2018-12-27,18688.5,Nifty Indices Historical Data — Total Returns Index Values,https://www.niftyindices.com/reports/historical-data
2018-12-28,18854.09,Nifty Indices Historical Data — Total Returns Index Values,https://www.niftyindices.com/reports/historical-data
2018-12-31,18886.51,Nifty Indices Historical Data — Total Returns Index Values,https://www.niftyindices.com/reports/historical-data
2019-01-01,18923.92,Nifty Indices Historical Data — Total Returns Index Values,https://www.niftyindices.com/reports/historical-data
2019-01-02,18641.77,Nifty Indices Historical Data — Total Returns Index Values,https://www.niftyindices.com/reports/historical-data
2019-01-03,18407.09,Nifty Indices Historical Data — Total Returns Index Values,https://www.niftyindices.com/reports/historical-data
2019-01-04,18550.32,Nifty Indices Historical Data — Total Returns Index Values,https://www.niftyindices.com/reports/historical-data
2019-01-07,18600.56,Nifty Indices Historical Data — Total Returns Index Values,https://www.niftyindices.com/reports/historical-data
2019-01-08,18679.55,Nifty Indices Historical Data — Total Returns Index Values,https://www.niftyindices.com/reports/historical-data
2019-01-09,18656.92,Nifty Indices Historical Data — Total Returns Index Values,https://www.niftyindices.com/reports/historical-data
2019-01-10,18608.8,Nifty Indices Historical Data — Total Returns Index Values,https://www.niftyindices.com/reports/historical-data
2019-01-11,18543.14,Nifty Indices Historical Data — Total Returns Index Values,https://www.niftyindices.com/reports/historical-data
2019-01-14,18438.04,Nifty Indices Historical Data — Total Returns Index Values,https://www.niftyindices.com/reports/historical-data
2019-01-15,18699.94,Nifty Indices Historical Data — Total Returns Index Values,https://www.niftyindices.com/reports/historical-data
2019-01-16,18705.81,Nifty Indices Historical Data — Total Returns Index Values,https://www.niftyindices.com/reports/historical-data
2019-01-17,18693.33,Nifty Indices Historical Data — Total Returns Index Values,https://www.niftyindices.com/reports/historical-data
2019-01-18,18608.63,Nifty Indices Historical Data — Total Returns Index Values,https://www.niftyindices.com/reports/historical-data
2019-01-21,18581.52,Nifty Indices Historical Data — Total Returns Index Values,https://www.niftyindices.com/reports/historical-data
2019-01-22,18524.23,Nifty Indices Historical Data — Total Returns Index Values,https://www.niftyindices.com/reports/historical-data
2019-01-23,18469.71,Nifty Indices Historical Data — Total Returns Index Values,https://www.niftyindices.com/reports/historical-data
2019-01-24,18452.89,Nifty Indices Historical Data — Total Returns Index Values,https://www.niftyindices.com/reports/historical-data
2019-01-25,18259.14,Nifty Indices Historical Data — Total Returns Index Values,https://www.niftyindices.com/reports/historical-data
2019-01-28,18027.7,Nifty Indices Historical Data — Total Returns Index Values,https://www.niftyindices.com/reports/historical-data
2019-01-29,18083.87,Nifty Indices Historical Data — Total Returns Index Values,https://www.niftyindices.com/reports/historical-data
2019-01-30,18097.5,Nifty Indices Historical Data — Total Returns Index Values,https://www.niftyindices.com/reports/historical-data
2019-01-31,18323.38,Nifty Indices Historical Data — Total Returns Index Values,https://www.niftyindices.com/reports/historical-data
2019-02-01,18366.17,Nifty Indices Historical Data — Total Returns Index Values,https://www.niftyindices.com/reports/historical-data
2019-02-04,18264.63,Nifty Indices Historical Data — Total Returns Index Values,https://www.niftyindices.com/reports/historical-data
2019-02-05,18321.13,Nifty Indices Historical Data — Total Returns Index Values,https://www.niftyindices.com/reports/historical-data
2019-02-06,18622.7,Nifty Indices Historical Data — Total Returns Index Values,https://www.niftyindices.com/reports/historical-data
2019-02-07,18733.39,Nifty Indices Historical Data — Total Returns Index Values,https://www.niftyindices.com/reports/historical-data
2019-02-08,18439.18,Nifty Indices Historical Data — Total Returns Index Values,https://www.niftyindices.com/reports/historical-data
2019-02-11,18326.49,Nifty Indices Historical Data — Total Returns Index Values,https://www.niftyindices.com/reports/historical-data
2019-02-12,18306.5,Nifty Indices Historical Data — Total Returns Index Values,https://www.niftyindices.com/reports/historical-data
2019-02-13,18180.95,Nifty Indices Historical Data — Total Returns Index Values,https://www.niftyindices.com/reports/historical-data
2019-02-14,18242.2,Nifty Indices Historical Data — Total Returns Index Values,https://www.niftyindices.com/reports/historical-data
2019-02-15,18177.46,Nifty Indices Historical Data — Total Returns Index Values,https://www.niftyindices.com/reports/historical-data
2019-02-18,18079.78,Nifty Indices Historical Data — Total Returns Index Values,https://www.niftyindices.com/reports/historical-data
2019-02-19,18068.99,Nifty Indices Historical Data — Total Returns Index Values,https://www.niftyindices.com/reports/historical-data
2019-02-20,18342.37,Nifty Indices Historical Data — Total Returns Index Values,https://www.niftyindices.com/reports/historical-data
2019-02-21,18476.47,Nifty Indices Historical Data — Total Returns Index Values,https://www.niftyindices.com/reports/historical-data
2019-02-22,18602.73,Nifty Indices Historical Data — Total Returns Index Values,https://www.niftyindices.com/reports/historical-data
2019-02-25,18701.07,Nifty Indices Historical Data — Total Returns Index Values,https://www.niftyindices.com/reports/historical-data
2019-02-26,18721.5,Nifty Indices Historical Data — Total Returns Index Values,https://www.niftyindices.com/reports/historical-data
2019-02-27,18662.65,Nifty Indices Historical Data — Total Returns Index Values,https://www.niftyindices.com/reports/historical-data
2019-02-28,18680.73,Nifty Indices Historical Data — Total Returns Index Values,https://www.niftyindices.com/reports/historical-data
2019-03-01,18837.72,Nifty Indices Historical Data — Total Returns Index Values,https://www.niftyindices.com/reports/historical-data
2019-03-05,19153.66,Nifty Indices Historical Data — Total Returns Index Values,https://www.niftyindices.com/reports/historical-data
2019-03-06,19230.68,Nifty Indices Historical Data — Total Returns Index Values,https://www.niftyindices.com/reports/historical-data
2019-03-07,19139.44,Nifty Indices Historical Data — Total Returns Index Values,https://www.niftyindices.com/reports/historical-data
2019-03-08,19076.85,Nifty Indices Historical Data — Total Returns Index Values,https://www.niftyindices.com/reports/historical-data
2019-03-11,19413.53,Nifty Indices Historical Data — Total Returns Index Values,https://www.niftyindices.com/reports/historical-data
2019-03-12,19571.77,Nifty Indices Historical Data — Total Returns Index Values,https://www.niftyindices.com/reports/historical-data
2019-03-13,19514.0,Nifty Indices Historical Data — Total Returns Index Values,https://www.niftyindices.com/reports/historical-data
2019-03-14,19555.59,Nifty Indices Historical Data — Total Returns Index Values,https://www.niftyindices.com/reports/historical-data
2019-03-15,19712.12,Nifty Indices Historical Data — Total Returns Index Values,https://www.niftyindices.com/reports/historical-data
2019-03-18,19777.16,Nifty Indices Historical Data — Total Returns Index Values,https://www.niftyindices.com/reports/historical-data
2019-03-19,19873.6,Nifty Indices Historical Data — Total Returns Index Values,https://www.niftyindices.com/reports/historical-data
2019-03-20,19732.78,Nifty Indices Historical Data — Total Returns Index Values,https://www.niftyindices.com/reports/historical-data
2019-03-22,19651.08,Nifty Indices Historical Data — Total Returns Index Values,https://www.niftyindices.com/reports/historical-data
2019-03-25,19517.77,Nifty Indices Historical Data — Total Returns Index Values,https://www.niftyindices.com/reports/historical-data
2019-03-26,19727.54,Nifty Indices Historical Data — Total Returns Index Values,https://www.niftyindices.com/reports/historical-data
2019-03-27,19701.45,Nifty Indices Historical Data — Total Returns Index Values,https://www.niftyindices.com/reports/historical-data
2019-03-28,19903.82,Nifty Indices Historical Data — Total Returns Index Values,https://www.niftyindices.com/reports/historical-data
2019-03-29,20056.61,Nifty Indices Historical Data — Total Returns Index Values,https://www.niftyindices.com/reports/historical-data
2019-04-01,20117.03,Nifty Indices Historical Data — Total Returns Index Values,https://www.niftyindices.com/reports/historical-data
2019-04-02,20183.67,Nifty Indices Historical Data — Total Returns Index Values,https://www.niftyindices.com/reports/historical-data
2019-04-03,20053.59,Nifty Indices Historical Data — Total Returns Index Values,https://www.niftyindices.com/reports/historical-data
2019-04-04,20051.76,Nifty Indices Historical Data — Total Returns Index Values,https://www.niftyindices.com/reports/historical-data
2019-04-05,20177.22,Nifty Indices Historical Data — Total Returns Index Values,https://www.niftyindices.com/reports/historical-data
2019-04-08,20025.53,Nifty Indices Historical Data — Total Returns Index Values,https://www.niftyindices.com/reports/historical-data
2019-04-09,20162.13,Nifty Indices Historical Data — Total Returns Index Values,https://www.niftyindices.com/reports/historical-data
2019-04-10,20096.06,Nifty Indices Historical Data — Total Returns Index Values,https://www.niftyindices.com/reports/historical-data
2019-04-11,20120.56,Nifty Indices Historical Data — Total Returns Index Values,https://www.niftyindices.com/reports/historical-data
2019-04-12,20189.69,Nifty Indices Historical Data — Total Returns Index Values,https://www.niftyindices.com/reports/historical-data
2019-04-15,20326.57,Nifty Indices Historical Data — Total Returns Index Values,https://www.niftyindices.com/reports/historical-data
2019-04-16,20467.48,Nifty Indices Historical Data — Total Returns Index Values,https://www.niftyindices.com/reports/historical-data
2019-04-18,20348.96,Nifty Indices Historical Data — Total Returns Index Values,https://www.niftyindices.com/reports/historical-data
2019-04-22,20058.19,Nifty Indices Historical Data — Total Returns Index Values,https://www.niftyindices.com/reports/historical-data
2019-04-23,20015.18,Nifty Indices Historical Data — Total Returns Index Values,https://www.niftyindices.com/reports/historical-data
2019-04-24,20241.66,Nifty Indices Historical Data — Total Returns Index Values,https://www.niftyindices.com/reports/historical-data
2019-04-25,20138.65,Nifty Indices Historical Data — Total Returns Index Values,https://www.niftyindices.com/reports/historical-data
2019-04-26,20265.19,Nifty Indices Historical Data — Total Returns Index Values,https://www.niftyindices.com/reports/historical-data
2019-04-30,20148.28,Nifty Indices Historical Data — Total Returns Index Values,https://www.niftyindices.com/reports/historical-data
2019-05-02,20069.36,Nifty Indices Historical Data — Total Returns Index Values,https://www.niftyindices.com/reports/historical-data
2019-05-03,20053.19,Nifty Indices Historical Data — Total Returns Index Values,https://www.niftyindices.com/reports/historical-data
2019-05-06,19835.94,Nifty Indices Historical Data — Total Returns Index Values,https://www.niftyindices.com/reports/historical-data
2019-05-07,19669.61,Nifty Indices Historical Data — Total Returns Index Values,https://www.niftyindices.com/reports/historical-data
2019-05-08,19439.81,Nifty Indices Historical Data — Total Returns Index Values,https://www.niftyindices.com/reports/historical-data
2019-05-09,19411.86,Nifty Indices Historical Data — Total Returns Index Values,https://www.niftyindices.com/reports/historical-data
2019-05-10,19339.89,Nifty Indices Historical Data — Total Returns Index Values,https://www.niftyindices.com/reports/historical-data
2019-05-13,19010.46,Nifty Indices Historical Data — Total Returns Index Values,https://www.niftyindices.com/reports/historical-data
2019-05-14,19175.81,Nifty Indices Historical Data — Total Returns Index Values,https://www.niftyindices.com/reports/historical-data
2019-05-15,18978.72,Nifty Indices Historical Data — Total Returns Index Values,https://www.niftyindices.com/reports/historical-data
2019-05-16,19191.83,Nifty Indices Historical Data — Total Returns Index Values,https://www.niftyindices.com/reports/historical-data
2019-05-17,19406.31,Nifty Indices Historical Data — Total Returns Index Values,https://www.niftyindices.com/reports/historical-data
2019-05-20,20108.29,Nifty Indices Historical Data — Total Returns Index Values,https://www.niftyindices.com/reports/historical-data
2019-05-21,19831.08,Nifty Indices Historical Data — Total Returns Index Values,https://www.niftyindices.com/reports/historical-data
2019-05-22,19890.15,Nifty Indices Historical Data — Total Returns Index Values,https://www.niftyindices.com/reports/historical-data
2019-05-23,19854.3,Nifty Indices Historical Data — Total Returns Index Values,https://www.niftyindices.com/reports/historical-data
2019-05-24,20205.57,Nifty Indices Historical Data — Total Returns Index Values,https://www.niftyindices.com/reports/historical-data
2019-05-27,20346.16,Nifty Indices Historical Data — Total Returns Index Values,https://www.niftyindices.com/reports/historical-data
2019-05-28,20327.06,Nifty Indices Historical Data — Total Returns Index Values,https://www.niftyindices.com/reports/historical-data
2019-05-29,20169.95,Nifty Indices Historical Data — Total Returns Index Values,https://www.niftyindices.com/reports/historical-data
2019-05-30,20236.69,Nifty Indices Historical Data — Total Returns Index Values,https://www.niftyindices.com/reports/historical-data
2019-05-31,20206.16,Nifty Indices Historical Data — Total Returns Index Values,https://www.niftyindices.com/reports/historical-data
2019-06-03,20513.46,Nifty Indices Historical Data — Total Returns Index Values,https://www.niftyindices.com/reports/historical-data
2019-06-04,20388.52,Nifty Indices Historical Data — Total Returns Index Values,https://www.niftyindices.com/reports/historical-data
2019-06-06,20080.3,Nifty Indices Historical Data — Total Returns Index Values,https://www.niftyindices.com/reports/historical-data
2019-06-07,20078.94,Nifty Indices Historical Data — Total Returns Index Values,https://www.niftyindices.com/reports/historical-data
2019-06-10,20149.93,Nifty Indices Historical Data — Total Returns Index Values,https://www.niftyindices.com/reports/historical-data
2019-06-11,20215.01,Nifty Indices Historical Data — Total Returns Index Values,https://www.niftyindices.com/reports/historical-data
2019-06-12,20085.14,Nifty Indices Historical Data — Total Returns Index Values,https://www.niftyindices.com/reports/historical-data
2019-06-13,20112.23,Nifty Indices Historical Data — Total Returns Index Values,https://www.niftyindices.com/reports/historical-data
2019-06-14,19933.63,Nifty Indices Historical Data — Total Returns Index Values,https://www.niftyindices.com/reports/historical-data
2019-06-17,19632.84,Nifty Indices Historical Data — Total Returns Index Values,https://www.niftyindices.com/reports/historical-data
2019-06-18,19670.23,Nifty Indices Historical Data — Total Returns Index Values,https://www.niftyindices.com/reports/historical-data
2019-06-19,19572.13,Nifty Indices Historical Data — Total Returns Index Values,https://www.niftyindices.com/reports/historical-data
2019-06-20,19838.78,Nifty Indices Historical Data — Total Returns Index Values,https://www.niftyindices.com/reports/historical-data
2019-06-21,19713.16,Nifty Indices Historical Data — Total Returns Index Values,https://www.niftyindices.com/reports/historical-data
2019-06-24,19644.37,Nifty Indices Historical Data — Total Returns Index Values,https://www.niftyindices.com/reports/historical-data
2019-06-25,19795.34,Nifty Indices Historical Data — Total Returns Index Values,https://www.niftyindices.com/reports/historical-data
2019-06-26,19928.37,Nifty Indices Historical Data — Total Returns Index Values,https://www.niftyindices.com/reports/historical-data
2019-06-27,19952.67,Nifty Indices Historical Data — Total Returns Index Values,https://www.niftyindices.com/reports/historical-data
2019-06-28,19849.11,Nifty Indices Historical Data — Total Returns Index Values,https://www.niftyindices.com/reports/historical-data
2019-07-01,19938.28,Nifty Indices Historical Data — Total Returns Index Values,https://www.niftyindices.com/reports/historical-data
2019-07-02,19982.04,Nifty Indices Historical Data — Total Returns Index Values,https://www.niftyindices.com/reports/historical-data
2019-07-03,20009.19,Nifty Indices Historical Data — Total Returns Index Values,https://www.niftyindices.com/reports/historical-data
2019-07-04,20079.48,Nifty Indices Historical Data — Total Returns Index Values,https://www.niftyindices.com/reports/historical-data
2019-07-05,19715.22,Nifty Indices Historical Data — Total Returns Index Values,https://www.niftyindices.com/reports/historical-data
2019-07-08,19239.8,Nifty Indices Historical Data — Total Returns Index Values,https://www.niftyindices.com/reports/historical-data
2019-07-09,19259.03,Nifty Indices Historical Data — Total Returns Index Values,https://www.niftyindices.com/reports/historical-data
2019-07-10,19096.18,Nifty Indices Historical Data — Total Returns Index Values,https://www.niftyindices.com/reports/historical-data
2019-07-11,19324.76,Nifty Indices Historical Data — Total Returns Index Values,https://www.niftyindices.com/reports/historical-data
2019-07-12,19297.01,Nifty Indices Historical Data — Total Returns Index Values,https://www.niftyindices.com/reports/historical-data
2019-07-15,19303.49,Nifty Indices Historical Data — Total Returns Index Values,https://www.niftyindices.com/reports/historical-data
2019-07-16,19505.28,Nifty Indices Historical Data — Total Returns Index Values,https://www.niftyindices.com/reports/historical-data
2019-07-17,19516.62,Nifty Indices Historical Data — Total Returns Index Values,https://www.niftyindices.com/reports/historical-data
2019-07-18,19255.51,Nifty Indices Historical Data — Total Returns Index Values,https://www.niftyindices.com/reports/historical-data
2019-07-19,18922.18,Nifty Indices Historical Data — Total Returns Index Values,https://www.niftyindices.com/reports/historical-data
2019-07-22,18982.49,Nifty Indices Historical Data — Total Returns Index Values,https://www.niftyindices.com/reports/historical-data
2019-07-23,18969.23,Nifty Indices Historical Data — Total Returns Index Values,https://www.niftyindices.com/reports/historical-data
2019-07-24,18755.34,Nifty Indices Historical Data — Total Returns Index Values,https://www.niftyindices.com/reports/historical-data
2019-07-25,18724.86,Nifty Indices Historical Data — Total Returns Index Values,https://www.niftyindices.com/reports/historical-data
2019-07-26,18889.82,Nifty Indices Historical Data — Total Returns Index Values,https://www.niftyindices.com/reports/historical-data
2019-07-29,18519.03,Nifty Indices Historical Data — Total Returns Index Values,https://www.niftyindices.com/reports/historical-data
2019-07-30,18198.26,Nifty Indices Historical Data — Total Returns Index Values,https://www.niftyindices.com/reports/historical-data
2019-07-31,18361.25,Nifty Indices Historical Data — Total Returns Index Values,https://www.niftyindices.com/reports/historical-data
2019-08-01,18114.54,Nifty Indices Historical Data — Total Returns Index Values,https://www.niftyindices.com/reports/historical-data
2019-08-02,18102.31,Nifty Indices Historical Data — Total Returns Index Values,https://www.niftyindices.com/reports/historical-data
2019-08-05,17823.4,Nifty Indices Historical Data — Total Returns Index Values,https://www.niftyindices.com/reports/historical-data
2019-08-06,18011.93,Nifty Indices Historical Data — Total Returns Index Values,https://www.niftyindices.com/reports/historical-data
2019-08-07,17826.08,Nifty Indices Historical Data — Total Returns Index Values,https://www.niftyindices.com/reports/historical-data
2019-08-08,18096.23,Nifty Indices Historical Data — Total Returns Index Values,https://www.niftyindices.com/reports/historical-data
2019-08-09,18169.75,Nifty Indices Historical Data — Total Returns Index Values,https://www.niftyindices.com/reports/historical-data
2019-08-13,17812.37,Nifty Indices Historical Data — Total Returns Index Values,https://www.niftyindices.com/reports/historical-data
2019-08-14,18007.36,Nifty Indices Historical Data — Total Returns Index Values,https://www.niftyindices.com/reports/historical-data
2019-08-16,18092.03,Nifty Indices Historical Data — Total Returns Index Values,https://www.niftyindices.com/reports/historical-data
2019-08-19,18057.29,Nifty Indices Historical Data — Total Returns Index Values,https://www.niftyindices.com/reports/historical-data
2019-08-20,17974.99,Nifty Indices Historical Data — Total Returns Index Values,https://www.niftyindices.com/reports/historical-data
2019-08-21,17697.43,Nifty Indices Historical Data — Total Returns Index Values,https://www.niftyindices.com/reports/historical-data
2019-08-22,17369.92,Nifty Indices Historical Data — Total Returns Index Values,https://www.niftyindices.com/reports/historical-data
2019-08-23,17641.96,Nifty Indices Historical Data — Total Returns Index Values,https://www.niftyindices.com/reports/historical-data
2019-08-26,17909.19,Nifty Indices Historical Data — Total Returns Index Values,https://www.niftyindices.com/reports/historical-data
2019-08-27,18044.77,Nifty Indices Historical Data — Total Returns Index Values,https://www.niftyindices.com/reports/historical-data
2019-08-28,17878.79,Nifty Indices Historical Data — Total Returns Index Values,https://www.niftyindices.com/reports/historical-data
2019-08-29,17849.1,Nifty Indices Historical Data — Total Returns Index Values,https://www.niftyindices.com/reports/historical-data
2019-08-30,17977.47,Nifty Indices Historical Data — Total Returns Index Values,https://www.niftyindices.com/reports/historical-data
2019-09-03,17621.91,Nifty Indices Historical Data — Total Returns Index Values,https://www.niftyindices.com/reports/historical-data
2019-09-04,17660.75,Nifty Indices Historical Data — Total Returns Index Values,https://www.niftyindices.com/reports/historical-data
2019-09-05,17834.11,Nifty Indices Historical Data — Total Returns Index Values,https://www.niftyindices.com/reports/historical-data
2019-09-06,18010.57,Nifty Indices Historical Data — Total Returns Index Values,https://www.niftyindices.com/reports/historical-data
2019-09-09,18120.27,Nifty Indices Historical Data — Total Returns Index Values,https://www.niftyindices.com/reports/historical-data
2019-09-11,18244.82,Nifty Indices Historical Data — Total Returns Index Values,https://www.niftyindices.com/reports/historical-data
2019-09-12,18117.99,Nifty Indices Historical Data — Total Returns Index Values,https://www.niftyindices.com/reports/historical-data
2019-09-13,18306.76,Nifty Indices Historical Data — Total Returns Index Values,https://www.niftyindices.com/reports/historical-data
2019-09-16,18193.58,Nifty Indices Historical Data — Total Returns Index Values,https://www.niftyindices.com/reports/historical-data
2019-09-17,17857.43,Nifty Indices Historical Data — Total Returns Index Values,https://www.niftyindices.com/reports/historical-data
2019-09-18,17914.85,Nifty Indices Historical Data — Total Returns Index Values,https://www.niftyindices.com/reports/historical-data
2019-09-19,17644.98,Nifty Indices Historical Data — Total Returns Index Values,https://www.niftyindices.com/reports/historical-data
2019-09-20,18595.88,Nifty Indices Historical Data — Total Returns Index Values,https://www.niftyindices.com/reports/historical-data
2019-09-23,19022.28,Nifty Indices Historical Data — Total Returns Index Values,https://www.niftyindices.com/reports/historical-data
2019-09-24,18941.77,Nifty Indices Historical Data — Total Returns Index Values,https://www.niftyindices.com/reports/historical-data
2019-09-25,18682.78,Nifty Indices Historical Data — Total Returns Index Values,https://www.niftyindices.com/reports/historical-data
2019-09-26,18968.4,Nifty Indices Historical Data — Total Returns Index Values,https://www.niftyindices.com/reports/historical-data
2019-09-27,18740.89,Nifty Indices Historical Data — Total Returns Index Values,https://www.niftyindices.com/reports/historical-data
2019-09-30,18638.41,Nifty Indices Historical Data — Total Returns Index Values,https://www.niftyindices.com/reports/historical-data
2019-10-01,18304.5,Nifty Indices Historical Data — Total Returns Index Values,https://www.niftyindices.com/reports/historical-data
2019-10-03,18363.97,Nifty Indices Historical Data — Total Returns Index Values,https://www.niftyindices.com/reports/historical-data
2019-10-04,18124.92,Nifty Indices Historical Data — Total Returns Index Values,https://www.niftyindices.com/reports/historical-data
2019-10-07,18051.04,Nifty Indices Historical Data — Total Returns Index Values,https://www.niftyindices.com/reports/historical-data
2019-10-09,18309.71,Nifty Indices Historical Data — Total Returns Index Values,https://www.niftyindices.com/reports/historical-data
2019-10-10,18182.68,Nifty Indices Historical Data — Total Returns Index Values,https://www.niftyindices.com/reports/historical-data
2019-10-11,18322.34,Nifty Indices Historical Data — Total Returns Index Values,https://www.niftyindices.com/reports/historical-data
2019-10-14,18453.83,Nifty Indices Historical Data — Total Returns Index Values,https://www.niftyindices.com/reports/historical-data
2019-10-15,18635.83,Nifty Indices Historical Data — Total Returns Index Values,https://www.niftyindices.com/reports/historical-data
2019-10-16,18706.04,Nifty Indices Historical Data — Total Returns Index Values,https://www.niftyindices.com/reports/historical-data
2019-10-17,18986.9,Nifty Indices Historical Data — Total Returns Index Values,https://www.niftyindices.com/reports/historical-data
2019-10-18,19126.17,Nifty Indices Historical Data — Total Returns Index Values,https://www.niftyindices.com/reports/historical-data
2019-10-22,19074.02,Nifty Indices Historical Data — Total Returns Index Values,https://www.niftyindices.com/reports/historical-data
2019-10-23,19076.43,Nifty Indices Historical Data — Total Returns Index Values,https://www.niftyindices.com/reports/historical-data
2019-10-24,18936.83,Nifty Indices Historical Data — Total Returns Index Values,https://www.niftyindices.com/reports/historical-data
2019-10-25,18924.72,Nifty Indices Historical Data — Total Returns Index Values,https://www.niftyindices.com/reports/historical-data
2019-10-27,19024.85,Nifty Indices Historical Data — Total Returns Index Values,https://www.niftyindices.com/reports/historical-data
2019-10-29,19355.33,Nifty Indices Historical Data — Total Returns Index Values,https://www.niftyindices.com/reports/historical-data
2019-10-30,19397.9,Nifty Indices Historical Data — Total Returns Index Values,https://www.niftyindices.com/reports/historical-data
2019-10-31,19616.61,Nifty Indices Historical Data — Total Returns Index Values,https://www.niftyindices.com/reports/historical-data
2019-11-01,19689.69,Nifty Indices Historical Data — Total Returns Index Values,https://www.niftyindices.com/reports/historical-data
2019-11-04,19765.17,Nifty Indices Historical Data — Total Returns Index Values,https://www.niftyindices.com/reports/historical-data
2019-11-05,19734.18,Nifty Indices Historical Data — Total Returns Index Values,https://www.niftyindices.com/reports/historical-data
2019-11-06,19746.95,Nifty Indices Historical Data — Total Returns Index Values,https://www.niftyindices.com/reports/historical-data
2019-11-07,19746.92,Nifty Indices Historical Data — Total Returns Index Values,https://www.niftyindices.com/reports/historical-data
2019-11-08,19534.19,Nifty Indices Historical Data — Total Returns Index Values,https://www.niftyindices.com/reports/historical-data
2019-11-11,19581.36,Nifty Indices Historical Data — Total Returns Index Values,https://www.niftyindices.com/reports/historical-data
2019-11-13,19347.78,Nifty Indices Historical Data — Total Returns Index Values,https://www.niftyindices.com/reports/historical-data
2019-11-14,19288.3,Nifty Indices Historical Data — Total Returns Index Values,https://www.niftyindices.com/reports/historical-data
2019-11-15,19334.81,Nifty Indices Historical Data — Total Returns Index Values,https://www.niftyindices.com/reports/historical-data
2019-11-18,19384.97,Nifty Indices Historical Data — Total Returns Index Values,https://www.niftyindices.com/reports/historical-data
2019-11-19,19442.48,Nifty Indices Historical Data — Total Returns Index Values,https://www.niftyindices.com/reports/historical-data
2019-11-20,19560.91,Nifty Indices Historical Data — Total Returns Index Values,https://www.niftyindices.com/reports/historical-data
2019-11-21,19454.43,Nifty Indices Historical Data — Total Returns Index Values,https://www.niftyindices.com/reports/historical-data
2019-11-22,19437.47,Nifty Indices Historical Data — Total Returns Index Values,https://www.niftyindices.com/reports/historical-data
2019-11-25,19731.74,Nifty Indices Historical Data — Total Returns Index Values,https://www.niftyindices.com/reports/historical-data
2019-11-26,19546.88,Nifty Indices Historical Data — Total Returns Index Values,https://www.niftyindices.com/reports/historical-data
2019-11-27,19699.95,Nifty Indices Historical Data — Total Returns Index Values,https://www.niftyindices.com/reports/historical-data
2019-11-28,19857.34,Nifty Indices Historical Data — Total Returns Index Values,https://www.niftyindices.com/reports/historical-data
2019-11-29,19692.97,Nifty Indices Historical Data — Total Returns Index Values,https://www.niftyindices.com/reports/historical-data
2019-12-02,19580.19,Nifty Indices Historical Data — Total Returns Index Values,https://www.niftyindices.com/reports/historical-data
2019-12-03,19356.62,Nifty Indices Historical Data — Total Returns Index Values,https://www.niftyindices.com/reports/historical-data
2019-12-04,19514.28,Nifty Indices Historical Data — Total Returns Index Values,https://www.niftyindices.com/reports/historical-data
2019-12-05,19400.68,Nifty Indices Historical Data — Total Returns Index Values,https://www.niftyindices.com/reports/historical-data
2019-12-06,19179.48,Nifty Indices Historical Data — Total Returns Index Values,https://www.niftyindices.com/reports/historical-data
2019-12-09,19205.6,Nifty Indices Historical Data — Total Returns Index Values,https://www.niftyindices.com/reports/historical-data
2019-12-10,18981.72,Nifty Indices Historical Data — Total Returns Index Values,https://www.niftyindices.com/reports/historical-data
2019-12-11,19030.04,Nifty Indices Historical Data — Total Returns Index Values,https://www.niftyindices.com/reports/historical-data
2019-12-12,19227.44,Nifty Indices Historical Data — Total Returns Index Values,https://www.niftyindices.com/reports/historical-data
2019-12-13,19402.54,Nifty Indices Historical Data — Total Returns Index Values,https://www.niftyindices.com/reports/historical-data
2019-12-16,19292.56,Nifty Indices Historical Data — Total Returns Index Values,https://www.niftyindices.com/reports/historical-data
2019-12-17,19469.6,Nifty Indices Historical Data — Total Returns Index Values,https://www.niftyindices.com/reports/historical-data
2019-12-18,19514.99,Nifty Indices Historical Data — Total Returns Index Values,https://www.niftyindices.com/reports/historical-data
2019-12-19,19597.22,Nifty Indices Historical Data — Total Returns Index Values,https://www.niftyindices.com/reports/historical-data
2019-12-20,19668.14,Nifty Indices Historical Data — Total Returns Index Values,https://www.niftyindices.com/reports/historical-data
2019-12-23,19667.49,Nifty Indices Historical Data — Total Returns Index Values,https://www.niftyindices.com/reports/historical-data
2019-12-24,19657.07,Nifty Indices Historical Data — Total Returns Index Values,https://www.niftyindices.com/reports/historical-data
2019-12-26,19566.7,Nifty Indices Historical Data — Total Returns Index Values,https://www.niftyindices.com/reports/historical-data
2019-12-27,19723.58,Nifty Indices Historical Data — Total Returns Index Values,https://www.niftyindices.com/reports/historical-data
2019-12-30,19801.15,Nifty Indices Historical Data — Total Returns Index Values,https://www.niftyindices.com/reports/historical-data
2019-12-31,19699.06,Nifty Indices Historical Data — Total Returns Index Values,https://www.niftyindices.com/reports/historical-data
2020-01-01,19707.7,Nifty Indices Historical Data — Total Returns Index Values,https://www.niftyindices.com/reports/historical-data
2020-01-02,19880.75,Nifty Indices Historical Data — Total Returns Index Values,https://www.niftyindices.com/reports/historical-data
2020-01-03,19759.55,Nifty Indices Historical Data — Total Returns Index Values,https://www.niftyindices.com/reports/historical-data
2020-01-06,19393.9,Nifty Indices Historical Data — Total Returns Index Values,https://www.niftyindices.com/reports/historical-data
2020-01-07,19460.72,Nifty Indices Historical Data — Total Returns Index Values,https://www.niftyindices.com/reports/historical-data
2020-01-08,19401.88,Nifty Indices Historical Data — Total Returns Index Values,https://www.niftyindices.com/reports/historical-data
2020-01-09,19706.8,Nifty Indices Historical Data — Total Returns Index Values,https://www.niftyindices.com/reports/historical-data
2020-01-10,19753.83,Nifty Indices Historical Data — Total Returns Index Values,https://www.niftyindices.com/reports/historical-data
2020-01-13,19872.15,Nifty Indices Historical Data — Total Returns Index Values,https://www.niftyindices.com/reports/historical-data
2020-01-14,19942.02,Nifty Indices Historical Data — Total Returns Index Values,https://www.niftyindices.com/reports/historical-data
2020-01-15,19967.6,Nifty Indices Historical Data — Total Returns Index Values,https://www.niftyindices.com/reports/historical-data
2020-01-16,19935.17,Nifty Indices Historical Data — Total Returns Index Values,https://www.niftyindices.com/reports/historical-data
2020-01-17,19894.46,Nifty Indices Historical Data — Total Returns Index Values,https://www.niftyindices.com/reports/historical-data
2020-01-20,19736.47,Nifty Indices Historical Data — Total Returns Index Values,https://www.niftyindices.com/reports/historical-data
2020-01-21,19647.91,Nifty Indices Historical Data — Total Returns Index Values,https://www.niftyindices.com/reports/historical-data
2020-01-22,19558.7,Nifty Indices Historical Data — Total Returns Index Values,https://www.niftyindices.com/reports/historical-data
2020-01-23,19684.34,Nifty Indices Historical Data — Total Returns Index Values,https://www.niftyindices.com/reports/historical-data
2020-01-24,19820.16,Nifty Indices Historical Data — Total Returns Index Values,https://www.niftyindices.com/reports/historical-data
2020-01-27,19644.13,Nifty Indices Historical Data — Total Returns Index Values,https://www.niftyindices.com/reports/historical-data
2020-01-28,19480.75,Nifty Indices Historical Data — Total Returns Index Values,https://www.niftyindices.com/reports/historical-data
2020-01-29,19627.75,Nifty Indices Historical Data — Total Returns Index Values,https://www.niftyindices.com/reports/historical-data
2020-01-30,19437.45,Nifty Indices Historical Data — Total Returns Index Values,https://www.niftyindices.com/reports/historical-data
2020-01-31,19235.6,Nifty Indices Historical Data — Total Returns Index Values,https://www.niftyindices.com/reports/historical-data
2020-02-01,18773.52,Nifty Indices Historical Data — Total Returns Index Values,https://www.niftyindices.com/reports/historical-data
2020-02-03,18906.51,Nifty Indices Historical Data — Total Returns Index Values,https://www.niftyindices.com/reports/historical-data
2020-02-04,19292.95,Nifty Indices Historical Data — Total Returns Index Values,https://www.niftyindices.com/reports/historical-data
2020-02-05,19452.62,Nifty Indices Historical Data — Total Returns Index Values,https://www.niftyindices.com/reports/historical-data
2020-02-06,19563.87,Nifty Indices Historical Data — Total Returns Index Values,https://www.niftyindices.com/reports/historical-data
2020-02-07,19571.2,Nifty Indices Historical Data — Total Returns Index Values,https://www.niftyindices.com/reports/historical-data
2020-02-10,19299.18,Nifty Indices Historical Data — Total Returns Index Values,https://www.niftyindices.com/reports/historical-data
2020-02-11,19450.13,Nifty Indices Historical Data — Total Returns Index Values,https://www.niftyindices.com/reports/historical-data
2020-02-12,19522.34,Nifty Indices Historical Data — Total Returns Index Values,https://www.niftyindices.com/reports/historical-data
2020-02-13,19532.56,Nifty Indices Historical Data — Total Returns Index Values,https://www.niftyindices.com/reports/historical-data
2020-02-14,19401.94,Nifty Indices Historical Data — Total Returns Index Values,https://www.niftyindices.com/reports/historical-data
2020-02-17,19276.32,Nifty Indices Historical Data — Total Returns Index Values,https://www.niftyindices.com/reports/historical-data
2020-02-18,19150.11,Nifty Indices Historical Data — Total Returns Index Values,https://www.niftyindices.com/reports/historical-data
2020-02-19,19357.1,Nifty Indices Historical Data — Total Returns Index Values,https://www.niftyindices.com/reports/historical-data
2020-02-20,19316.42,Nifty Indices Historical Data — Total Returns Index Values,https://www.niftyindices.com/reports/historical-data
2020-02-24,18834.07,Nifty Indices Historical Data — Total Returns Index Values,https://www.niftyindices.com/reports/historical-data
2020-02-25,18762.26,Nifty Indices Historical Data — Total Returns Index Values,https://www.niftyindices.com/reports/historical-data
2020-02-26,18570.7,Nifty Indices Historical Data — Total Returns Index Values,https://www.niftyindices.com/reports/historical-data
2020-02-27,18483.36,Nifty Indices Historical Data — Total Returns Index Values,https://www.niftyindices.com/reports/historical-data
2020-02-28,17736.75,Nifty Indices Historical Data — Total Returns Index Values,https://www.niftyindices.com/reports/historical-data
2020-03-02,17528.46,Nifty Indices Historical Data — Total Returns Index Values,https://www.niftyindices.com/reports/historical-data
2020-03-03,17988.32,Nifty Indices Historical Data — Total Returns Index Values,https://www.niftyindices.com/reports/historical-data
2020-03-04,17965.7,Nifty Indices Historical Data — Total Returns Index Values,https://www.niftyindices.com/reports/historical-data
2020-03-05,18052.42,Nifty Indices Historical Data — Total Returns Index Values,https://www.niftyindices.com/reports/historical-data
2020-03-06,17461.46,Nifty Indices Historical Data — Total Returns Index Values,https://www.niftyindices.com/reports/historical-data
2020-03-09,16747.63,Nifty Indices Historical Data — Total Returns Index Values,https://www.niftyindices.com/reports/historical-data
2020-03-11,16703.95,Nifty Indices Historical Data — Total Returns Index Values,https://www.niftyindices.com/reports/historical-data
2020-03-12,15314.0,Nifty Indices Historical Data — Total Returns Index Values,https://www.niftyindices.com/reports/historical-data
2020-03-13,15763.53,Nifty Indices Historical Data — Total Returns Index Values,https://www.niftyindices.com/reports/historical-data
2020-03-16,14770.58,Nifty Indices Historical Data — Total Returns Index Values,https://www.niftyindices.com/reports/historical-data
2020-03-17,14632.17,Nifty Indices Historical Data — Total Returns Index Values,https://www.niftyindices.com/reports/historical-data
2020-03-18,13906.74,Nifty Indices Historical Data — Total Returns Index Values,https://www.niftyindices.com/reports/historical-data
2020-03-19,13337.8,Nifty Indices Historical Data — Total Returns Index Values,https://www.niftyindices.com/reports/historical-data
2020-03-20,14202.64,Nifty Indices Historical Data — Total Returns Index Values,https://www.niftyindices.com/reports/historical-data
2020-03-23,12477.91,Nifty Indices Historical Data — Total Returns Index Values,https://www.niftyindices.com/reports/historical-data
2020-03-24,12677.51,Nifty Indices Historical Data — Total Returns Index Values,https://www.niftyindices.com/reports/historical-data
2020-03-25,13227.61,Nifty Indices Historical Data — Total Returns Index Values,https://www.niftyindices.com/reports/historical-data
2020-03-26,13647.66,Nifty Indices Historical Data — Total Returns Index Values,https://www.niftyindices.com/reports/historical-data
2020-03-27,13577.38,Nifty Indices Historical Data — Total Returns Index Values,https://www.niftyindices.com/reports/historical-data
2020-03-30,13220.33,Nifty Indices Historical Data — Total Returns Index Values,https://www.niftyindices.com/reports/historical-data
2020-03-31,13717.68,Nifty Indices Historical Data — Total Returns Index Values,https://www.niftyindices.com/reports/historical-data
2020-04-01,13264.76,Nifty Indices Historical Data — Total Returns Index Values,https://www.niftyindices.com/reports/historical-data
2020-04-03,13135.25,Nifty Indices Historical Data — Total Returns Index Values,https://www.niftyindices.com/reports/historical-data
2020-04-07,14231.17,Nifty Indices Historical Data — Total Returns Index Values,https://www.niftyindices.com/reports/historical-data
2020-04-08,14256.86,Nifty Indices Historical Data — Total Returns Index Values,https://www.niftyindices.com/reports/historical-data
2020-04-09,14872.08,Nifty Indices Historical Data — Total Returns Index Values,https://www.niftyindices.com/reports/historical-data
2020-04-13,14791.94,Nifty Indices Historical Data — Total Returns Index Values,https://www.niftyindices.com/reports/historical-data
2020-04-15,14824.06,Nifty Indices Historical Data — Total Returns Index Values,https://www.niftyindices.com/reports/historical-data
2020-04-16,14979.13,Nifty Indices Historical Data — Total Returns Index Values,https://www.niftyindices.com/reports/historical-data
2020-04-17,15263.92,Nifty Indices Historical Data — Total Returns Index Values,https://www.niftyindices.com/reports/historical-data
2020-04-20,15108.23,Nifty Indices Historical Data — Total Returns Index Values,https://www.niftyindices.com/reports/historical-data
2020-04-21,14651.16,Nifty Indices Historical Data — Total Returns Index Values,https://www.niftyindices.com/reports/historical-data
2020-04-22,14897.74,Nifty Indices Historical Data — Total Returns Index Values,https://www.niftyindices.com/reports/historical-data
2020-04-23,14966.1,Nifty Indices Historical Data — Total Returns Index Values,https://www.niftyindices.com/reports/historical-data
2020-04-24,14703.19,Nifty Indices Historical Data — Total Returns Index Values,https://www.niftyindices.com/reports/historical-data
2020-04-27,14947.36,Nifty Indices Historical Data — Total Returns Index Values,https://www.niftyindices.com/reports/historical-data
2020-04-28,15020.0,Nifty Indices Historical Data — Total Returns Index Values,https://www.niftyindices.com/reports/historical-data
2020-04-29,15250.32,Nifty Indices Historical Data — Total Returns Index Values,https://www.niftyindices.com/reports/historical-data
2020-04-30,15903.66,Nifty Indices Historical Data — Total Returns Index Values,https://www.niftyindices.com/reports/historical-data
2020-05-04,15061.88,Nifty Indices Historical Data — Total Returns Index Values,https://www.niftyindices.com/reports/historical-data
2020-05-05,14915.11,Nifty Indices Historical Data — Total Returns Index Values,https://www.niftyindices.com/reports/historical-data
2020-05-06,15008.49,Nifty Indices Historical Data — Total Returns Index Values,https://www.niftyindices.com/reports/historical-data
2020-05-07,14872.71,Nifty Indices Historical Data — Total Returns Index Values,https://www.niftyindices.com/reports/historical-data
2020-05-08,14886.45,Nifty Indices Historical Data — Total Returns Index Values,https://www.niftyindices.com/reports/historical-data
2020-05-11,15005.65,Nifty Indices Historical Data — Total Returns Index Values,https://www.niftyindices.com/reports/historical-data
2020-05-12,15082.98,Nifty Indices Historical Data — Total Returns Index Values,https://www.niftyindices.com/reports/historical-data
2020-05-13,15361.63,Nifty Indices Historical Data — Total Returns Index Values,https://www.niftyindices.com/reports/historical-data
2020-05-14,15105.29,Nifty Indices Historical Data — Total Returns Index Values,https://www.niftyindices.com/reports/historical-data
2020-05-15,15079.37,Nifty Indices Historical Data — Total Returns Index Values,https://www.niftyindices.com/reports/historical-data
2020-05-18,14563.94,Nifty Indices Historical Data — Total Returns Index Values,https://www.niftyindices.com/reports/historical-data
2020-05-19,14731.31,Nifty Indices Historical Data — Total Returns Index Values,https://www.niftyindices.com/reports/historical-data
2020-05-20,15027.95,Nifty Indices Historical Data — Total Returns Index Values,https://www.niftyindices.com/reports/historical-data
2020-05-21,15133.26,Nifty Indices Historical Data — Total Returns Index Values,https://www.niftyindices.com/reports/historical-data
2020-05-22,15118.67,Nifty Indices Historical Data — Total Returns Index Values,https://www.niftyindices.com/reports/historical-data
2020-05-26,15180.23,Nifty Indices Historical Data — Total Returns Index Values,https://www.niftyindices.com/reports/historical-data
2020-05-27,15514.65,Nifty Indices Historical Data — Total Returns Index Values,https://www.niftyindices.com/reports/historical-data
2020-05-28,15795.93,Nifty Indices Historical Data — Total Returns Index Values,https://www.niftyindices.com/reports/historical-data
2020-05-29,16093.89,Nifty Indices Historical Data — Total Returns Index Values,https://www.niftyindices.com/reports/historical-data
2020-06-01,16378.97,Nifty Indices Historical Data — Total Returns Index Values,https://www.niftyindices.com/reports/historical-data
2020-06-02,16595.99,Nifty Indices Historical Data — Total Returns Index Values,https://www.niftyindices.com/reports/historical-data
2020-06-03,16691.55,Nifty Indices Historical Data — Total Returns Index Values,https://www.niftyindices.com/reports/historical-data
2020-06-04,16750.43,Nifty Indices Historical Data — Total Returns Index Values,https://www.niftyindices.com/reports/historical-data
2020-06-05,17041.64,Nifty Indices Historical Data — Total Returns Index Values,https://www.niftyindices.com/reports/historical-data
2020-06-08,17113.22,Nifty Indices Historical Data — Total Returns Index Values,https://www.niftyindices.com/reports/historical-data
2020-06-09,16959.74,Nifty Indices Historical Data — Total Returns Index Values,https://www.niftyindices.com/reports/historical-data
2020-06-10,16952.45,Nifty Indices Historical Data — Total Returns Index Values,https://www.niftyindices.com/reports/historical-data
2020-06-11,16572.51,Nifty Indices Historical Data — Total Returns Index Values,https://www.niftyindices.com/reports/historical-data
2020-06-12,16696.29,Nifty Indices Historical Data — Total Returns Index Values,https://www.niftyindices.com/reports/historical-data
2020-06-15,16450.63,Nifty Indices Historical Data — Total Returns Index Values,https://www.niftyindices.com/reports/historical-data
2020-06-16,16469.55,Nifty Indices Historical Data — Total Returns Index Values,https://www.niftyindices.com/reports/historical-data
2020-06-17,16432.71,Nifty Indices Historical Data — Total Returns Index Values,https://www.niftyindices.com/reports/historical-data
2020-06-18,16697.59,Nifty Indices Historical Data — Total Returns Index Values,https://www.niftyindices.com/reports/historical-data
2020-06-19,16884.36,Nifty Indices Historical Data — Total Returns Index Values,https://www.niftyindices.com/reports/historical-data
2020-06-22,17102.85,Nifty Indices Historical Data — Total Returns Index Values,https://www.niftyindices.com/reports/historical-data
2020-06-23,17438.95,Nifty Indices Historical Data — Total Returns Index Values,https://www.niftyindices.com/reports/historical-data
2020-06-24,17144.11,Nifty Indices Historical Data — Total Returns Index Values,https://www.niftyindices.com/reports/historical-data
2020-06-25,17077.25,Nifty Indices Historical Data — Total Returns Index Values,https://www.niftyindices.com/reports/historical-data
2020-06-26,17189.87,Nifty Indices Historical Data — Total Returns Index Values,https://www.niftyindices.com/reports/historical-data
2020-06-29,16994.09,Nifty Indices Historical Data — Total Returns Index Values,https://www.niftyindices.com/reports/historical-data
2020-06-30,16984.09,Nifty Indices Historical Data — Total Returns Index Values,https://www.niftyindices.com/reports/historical-data
2020-07-01,17097.15,Nifty Indices Historical Data — Total Returns Index Values,https://www.niftyindices.com/reports/historical-data
2020-07-02,17290.29,Nifty Indices Historical Data — Total Returns Index Values,https://www.niftyindices.com/reports/historical-data
2020-07-03,17388.68,Nifty Indices Historical Data — Total Returns Index Values,https://www.niftyindices.com/reports/historical-data
2020-07-06,17640.49,Nifty Indices Historical Data — Total Returns Index Values,https://www.niftyindices.com/reports/historical-data
2020-07-07,17643.93,Nifty Indices Historical Data — Total Returns Index Values,https://www.niftyindices.com/reports/historical-data
2020-07-08,17496.35,Nifty Indices Historical Data — Total Returns Index Values,https://www.niftyindices.com/reports/historical-data
2020-07-09,17647.99,Nifty Indices Historical Data — Total Returns Index Values,https://www.niftyindices.com/reports/historical-data
2020-07-10,17509.59,Nifty Indices Historical Data — Total Returns Index Values,https://www.niftyindices.com/reports/historical-data
2020-07-13,17607.04,Nifty Indices Historical Data — Total Returns Index Values,https://www.niftyindices.com/reports/historical-data
2020-07-14,17267.52,Nifty Indices Historical Data — Total Returns Index Values,https://www.niftyindices.com/reports/historical-data
2020-07-15,17319.79,Nifty Indices Historical Data — Total Returns Index Values,https://www.niftyindices.com/reports/historical-data
2020-07-16,17462.1,Nifty Indices Historical Data — Total Returns Index Values,https://www.niftyindices.com/reports/historical-data
2020-07-17,17726.99,Nifty Indices Historical Data — Total Returns Index Values,https://www.niftyindices.com/reports/historical-data
2020-07-20,17893.54,Nifty Indices Historical Data — Total Returns Index Values,https://www.niftyindices.com/reports/historical-data
2020-07-21,18049.96,Nifty Indices Historical Data — Total Returns Index Values,https://www.niftyindices.com/reports/historical-data
2020-07-22,17971.8,Nifty Indices Historical Data — Total Returns Index Values,https://www.niftyindices.com/reports/historical-data
2020-07-23,18113.94,Nifty Indices Historical Data — Total Returns Index Values,https://www.niftyindices.com/reports/historical-data
2020-07-24,17945.15,Nifty Indices Historical Data — Total Returns Index Values,https://www.niftyindices.com/reports/historical-data
2020-07-27,17849.86,Nifty Indices Historical Data — Total Returns Index Values,https://www.niftyindices.com/reports/historical-data
2020-07-28,18165.97,Nifty Indices Historical Data — Total Returns Index Values,https://www.niftyindices.com/reports/historical-data
2020-07-29,18182.22,Nifty Indices Historical Data — Total Returns Index Values,https://www.niftyindices.com/reports/historical-data
2020-07-30,17977.74,Nifty Indices Historical Data — Total Returns Index Values,https://www.niftyindices.com/reports/historical-data
2020-07-31,18054.9,Nifty Indices Historical Data — Total Returns Index Values,https://www.niftyindices.com/reports/historical-data
2020-08-03,17859.49,Nifty Indices Historical Data — Total Returns Index Values,https://www.niftyindices.com/reports/historical-data
2020-08-04,18000.55,Nifty Indices Historical Data — Total Returns Index Values,https://www.niftyindices.com/reports/historical-data
2020-08-05,18167.0,Nifty Indices Historical Data — Total Returns Index Values,https://www.niftyindices.com/reports/historical-data
2020-08-06,18301.8,Nifty Indices Historical Data — Total Returns Index Values,https://www.niftyindices.com/reports/historical-data
2020-08-07,18381.12,Nifty Indices Historical Data — Total Returns Index Values,https://www.niftyindices.com/reports/historical-data
2020-08-10,18561.47,Nifty Indices Historical Data — Total Returns Index Values,https://www.niftyindices.com/reports/historical-data
2020-08-11,18590.17,Nifty Indices Historical Data — Total Returns Index Values,https://www.niftyindices.com/reports/historical-data
2020-08-12,18611.0,Nifty Indices Historical Data — Total Returns Index Values,https://www.niftyindices.com/reports/historical-data
2020-08-13,18686.32,Nifty Indices Historical Data — Total Returns Index Values,https://www.niftyindices.com/reports/historical-data
2020-08-14,18510.99,Nifty Indices Historical Data — Total Returns Index Values,https://www.niftyindices.com/reports/historical-data
2020-08-17,18779.98,Nifty Indices Historical Data — Total Returns Index Values,https://www.niftyindices.com/reports/historical-data
2020-08-18,18975.59,Nifty Indices Historical Data — Total Returns Index Values,https://www.niftyindices.com/reports/historical-data
2020-08-19,19047.99,Nifty Indices Historical Data — Total Returns Index Values,https://www.niftyindices.com/reports/historical-data
2020-08-20,19002.47,Nifty Indices Historical Data — Total Returns Index Values,https://www.niftyindices.com/reports/historical-data
2020-08-21,19096.83,Nifty Indices Historical Data — Total Returns Index Values,https://www.niftyindices.com/reports/historical-data
2020-08-24,19165.68,Nifty Indices Historical Data — Total Returns Index Values,https://www.niftyindices.com/reports/historical-data
2020-08-25,19180.95,Nifty Indices Historical Data — Total Returns Index Values,https://www.niftyindices.com/reports/historical-data
2020-08-26,19338.69,Nifty Indices Historical Data — Total Returns Index Values,https://www.niftyindices.com/reports/historical-data
2020-08-27,19416.69,Nifty Indices Historical Data — Total Returns Index Values,https://www.niftyindices.com/reports/historical-data
2020-08-28,19543.37,Nifty Indices Historical Data — Total Returns Index Values,https://www.niftyindices.com/reports/historical-data
2020-08-31,18985.17,Nifty Indices Historical Data — Total Returns Index Values,https://www.niftyindices.com/reports/historical-data
2020-09-01,19152.82,Nifty Indices Historical Data — Total Returns Index Values,https://www.niftyindices.com/reports/historical-data
2020-09-02,19327.44,Nifty Indices Historical Data — Total Returns Index Values,https://www.niftyindices.com/reports/historical-data
2020-09-03,19459.91,Nifty Indices Historical Data — Total Returns Index Values,https://www.niftyindices.com/reports/historical-data
2020-09-04,19104.13,Nifty Indices Historical Data — Total Returns Index Values,https://www.niftyindices.com/reports/historical-data
2020-09-07,19121.74,Nifty Indices Historical Data — Total Returns Index Values,https://www.niftyindices.com/reports/historical-data
2020-09-08,18870.51,Nifty Indices Historical Data — Total Returns Index Values,https://www.niftyindices.com/reports/historical-data
2020-09-09,18843.7,Nifty Indices Historical Data — Total Returns Index Values,https://www.niftyindices.com/reports/historical-data
2020-09-10,18981.63,Nifty Indices Historical Data — Total Returns Index Values,https://www.niftyindices.com/reports/historical-data
2020-09-11,19013.94,Nifty Indices Historical Data — Total Returns Index Values,https://www.niftyindices.com/reports/historical-data
2020-09-14,19042.97,Nifty Indices Historical Data — Total Returns Index Values,https://www.niftyindices.com/reports/historical-data
2020-09-15,19146.86,Nifty Indices Historical Data — Total Returns Index Values,https://www.niftyindices.com/reports/historical-data
2020-09-16,19262.57,Nifty Indices Historical Data — Total Returns Index Values,https://www.niftyindices.com/reports/historical-data
2020-09-17,19139.63,Nifty Indices Historical Data — Total Returns Index Values,https://www.niftyindices.com/reports/historical-data
2020-09-18,19267.95,Nifty Indices Historical Data — Total Returns Index Values,https://www.niftyindices.com/reports/historical-data
2020-09-21,18637.87,Nifty Indices Historical Data — Total Returns Index Values,https://www.niftyindices.com/reports/historical-data
2020-09-22,18440.32,Nifty Indices Historical Data — Total Returns Index Values,https://www.niftyindices.com/reports/historical-data
2020-09-23,18297.28,Nifty Indices Historical Data — Total Returns Index Values,https://www.niftyindices.com/reports/historical-data
2020-09-24,17714.14,Nifty Indices Historical Data — Total Returns Index Values,https://www.niftyindices.com/reports/historical-data
2020-09-25,18162.79,Nifty Indices Historical Data — Total Returns Index Values,https://www.niftyindices.com/reports/historical-data
2020-09-28,18577.4,Nifty Indices Historical Data — Total Returns Index Values,https://www.niftyindices.com/reports/historical-data
2020-09-29,18492.74,Nifty Indices Historical Data — Total Returns Index Values,https://www.niftyindices.com/reports/historical-data
2020-09-30,18495.26,Nifty Indices Historical Data — Total Returns Index Values,https://www.niftyindices.com/reports/historical-data
2020-10-01,18769.68,Nifty Indices Historical Data — Total Returns Index Values,https://www.niftyindices.com/reports/historical-data
2020-10-05,18877.8,Nifty Indices Historical Data — Total Returns Index Values,https://www.niftyindices.com/reports/historical-data
2020-10-06,19060.68,Nifty Indices Historical Data — Total Returns Index Values,https://www.niftyindices.com/reports/historical-data
2020-10-07,19084.61,Nifty Indices Historical Data — Total Returns Index Values,https://www.niftyindices.com/reports/historical-data
2020-10-08,19200.51,Nifty Indices Historical Data — Total Returns Index Values,https://www.niftyindices.com/reports/historical-data
2020-10-09,19237.55,Nifty Indices Historical Data — Total Returns Index Values,https://www.niftyindices.com/reports/historical-data
2020-10-12,19212.14,Nifty Indices Historical Data — Total Returns Index Values,https://www.niftyindices.com/reports/historical-data
2020-10-13,19162.68,Nifty Indices Historical Data — Total Returns Index Values,https://www.niftyindices.com/reports/historical-data
2020-10-14,19170.96,Nifty Indices Historical Data — Total Returns Index Values,https://www.niftyindices.com/reports/historical-data
2020-10-15,18832.27,Nifty Indices Historical Data — Total Returns Index Values,https://www.niftyindices.com/reports/historical-data
2020-10-16,19009.89,Nifty Indices Historical Data — Total Returns Index Values,https://www.niftyindices.com/reports/historical-data
2020-10-19,19157.76,Nifty Indices Historical Data — Total Returns Index Values,https://www.niftyindices.com/reports/historical-data
2020-10-20,19163.53,Nifty Indices Historical Data — Total Returns Index Values,https://www.niftyindices.com/reports/historical-data
2020-10-21,19247.27,Nifty Indices Historical Data — Total Returns Index Values,https://www.niftyindices.com/reports/historical-data
2020-10-22,19251.62,Nifty Indices Historical Data — Total Returns Index Values,https://www.niftyindices.com/reports/historical-data
2020-10-23,19319.87,Nifty Indices Historical Data — Total Returns Index Values,https://www.niftyindices.com/reports/historical-data
2020-10-26,19050.21,Nifty Indices Historical Data — Total Returns Index Values,https://www.niftyindices.com/reports/historical-data
2020-10-27,19288.09,Nifty Indices Historical Data — Total Returns Index Values,https://www.niftyindices.com/reports/historical-data
2020-10-28,19092.16,Nifty Indices Historical Data — Total Returns Index Values,https://www.niftyindices.com/reports/historical-data
2020-10-29,18980.58,Nifty Indices Historical Data — Total Returns Index Values,https://www.niftyindices.com/reports/historical-data
2020-10-30,18994.81,Nifty Indices Historical Data — Total Returns Index Values,https://www.niftyindices.com/reports/historical-data
2020-11-02,19074.03,Nifty Indices Historical Data — Total Returns Index Values,https://www.niftyindices.com/reports/historical-data
2020-11-03,19287.88,Nifty Indices Historical Data — Total Returns Index Values,https://www.niftyindices.com/reports/historical-data
2020-11-04,19397.41,Nifty Indices Historical Data — Total Returns Index Values,https://www.niftyindices.com/reports/historical-data
2020-11-05,19828.85,Nifty Indices Historical Data — Total Returns Index Values,https://www.niftyindices.com/reports/historical-data
2020-11-06,19913.41,Nifty Indices Historical Data — Total Returns Index Values,https://www.niftyindices.com/reports/historical-data
2020-11-09,20213.4,Nifty Indices Historical Data — Total Returns Index Values,https://www.niftyindices.com/reports/historical-data
2020-11-10,20424.26,Nifty Indices Historical Data — Total Returns Index Values,https://www.niftyindices.com/reports/historical-data
2020-11-11,20782.22,Nifty Indices Historical Data — Total Returns Index Values,https://www.niftyindices.com/reports/historical-data
2020-11-12,20750.6,Nifty Indices Historical Data — Total Returns Index Values,https://www.niftyindices.com/reports/historical-data
2020-11-13,20854.05,Nifty Indices Historical Data — Total Returns Index Values,https://www.niftyindices.com/reports/historical-data
2020-11-14,20958.33,Nifty Indices Historical Data — Total Returns Index Values,https://www.niftyindices.com/reports/historical-data
2020-11-17,21131.67,Nifty Indices Historical Data — Total Returns Index Values,https://www.niftyindices.com/reports/historical-data
2020-11-18,21332.21,Nifty Indices Historical Data — Total Returns Index Values,https://www.niftyindices.com/reports/historical-data
2020-11-19,21097.41,Nifty Indices Historical Data — Total Returns Index Values,https://www.niftyindices.com/reports/historical-data
2020-11-20,21361.16,Nifty Indices Historical Data — Total Returns Index Values,https://www.niftyindices.com/reports/historical-data
2020-11-23,21567.94,Nifty Indices Historical Data — Total Returns Index Values,https://www.niftyindices.com/reports/historical-data
2020-11-24,21750.48,Nifty Indices Historical Data — Total Returns Index Values,https://www.niftyindices.com/reports/historical-data
2020-11-25,21502.58,Nifty Indices Historical Data — Total Returns Index Values,https://www.niftyindices.com/reports/historical-data
2020-11-26,21752.08,Nifty Indices Historical Data — Total Returns Index Values,https://www.niftyindices.com/reports/historical-data
2020-11-27,21749.57,Nifty Indices Historical Data — Total Returns Index Values,https://www.niftyindices.com/reports/historical-data
2020-12-01,22023.95,Nifty Indices Historical Data — Total Returns Index Values,https://www.niftyindices.com/reports/historical-data
2020-12-02,22231.94,Nifty Indices Historical Data — Total Returns Index Values,https://www.niftyindices.com/reports/historical-data
2020-12-03,22455.03,Nifty Indices Historical Data — Total Returns Index Values,https://www.niftyindices.com/reports/historical-data
2020-12-04,22698.82,Nifty Indices Historical Data — Total Returns Index Values,https://www.niftyindices.com/reports/historical-data
2020-12-07,22860.98,Nifty Indices Historical Data — Total Returns Index Values,https://www.niftyindices.com/reports/historical-data
2020-12-08,22790.64,Nifty Indices Historical Data — Total Returns Index Values,https://www.niftyindices.com/reports/historical-data
2020-12-09,22906.69,Nifty Indices Historical Data — Total Returns Index Values,https://www.niftyindices.com/reports/historical-data
2020-12-10,22810.17,Nifty Indices Historical Data — Total Returns Index Values,https://www.niftyindices.com/reports/historical-data
2020-12-11,22912.19,Nifty Indices Historical Data — Total Returns Index Values,https://www.niftyindices.com/reports/historical-data
2020-12-14,23033.24,Nifty Indices Historical Data — Total Returns Index Values,https://www.niftyindices.com/reports/historical-data
2020-12-15,23114.27,Nifty Indices Historical Data — Total Returns Index Values,https://www.niftyindices.com/reports/historical-data
2020-12-16,23289.0,Nifty Indices Historical Data — Total Returns Index Values,https://www.niftyindices.com/reports/historical-data
2020-12-17,23283.47,Nifty Indices Historical Data — Total Returns Index Values,https://www.niftyindices.com/reports/historical-data
2020-12-18,23302.3,Nifty Indices Historical Data — Total Returns Index Values,https://www.niftyindices.com/reports/historical-data
2020-12-21,22340.91,Nifty Indices Historical Data — Total Returns Index Values,https://www.niftyindices.com/reports/historical-data
2020-12-22,22662.19,Nifty Indices Historical Data — Total Returns Index Values,https://www.niftyindices.com/reports/historical-data
2020-12-23,22899.18,Nifty Indices Historical Data — Total Returns Index Values,https://www.niftyindices.com/reports/historical-data
2020-12-24,23091.38,Nifty Indices Historical Data — Total Returns Index Values,https://www.niftyindices.com/reports/historical-data
2020-12-28,23357.95,Nifty Indices Historical Data — Total Returns Index Values,https://www.niftyindices.com/reports/historical-data
2020-12-29,23395.47,Nifty Indices Historical Data — Total Returns Index Values,https://www.niftyindices.com/reports/historical-data
2020-12-30,23535.86,Nifty Indices Historical Data — Total Returns Index Values,https://www.niftyindices.com/reports/historical-data
2020-12-31,23521.19,Nifty Indices Historical Data — Total Returns Index Values,https://www.niftyindices.com/reports/historical-data
2021-01-01,23616.05,Nifty Indices Historical Data — Total Returns Index Values,https://www.niftyindices.com/reports/historical-data
2021-01-04,23930.29,Nifty Indices Historical Data — Total Returns Index Values,https://www.niftyindices.com/reports/historical-data
2021-01-05,23962.43,Nifty Indices Historical Data — Total Returns Index Values,https://www.niftyindices.com/reports/historical-data
2021-01-06,24038.16,Nifty Indices Historical Data — Total Returns Index Values,https://www.niftyindices.com/reports/historical-data
2021-01-07,24134.52,Nifty Indices Historical Data — Total Returns Index Values,https://www.niftyindices.com/reports/historical-data
2021-01-08,24550.24,Nifty Indices Historical Data — Total Returns Index Values,https://www.niftyindices.com/reports/historical-data
2021-01-11,24748.43,Nifty Indices Historical Data — Total Returns Index Values,https://www.niftyindices.com/reports/historical-data
2021-01-12,24867.14,Nifty Indices Historical Data — Total Returns Index Values,https://www.niftyindices.com/reports/historical-data
2021-01-13,24973.86,Nifty Indices Historical Data — Total Returns Index Values,https://www.niftyindices.com/reports/historical-data
2021-01-14,25028.29,Nifty Indices Historical Data — Total Returns Index Values,https://www.niftyindices.com/reports/historical-data
2021-01-15,24744.38,Nifty Indices Historical Data — Total Returns Index Values,https://www.niftyindices.com/reports/historical-data
2021-01-18,24313.1,Nifty Indices Historical Data — Total Returns Index Values,https://www.niftyindices.com/reports/historical-data
2021-01-19,24723.74,Nifty Indices Historical Data — Total Returns Index Values,https://www.niftyindices.com/reports/historical-data
2021-01-20,24940.57,Nifty Indices Historical Data — Total Returns Index Values,https://www.niftyindices.com/reports/historical-data
2021-01-21,24773.06,Nifty Indices Historical Data — Total Returns Index Values,https://www.niftyindices.com/reports/historical-data
2021-01-22,24475.44,Nifty Indices Historical Data — Total Returns Index Values,https://www.niftyindices.com/reports/historical-data
2021-01-25,24350.2,Nifty Indices Historical Data — Total Returns Index Values,https://www.niftyindices.com/reports/historical-data
2021-01-27,23974.16,Nifty Indices Historical Data — Total Returns Index Values,https://www.niftyindices.com/reports/historical-data
2021-01-28,23834.39,Nifty Indices Historical Data — Total Returns Index Values,https://www.niftyindices.com/reports/historical-data
2021-01-29,23455.88,Nifty Indices Historical Data — Total Returns Index Values,https://www.niftyindices.com/reports/historical-data
2021-02-01,24396.01,Nifty Indices Historical Data — Total Returns Index Values,https://www.niftyindices.com/reports/historical-data
2021-02-02,25051.77,Nifty Indices Historical Data — Total Returns Index Values,https://www.niftyindices.com/reports/historical-data
2021-02-03,25399.56,Nifty Indices Historical Data — Total Returns Index Values,https://www.niftyindices.com/reports/historical-data
2021-02-04,25613.64,Nifty Indices Historical Data — Total Returns Index Values,https://www.niftyindices.com/reports/historical-data
2021-02-05,25625.71,Nifty Indices Historical Data — Total Returns Index Values,https://www.niftyindices.com/reports/historical-data
2021-02-08,26053.88,Nifty Indices Historical Data — Total Returns Index Values,https://www.niftyindices.com/reports/historical-data
2021-02-09,25994.75,Nifty Indices Historical Data — Total Returns Index Values,https://www.niftyindices.com/reports/historical-data
2021-02-10,26036.35,Nifty Indices Historical Data — Total Returns Index Values,https://www.niftyindices.com/reports/historical-data
2021-02-11,26134.98,Nifty Indices Historical Data — Total Returns Index Values,https://www.niftyindices.com/reports/historical-data
2021-02-12,25987.48,Nifty Indices Historical Data — Total Returns Index Values,https://www.niftyindices.com/reports/historical-data
2021-02-15,26137.05,Nifty Indices Historical Data — Total Returns Index Values,https://www.niftyindices.com/reports/historical-data
2021-02-16,26220.36,Nifty Indices Historical Data — Total Returns Index Values,https://www.niftyindices.com/reports/historical-data
2021-02-17,26147.44,Nifty Indices Historical Data — Total Returns Index Values,https://www.niftyindices.com/reports/historical-data
2021-02-18,26221.55,Nifty Indices Historical Data — Total Returns Index Values,https://www.niftyindices.com/reports/historical-data
2021-02-19,25899.16,Nifty Indices Historical Data — Total Returns Index Values,https://www.niftyindices.com/reports/historical-data
2021-02-22,25459.92,Nifty Indices Historical Data — Total Returns Index Values,https://www.niftyindices.com/reports/historical-data
2021-02-23,25728.92,Nifty Indices Historical Data — Total Returns Index Values,https://www.niftyindices.com/reports/historical-data
2021-02-24,26004.66,Nifty Indices Historical Data — Total Returns Index Values,https://www.niftyindices.com/reports/historical-data
2021-02-25,26416.95,Nifty Indices Historical Data — Total Returns Index Values,https://www.niftyindices.com/reports/historical-data
2021-02-26,25433.39,Nifty Indices Historical Data — Total Returns Index Values,https://www.niftyindices.com/reports/historical-data
2021-03-01,25935.09,Nifty Indices Historical Data — Total Returns Index Values,https://www.niftyindices.com/reports/historical-data
2021-03-02,26314.39,Nifty Indices Historical Data — Total Returns Index Values,https://www.niftyindices.com/reports/historical-data
2021-03-03,26729.37,Nifty Indices Historical Data — Total Returns Index Values,https://www.niftyindices.com/reports/historical-data
2021-03-04,26557.79,Nifty Indices Historical Data — Total Returns Index Values,https://www.niftyindices.com/reports/historical-data
2021-03-05,26252.1,Nifty Indices Historical Data — Total Returns Index Values,https://www.niftyindices.com/reports/historical-data
2021-03-08,26362.37,Nifty Indices Historical Data — Total Returns Index Values,https://www.niftyindices.com/reports/historical-data
2021-03-09,26366.55,Nifty Indices Historical Data — Total Returns Index Values,https://www.niftyindices.com/reports/historical-data
2021-03-10,26531.94,Nifty Indices Historical Data — Total Returns Index Values,https://www.niftyindices.com/reports/historical-data
2021-03-12,26309.04,Nifty Indices Historical Data — Total Returns Index Values,https://www.niftyindices.com/reports/historical-data
2021-03-15,26246.43,Nifty Indices Historical Data — Total Returns Index Values,https://www.niftyindices.com/reports/historical-data
2021-03-16,26224.53,Nifty Indices Historical Data — Total Returns Index Values,https://www.niftyindices.com/reports/historical-data
2021-03-17,25720.08,Nifty Indices Historical Data — Total Returns Index Values,https://www.niftyindices.com/reports/historical-data
2021-03-18,25524.23,Nifty Indices Historical Data — Total Returns Index Values,https://www.niftyindices.com/reports/historical-data
2021-03-19,25856.97,Nifty Indices Historical Data — Total Returns Index Values,https://www.niftyindices.com/reports/historical-data
2021-03-22,25925.67,Nifty Indices Historical Data — Total Returns Index Values,https://www.niftyindices.com/reports/historical-data
2021-03-23,26017.94,Nifty Indices Historical Data — Total Returns Index Values,https://www.niftyindices.com/reports/historical-data
2021-03-24,25512.67,Nifty Indices Historical Data — Total Returns Index Values,https://www.niftyindices.com/reports/historical-data
2021-03-25,25058.78,Nifty Indices Historical Data — Total Returns Index Values,https://www.niftyindices.com/reports/historical-data
2021-03-26,25427.0,Nifty Indices Historical Data — Total Returns Index Values,https://www.niftyindices.com/reports/historical-data
2021-03-30,25953.39,Nifty Indices Historical Data — Total Returns Index Values,https://www.niftyindices.com/reports/historical-data
2021-03-31,25886.34,Nifty Indices Historical Data — Total Returns Index Values,https://www.niftyindices.com/reports/historical-data
2021-04-01,26306.38,Nifty Indices Historical Data — Total Returns Index Values,https://www.niftyindices.com/reports/historical-data
2021-04-05,25964.03,Nifty Indices Historical Data — Total Returns Index Values,https://www.niftyindices.com/reports/historical-data
2021-04-06,26165.51,Nifty Indices Historical Data — Total Returns Index Values,https://www.niftyindices.com/reports/historical-data
2021-04-07,26402.52,Nifty Indices Historical Data — Total Returns Index Values,https://www.niftyindices.com/reports/historical-data
2021-04-08,26618.74,Nifty Indices Historical Data — Total Returns Index Values,https://www.niftyindices.com/reports/historical-data
2021-04-09,26597.31,Nifty Indices Historical Data — Total Returns Index Values,https://www.niftyindices.com/reports/historical-data
2021-04-12,25593.97,Nifty Indices Historical Data — Total Returns Index Values,https://www.niftyindices.com/reports/historical-data
2021-04-13,25982.61,Nifty Indices Historical Data — Total Returns Index Values,https://www.niftyindices.com/reports/historical-data
2021-04-15,26048.15,Nifty Indices Historical Data — Total Returns Index Values,https://www.niftyindices.com/reports/historical-data
2021-04-16,26287.27,Nifty Indices Historical Data — Total Returns Index Values,https://www.niftyindices.com/reports/historical-data
2021-04-19,25777.1,Nifty Indices Historical Data — Total Returns Index Values,https://www.niftyindices.com/reports/historical-data
2021-04-20,25778.07,Nifty Indices Historical Data — Total Returns Index Values,https://www.niftyindices.com/reports/historical-data
2021-04-22,25860.46,Nifty Indices Historical Data — Total Returns Index Values,https://www.niftyindices.com/reports/historical-data
2021-04-23,25759.13,Nifty Indices Historical Data — Total Returns Index Values,https://www.niftyindices.com/reports/historical-data
2021-04-26,25976.96,Nifty Indices Historical Data — Total Returns Index Values,https://www.niftyindices.com/reports/historical-data
2021-04-27,26229.48,Nifty Indices Historical Data — Total Returns Index Values,https://www.niftyindices.com/reports/historical-data
2021-04-28,26505.67,Nifty Indices Historical Data — Total Returns Index Values,https://www.niftyindices.com/reports/historical-data
2021-04-29,26646.98,Nifty Indices Historical Data — Total Returns Index Values,https://www.niftyindices.com/reports/historical-data
2021-04-30,26445.23,Nifty Indices Historical Data — Total Returns Index Values,https://www.niftyindices.com/reports/historical-data
2021-05-03,26550.66,Nifty Indices Historical Data — Total Returns Index Values,https://www.niftyindices.com/reports/historical-data
2021-05-04,26363.21,Nifty Indices Historical Data — Total Returns Index Values,https://www.niftyindices.com/reports/historical-data
2021-05-05,26582.46,Nifty Indices Historical Data — Total Returns Index Values,https://www.niftyindices.com/reports/historical-data
2021-05-06,26800.01,Nifty Indices Historical Data — Total Returns Index Values,https://www.niftyindices.com/reports/historical-data
2021-05-07,27033.08,Nifty Indices Historical Data — Total Returns Index Values,https://www.niftyindices.com/reports/historical-data
2021-05-10,27416.69,Nifty Indices Historical Data — Total Returns Index Values,https://www.niftyindices.com/reports/historical-data
2021-05-11,27411.5,Nifty Indices Historical Data — Total Returns Index Values,https://www.niftyindices.com/reports/historical-data
2021-05-12,27121.22,Nifty Indices Historical Data — Total Returns Index Values,https://www.niftyindices.com/reports/historical-data
2021-05-14,26988.47,Nifty Indices Historical Data — Total Returns Index Values,https://www.niftyindices.com/reports/historical-data
2021-05-17,27323.53,Nifty Indices Historical Data — Total Returns Index Values,https://www.niftyindices.com/reports/historical-data
2021-05-18,27680.73,Nifty Indices Historical Data — Total Returns Index Values,https://www.niftyindices.com/reports/historical-data
2021-05-19,27624.41,Nifty Indices Historical Data — Total Returns Index Values,https://www.niftyindices.com/reports/historical-data
2021-05-20,27354.3,Nifty Indices Historical Data — Total Returns Index Values,https://www.niftyindices.com/reports/historical-data
2021-05-21,27662.51,Nifty Indices Historical Data — Total Returns Index Values,https://www.niftyindices.com/reports/historical-data
2021-05-24,27684.57,Nifty Indices Historical Data — Total Returns Index Values,https://www.niftyindices.com/reports/historical-data
2021-05-25,27851.74,Nifty Indices Historical Data — Total Returns Index Values,https://www.niftyindices.com/reports/historical-data
2021-05-26,27940.16,Nifty Indices Historical Data — Total Returns Index Values,https://www.niftyindices.com/reports/historical-data
2021-05-27,28038.34,Nifty Indices Historical Data — Total Returns Index Values,https://www.niftyindices.com/reports/historical-data
2021-05-28,28062.38,Nifty Indices Historical Data — Total Returns Index Values,https://www.niftyindices.com/reports/historical-data
2021-05-31,28273.19,Nifty Indices Historical Data — Total Returns Index Values,https://www.niftyindices.com/reports/historical-data
2021-06-01,28273.28,Nifty Indices Historical Data — Total Returns Index Values,https://www.niftyindices.com/reports/historical-data
2021-06-02,28393.11,Nifty Indices Historical Data — Total Returns Index Values,https://www.niftyindices.com/reports/historical-data
2021-06-03,28595.04,Nifty Indices Historical Data — Total Returns Index Values,https://www.niftyindices.com/reports/historical-data
2021-06-04,28676.16,Nifty Indices Historical Data — Total Returns Index Values,https://www.niftyindices.com/reports/historical-data
2021-06-07,28875.99,Nifty Indices Historical Data — Total Returns Index Values,https://www.niftyindices.com/reports/historical-data
2021-06-08,28925.51,Nifty Indices Historical Data — Total Returns Index Values,https://www.niftyindices.com/reports/historical-data
2021-06-09,28740.32,Nifty Indices Historical Data — Total Returns Index Values,https://www.niftyindices.com/reports/historical-data
2021-06-10,28944.09,Nifty Indices Historical Data — Total Returns Index Values,https://www.niftyindices.com/reports/historical-data
2021-06-11,29058.39,Nifty Indices Historical Data — Total Returns Index Values,https://www.niftyindices.com/reports/historical-data
2021-06-14,29049.2,Nifty Indices Historical Data — Total Returns Index Values,https://www.niftyindices.com/reports/historical-data
2021-06-15,29084.43,Nifty Indices Historical Data — Total Returns Index Values,https://www.niftyindices.com/reports/historical-data
2021-06-16,28875.7,Nifty Indices Historical Data — Total Returns Index Values,https://www.niftyindices.com/reports/historical-data
2021-06-17,28661.43,Nifty Indices Historical Data — Total Returns Index Values,https://www.niftyindices.com/reports/historical-data
2021-06-18,28511.36,Nifty Indices Historical Data — Total Returns Index Values,https://www.niftyindices.com/reports/historical-data
2021-06-21,28626.03,Nifty Indices Historical Data — Total Returns Index Values,https://www.niftyindices.com/reports/historical-data
2021-06-22,28770.0,Nifty Indices Historical Data — Total Returns Index Values,https://www.niftyindices.com/reports/historical-data
2021-06-23,28657.51,Nifty Indices Historical Data — Total Returns Index Values,https://www.niftyindices.com/reports/historical-data
2021-06-24,28778.1,Nifty Indices Historical Data — Total Returns Index Values,https://www.niftyindices.com/reports/historical-data
2021-06-25,28931.57,Nifty Indices Historical Data — Total Returns Index Values,https://www.niftyindices.com/reports/historical-data
2021-06-28,28922.11,Nifty Indices Historical Data — Total Returns Index Values,https://www.niftyindices.com/reports/historical-data
2021-06-29,28774.04,Nifty Indices Historical Data — Total Returns Index Values,https://www.niftyindices.com/reports/historical-data
2021-06-30,28681.38,Nifty Indices Historical Data — Total Returns Index Values,https://www.niftyindices.com/reports/historical-data
2021-07-01,28671.51,Nifty Indices Historical Data — Total Returns Index Values,https://www.niftyindices.com/reports/historical-data
2021-07-02,28691.67,Nifty Indices Historical Data — Total Returns Index Values,https://www.niftyindices.com/reports/historical-data
2021-07-05,28854.82,Nifty Indices Historical Data — Total Returns Index Values,https://www.niftyindices.com/reports/historical-data
2021-07-06,28785.52,Nifty Indices Historical Data — Total Returns Index Values,https://www.niftyindices.com/reports/historical-data
2021-07-07,28904.92,Nifty Indices Historical Data — Total Returns Index Values,https://www.niftyindices.com/reports/historical-data
2021-07-08,28667.99,Nifty Indices Historical Data — Total Returns Index Values,https://www.niftyindices.com/reports/historical-data
2021-07-09,28722.8,Nifty Indices Historical Data — Total Returns Index Values,https://www.niftyindices.com/reports/historical-data
2021-07-12,28778.89,Nifty Indices Historical Data — Total Returns Index Values,https://www.niftyindices.com/reports/historical-data
2021-07-13,28938.01,Nifty Indices Historical Data — Total Returns Index Values,https://www.niftyindices.com/reports/historical-data
2021-07-14,29014.45,Nifty Indices Historical Data — Total Returns Index Values,https://www.niftyindices.com/reports/historical-data
2021-07-15,29105.25,Nifty Indices Historical Data — Total Returns Index Values,https://www.niftyindices.com/reports/historical-data
2021-07-16,29114.3,Nifty Indices Historical Data — Total Returns Index Values,https://www.niftyindices.com/reports/historical-data
2021-07-19,28898.2,Nifty Indices Historical Data — Total Returns Index Values,https://www.niftyindices.com/reports/historical-data
2021-07-20,28629.6,Nifty Indices Historical Data — Total Returns Index Values,https://www.niftyindices.com/reports/historical-data
2021-07-22,28991.74,Nifty Indices Historical Data — Total Returns Index Values,https://www.niftyindices.com/reports/historical-data
2021-07-23,29043.71,Nifty Indices Historical Data — Total Returns Index Values,https://www.niftyindices.com/reports/historical-data
2021-07-26,29045.89,Nifty Indices Historical Data — Total Returns Index Values,https://www.niftyindices.com/reports/historical-data
2021-07-27,28893.33,Nifty Indices Historical Data — Total Returns Index Values,https://www.niftyindices.com/reports/historical-data
2021-07-28,28862.17,Nifty Indices Historical Data — Total Returns Index Values,https://www.niftyindices.com/reports/historical-data
2021-07-29,29020.71,Nifty Indices Historical Data — Total Returns Index Values,https://www.niftyindices.com/reports/historical-data
2021-07-30,29075.68,Nifty Indices Historical Data — Total Returns Index Values,https://www.niftyindices.com/reports/historical-data
2021-08-02,29317.59,Nifty Indices Historical Data — Total Returns Index Values,https://www.niftyindices.com/reports/historical-data
2021-08-03,29730.27,Nifty Indices Historical Data — Total Returns Index Values,https://www.niftyindices.com/reports/historical-data
2021-08-04,29717.44,Nifty Indices Historical Data — Total Returns Index Values,https://www.niftyindices.com/reports/historical-data
2021-08-05,29764.78,Nifty Indices Historical Data — Total Returns Index Values,https://www.niftyindices.com/reports/historical-data
2021-08-06,29746.18,Nifty Indices Historical Data — Total Returns Index Values,https://www.niftyindices.com/reports/historical-data
2021-08-09,29717.76,Nifty Indices Historical Data — Total Returns Index Values,https://www.niftyindices.com/reports/historical-data
2021-08-10,29609.59,Nifty Indices Historical Data — Total Returns Index Values,https://www.niftyindices.com/reports/historical-data
2021-08-11,29673.96,Nifty Indices Historical Data — Total Returns Index Values,https://www.niftyindices.com/reports/historical-data
2021-08-12,29841.5,Nifty Indices Historical Data — Total Returns Index Values,https://www.niftyindices.com/reports/historical-data
2021-08-13,29994.22,Nifty Indices Historical Data — Total Returns Index Values,https://www.niftyindices.com/reports/historical-data
2021-08-16,30001.36,Nifty Indices Historical Data — Total Returns Index Values,https://www.niftyindices.com/reports/historical-data
2021-08-17,30088.84,Nifty Indices Historical Data — Total Returns Index Values,https://www.niftyindices.com/reports/historical-data
2021-08-18,30062.42,Nifty Indices Historical Data — Total Returns Index Values,https://www.niftyindices.com/reports/historical-data
2021-08-20,29704.13,Nifty Indices Historical Data — Total Returns Index Values,https://www.niftyindices.com/reports/historical-data
2021-08-23,29677.41,Nifty Indices Historical Data — Total Returns Index Values,https://www.niftyindices.com/reports/historical-data
2021-08-24,30009.0,Nifty Indices Historical Data — Total Returns Index Values,https://www.niftyindices.com/reports/historical-data
2021-08-25,30002.34,Nifty Indices Historical Data — Total Returns Index Values,https://www.niftyindices.com/reports/historical-data
2021-08-26,29947.03,Nifty Indices Historical Data — Total Returns Index Values,https://www.niftyindices.com/reports/historical-data
2021-08-27,30166.94,Nifty Indices Historical Data — Total Returns Index Values,https://www.niftyindices.com/reports/historical-data
2021-08-30,30604.69,Nifty Indices Historical Data — Total Returns Index Values,https://www.niftyindices.com/reports/historical-data
2021-08-31,31034.06,Nifty Indices Historical Data — Total Returns Index Values,https://www.niftyindices.com/reports/historical-data
2021-09-01,30985.46,Nifty Indices Historical Data — Total Returns Index Values,https://www.niftyindices.com/reports/historical-data
2021-09-02,31257.38,Nifty Indices Historical Data — Total Returns Index Values,https://www.niftyindices.com/reports/historical-data
2021-09-03,31427.86,Nifty Indices Historical Data — Total Returns Index Values,https://www.niftyindices.com/reports/historical-data
2021-09-06,31494.73,Nifty Indices Historical Data — Total Returns Index Values,https://www.niftyindices.com/reports/historical-data
2021-09-07,31420.26,Nifty Indices Historical Data — Total Returns Index Values,https://www.niftyindices.com/reports/historical-data
2021-09-08,31425.11,Nifty Indices Historical Data — Total Returns Index Values,https://www.niftyindices.com/reports/historical-data
2021-09-09,31486.12,Nifty Indices Historical Data — Total Returns Index Values,https://www.niftyindices.com/reports/historical-data
2021-09-13,31599.8,Nifty Indices Historical Data — Total Returns Index Values,https://www.niftyindices.com/reports/historical-data
2021-09-14,31717.57,Nifty Indices Historical Data — Total Returns Index Values,https://www.niftyindices.com/reports/historical-data
2021-09-15,32032.77,Nifty Indices Historical Data — Total Returns Index Values,https://www.niftyindices.com/reports/historical-data
2021-09-16,32156.98,Nifty Indices Historical Data — Total Returns Index Values,https://www.niftyindices.com/reports/historical-data
2021-09-17,32042.69,Nifty Indices Historical Data — Total Returns Index Values,https://www.niftyindices.com/reports/historical-data
2021-09-20,31541.97,Nifty Indices Historical Data — Total Returns Index Values,https://www.niftyindices.com/reports/historical-data
2021-09-21,31888.59,Nifty Indices Historical Data — Total Returns Index Values,https://www.niftyindices.com/reports/historical-data
2021-09-22,31981.91,Nifty Indices Historical Data — Total Returns Index Values,https://www.niftyindices.com/reports/historical-data
2021-09-23,32380.07,Nifty Indices Historical Data — Total Returns Index Values,https://www.niftyindices.com/reports/historical-data
2021-09-24,32305.0,Nifty Indices Historical Data — Total Returns Index Values,https://www.niftyindices.com/reports/historical-data
2021-09-27,32294.7,Nifty Indices Historical Data — Total Returns Index Values,https://www.niftyindices.com/reports/historical-data
2021-09-28,32210.08,Nifty Indices Historical Data — Total Returns Index Values,https://www.niftyindices.com/reports/historical-data
2021-09-29,32401.35,Nifty Indices Historical Data — Total Returns Index Values,https://www.niftyindices.com/reports/historical-data
2021-09-30,32191.29,Nifty Indices Historical Data — Total Returns Index Values,https://www.niftyindices.com/reports/historical-data
2021-10-01,32161.6,Nifty Indices Historical Data — Total Returns Index Values,https://www.niftyindices.com/reports/historical-data
2021-10-04,32453.77,Nifty Indices Historical Data — Total Returns Index Values,https://www.niftyindices.com/reports/historical-data
2021-10-05,32686.56,Nifty Indices Historical Data — Total Returns Index Values,https://www.niftyindices.com/reports/historical-data
2021-10-06,32278.36,Nifty Indices Historical Data — Total Returns Index Values,https://www.niftyindices.com/reports/historical-data
2021-10-07,32621.21,Nifty Indices Historical Data — Total Returns Index Values,https://www.niftyindices.com/reports/historical-data
2021-10-08,32658.84,Nifty Indices Historical Data — Total Returns Index Values,https://www.niftyindices.com/reports/historical-data
2021-10-11,32941.54,Nifty Indices Historical Data — Total Returns Index Values,https://www.niftyindices.com/reports/historical-data
2021-10-12,33071.39,Nifty Indices Historical Data — Total Returns Index Values,https://www.niftyindices.com/reports/historical-data
2021-10-13,33478.49,Nifty Indices Historical Data — Total Returns Index Values,https://www.niftyindices.com/reports/historical-data
2021-10-14,33756.09,Nifty Indices Historical Data — Total Returns Index Values,https://www.niftyindices.com/reports/historical-data
2021-10-18,33946.65,Nifty Indices Historical Data — Total Returns Index Values,https://www.niftyindices.com/reports/historical-data
2021-10-19,33560.3,Nifty Indices Historical Data — Total Returns Index Values,https://www.niftyindices.com/reports/historical-data
2021-10-20,33204.0,Nifty Indices Historical Data — Total Returns Index Values,https://www.niftyindices.com/reports/historical-data
2021-10-21,33118.27,Nifty Indices Historical Data — Total Returns Index Values,https://www.niftyindices.com/reports/historical-data
2021-10-22,32854.1,Nifty Indices Historical Data — Total Returns Index Values,https://www.niftyindices.com/reports/historical-data
2021-10-25,32660.12,Nifty Indices Historical Data — Total Returns Index Values,https://www.niftyindices.com/reports/historical-data
2021-10-26,33045.29,Nifty Indices Historical Data — Total Returns Index Values,https://www.niftyindices.com/reports/historical-data
2021-10-27,32965.72,Nifty Indices Historical Data — Total Returns Index Values,https://www.niftyindices.com/reports/historical-data
2021-10-28,32349.13,Nifty Indices Historical Data — Total Returns Index Values,https://www.niftyindices.com/reports/historical-data
2021-10-29,32169.42,Nifty Indices Historical Data — Total Returns Index Values,https://www.niftyindices.com/reports/historical-data
2021-11-01,32712.18,Nifty Indices Historical Data — Total Returns Index Values,https://www.niftyindices.com/reports/historical-data
2021-11-02,32615.13,Nifty Indices Historical Data — Total Returns Index Values,https://www.niftyindices.com/reports/historical-data
2021-11-03,32584.98,Nifty Indices Historical Data — Total Returns Index Values,https://www.niftyindices.com/reports/historical-data
2021-11-04,32784.77,Nifty Indices Historical Data — Total Returns Index Values,https://www.niftyindices.com/reports/historical-data
2021-11-08,33086.56,Nifty Indices Historical Data — Total Returns Index Values,https://www.niftyindices.com/reports/historical-data
2021-11-09,33070.04,Nifty Indices Historical Data — Total Returns Index Values,https://www.niftyindices.com/reports/historical-data
2021-11-10,33018.52,Nifty Indices Historical Data — Total Returns Index Values,https://www.niftyindices.com/reports/historical-data
2021-11-11,32726.77,Nifty Indices Historical Data — Total Returns Index Values,https://www.niftyindices.com/reports/historical-data
2021-11-12,33057.55,Nifty Indices Historical Data — Total Returns Index Values,https://www.niftyindices.com/reports/historical-data
2021-11-15,33051.12,Nifty Indices Historical Data — Total Returns Index Values,https://www.niftyindices.com/reports/historical-data
2021-11-16,32913.58,Nifty Indices Historical Data — Total Returns Index Values,https://www.niftyindices.com/reports/historical-data
2021-11-17,32801.75,Nifty Indices Historical Data — Total Returns Index Values,https://www.niftyindices.com/reports/historical-data
2021-11-18,32394.16,Nifty Indices Historical Data — Total Returns Index Values,https://www.niftyindices.com/reports/historical-data
2021-11-22,31788.79,Nifty Indices Historical Data — Total Returns Index Values,https://www.niftyindices.com/reports/historical-data
2021-11-23,32080.64,Nifty Indices Historical Data — Total Returns Index Values,https://www.niftyindices.com/reports/historical-data
2021-11-24,31979.74,Nifty Indices Historical Data — Total Returns Index Values,https://www.niftyindices.com/reports/historical-data
2021-11-25,32026.79,Nifty Indices Historical Data — Total Returns Index Values,https://www.niftyindices.com/reports/historical-data
2021-11-26,31070.98,Nifty Indices Historical Data — Total Returns Index Values,https://www.niftyindices.com/reports/historical-data
2021-11-29,30978.87,Nifty Indices Historical Data — Total Returns Index Values,https://www.niftyindices.com/reports/historical-data
2021-11-30,30890.52,Nifty Indices Historical Data — Total Returns Index Values,https://www.niftyindices.com/reports/historical-data
2021-12-01,31152.47,Nifty Indices Historical Data — Total Returns Index Values,https://www.niftyindices.com/reports/historical-data
2021-12-02,31610.88,Nifty Indices Historical Data — Total Returns Index Values,https://www.niftyindices.com/reports/historical-data
2021-12-03,31340.18,Nifty Indices Historical Data — Total Returns Index Values,https://www.niftyindices.com/reports/historical-data
2021-12-06,30792.35,Nifty Indices Historical Data — Total Returns Index Values,https://www.niftyindices.com/reports/historical-data
2021-12-07,31249.23,Nifty Indices Historical Data — Total Returns Index Values,https://www.niftyindices.com/reports/historical-data
2021-12-08,31730.87,Nifty Indices Historical Data — Total Returns Index Values,https://www.niftyindices.com/reports/historical-data
2021-12-09,31821.02,Nifty Indices Historical Data — Total Returns Index Values,https://www.niftyindices.com/reports/historical-data
2021-12-10,31827.7,Nifty Indices Historical Data — Total Returns Index Values,https://www.niftyindices.com/reports/historical-data
2021-12-13,31642.15,Nifty Indices Historical Data — Total Returns Index Values,https://www.niftyindices.com/reports/historical-data
2021-12-14,31633.72,Nifty Indices Historical Data — Total Returns Index Values,https://www.niftyindices.com/reports/historical-data
2021-12-15,31445.3,Nifty Indices Historical Data — Total Returns Index Values,https://www.niftyindices.com/reports/historical-data
2021-12-16,31440.51,Nifty Indices Historical Data — Total Returns Index Values,https://www.niftyindices.com/reports/historical-data
2021-12-17,30913.85,Nifty Indices Historical Data — Total Returns Index Values,https://www.niftyindices.com/reports/historical-data
2021-12-20,30218.68,Nifty Indices Historical Data — Total Returns Index Values,https://www.niftyindices.com/reports/historical-data
2021-12-21,30550.23,Nifty Indices Historical Data — Total Returns Index Values,https://www.niftyindices.com/reports/historical-data
2021-12-22,30892.06,Nifty Indices Historical Data — Total Returns Index Values,https://www.niftyindices.com/reports/historical-data
2021-12-23,31135.45,Nifty Indices Historical Data — Total Returns Index Values,https://www.niftyindices.com/reports/historical-data
2021-12-24,30942.64,Nifty Indices Historical Data — Total Returns Index Values,https://www.niftyindices.com/reports/historical-data
2021-12-27,31083.06,Nifty Indices Historical Data — Total Returns Index Values,https://www.niftyindices.com/reports/historical-data
2021-12-28,31404.37,Nifty Indices Historical Data — Total Returns Index Values,https://www.niftyindices.com/reports/historical-data
2021-12-29,31415.59,Nifty Indices Historical Data — Total Returns Index Values,https://www.niftyindices.com/reports/historical-data
2021-12-30,31417.12,Nifty Indices Historical Data — Total Returns Index Values,https://www.niftyindices.com/reports/historical-data
2021-12-31,31754.86,Nifty Indices Historical Data — Total Returns Index Values,https://www.niftyindices.com/reports/historical-data
2022-01-03,32170.16,Nifty Indices Historical Data — Total Returns Index Values,https://www.niftyindices.com/reports/historical-data
2022-01-04,32387.48,Nifty Indices Historical Data — Total Returns Index Values,https://www.niftyindices.com/reports/historical-data
2022-01-05,32659.05,Nifty Indices Historical Data — Total Returns Index Values,https://www.niftyindices.com/reports/historical-data
2022-01-06,32474.26,Nifty Indices Historical Data — Total Returns Index Values,https://www.niftyindices.com/reports/historical-data
2022-01-07,32641.62,Nifty Indices Historical Data — Total Returns Index Values,https://www.niftyindices.com/reports/historical-data
2022-01-10,32922.04,Nifty Indices Historical Data — Total Returns Index Values,https://www.niftyindices.com/reports/historical-data
2022-01-11,32927.87,Nifty Indices Historical Data — Total Returns Index Values,https://www.niftyindices.com/reports/historical-data
2022-01-12,33163.8,Nifty Indices Historical Data — Total Returns Index Values,https://www.niftyindices.com/reports/historical-data
2022-01-13,33345.32,Nifty Indices Historical Data — Total Returns Index Values,https://www.niftyindices.com/reports/historical-data
2022-01-14,33277.01,Nifty Indices Historical Data — Total Returns Index Values,https://www.niftyindices.com/reports/historical-data
2022-01-17,33478.87,Nifty Indices Historical Data — Total Returns Index Values,https://www.niftyindices.com/reports/historical-data
2022-01-18,32968.63,Nifty Indices Historical Data — Total Returns Index Values,https://www.niftyindices.com/reports/historical-data
2022-01-19,32783.49,Nifty Indices Historical Data — Total Returns Index Values,https://www.niftyindices.com/reports/historical-data
2022-01-20,32562.22,Nifty Indices Historical Data — Total Returns Index Values,https://www.niftyindices.com/reports/historical-data
2022-01-21,32166.64,Nifty Indices Historical Data — Total Returns Index Values,https://www.niftyindices.com/reports/historical-data
2022-01-24,31332.04,Nifty Indices Historical Data — Total Returns Index Values,https://www.niftyindices.com/reports/historical-data
2022-01-25,31739.04,Nifty Indices Historical Data — Total Returns Index Values,https://www.niftyindices.com/reports/historical-data
2022-01-27,31499.24,Nifty Indices Historical Data — Total Returns Index Values,https://www.niftyindices.com/reports/historical-data
2022-01-28,31547.25,Nifty Indices Historical Data — Total Returns Index Values,https://www.niftyindices.com/reports/historical-data
2022-01-31,31949.12,Nifty Indices Historical Data — Total Returns Index Values,https://www.niftyindices.com/reports/historical-data
2022-02-01,32346.84,Nifty Indices Historical Data — Total Returns Index Values,https://www.niftyindices.com/reports/historical-data
2022-02-02,32671.35,Nifty Indices Historical Data — Total Returns Index Values,https://www.niftyindices.com/reports/historical-data
2022-02-03,32382.41,Nifty Indices Historical Data — Total Returns Index Values,https://www.niftyindices.com/reports/historical-data
2022-02-04,32285.29,Nifty Indices Historical Data — Total Returns Index Values,https://www.niftyindices.com/reports/historical-data
2022-02-07,31825.81,Nifty Indices Historical Data — Total Returns Index Values,https://www.niftyindices.com/reports/historical-data
2022-02-08,31897.73,Nifty Indices Historical Data — Total Returns Index Values,https://www.niftyindices.com/reports/historical-data
2022-02-09,32297.02,Nifty Indices Historical Data — Total Returns Index Values,https://www.niftyindices.com/reports/historical-data
2022-02-10,32508.56,Nifty Indices Historical Data — Total Returns Index Values,https://www.niftyindices.com/reports/historical-data
2022-02-11,32138.32,Nifty Indices Historical Data — Total Returns Index Values,https://www.niftyindices.com/reports/historical-data
2022-02-14,31138.06,Nifty Indices Historical Data — Total Returns Index Values,https://www.niftyindices.com/reports/historical-data
2022-02-15,32017.4,Nifty Indices Historical Data — Total Returns Index Values,https://www.niftyindices.com/reports/historical-data
2022-02-16,32038.02,Nifty Indices Historical Data — Total Returns Index Values,https://www.niftyindices.com/reports/historical-data
2022-02-17,32001.83,Nifty Indices Historical Data — Total Returns Index Values,https://www.niftyindices.com/reports/historical-data
2022-02-18,31923.99,Nifty Indices Historical Data — Total Returns Index Values,https://www.niftyindices.com/reports/historical-data
2022-02-21,31698.15,Nifty Indices Historical Data — Total Returns Index Values,https://www.niftyindices.com/reports/historical-data
2022-02-22,31484.03,Nifty Indices Historical Data — Total Returns Index Values,https://www.niftyindices.com/reports/historical-data
2022-02-23,31436.19,Nifty Indices Historical Data — Total Returns Index Values,https://www.niftyindices.com/reports/historical-data
2022-02-24,29885.79,Nifty Indices Historical Data — Total Returns Index Values,https://www.niftyindices.com/reports/historical-data
2022-02-25,30746.27,Nifty Indices Historical Data — Total Returns Index Values,https://www.niftyindices.com/reports/historical-data
2022-02-28,31068.59,Nifty Indices Historical Data — Total Returns Index Values,https://www.niftyindices.com/reports/historical-data
2022-03-02,30874.03,Nifty Indices Historical Data — Total Returns Index Values,https://www.niftyindices.com/reports/historical-data
2022-03-03,30676.19,Nifty Indices Historical Data — Total Returns Index Values,https://www.niftyindices.com/reports/historical-data
2022-03-04,30145.35,Nifty Indices Historical Data — Total Returns Index Values,https://www.niftyindices.com/reports/historical-data
2022-03-07,29642.43,Nifty Indices Historical Data — Total Returns Index Values,https://www.niftyindices.com/reports/historical-data
2022-03-08,29885.66,Nifty Indices Historical Data — Total Returns Index Values,https://www.niftyindices.com/reports/historical-data
2022-03-09,30273.47,Nifty Indices Historical Data — Total Returns Index Values,https://www.niftyindices.com/reports/historical-data
2022-03-10,30741.78,Nifty Indices Historical Data — Total Returns Index Values,https://www.niftyindices.com/reports/historical-data
2022-03-11,30886.11,Nifty Indices Historical Data — Total Returns Index Values,https://www.niftyindices.com/reports/historical-data
2022-03-14,31076.18,Nifty Indices Historical Data — Total Returns Index Values,https://www.niftyindices.com/reports/historical-data
2022-03-15,30787.41,Nifty Indices Historical Data — Total Returns Index Values,https://www.niftyindices.com/reports/historical-data
2022-03-16,31352.83,Nifty Indices Historical Data — Total Returns Index Values,https://www.niftyindices.com/reports/historical-data
2022-03-17,31923.66,Nifty Indices Historical Data — Total Returns Index Values,https://www.niftyindices.com/reports/historical-data
2022-03-21,31564.61,Nifty Indices Historical Data — Total Returns Index Values,https://www.niftyindices.com/reports/historical-data
2022-03-22,31837.76,Nifty Indices Historical Data — Total Returns Index Values,https://www.niftyindices.com/reports/historical-data
2022-03-23,31779.61,Nifty Indices Historical Data — Total Returns Index Values,https://www.niftyindices.com/reports/historical-data
2022-03-24,31818.52,Nifty Indices Historical Data — Total Returns Index Values,https://www.niftyindices.com/reports/historical-data
2022-03-25,31663.53,Nifty Indices Historical Data — Total Returns Index Values,https://www.niftyindices.com/reports/historical-data
2022-03-28,31780.13,Nifty Indices Historical Data — Total Returns Index Values,https://www.niftyindices.com/reports/historical-data
2022-03-29,31911.07,Nifty Indices Historical Data — Total Returns Index Values,https://www.niftyindices.com/reports/historical-data
2022-03-30,32043.21,Nifty Indices Historical Data — Total Returns Index Values,https://www.niftyindices.com/reports/historical-data
2022-03-31,32000.07,Nifty Indices Historical Data — Total Returns Index Values,https://www.niftyindices.com/reports/historical-data
2022-04-01,32391.15,Nifty Indices Historical Data — Total Returns Index Values,https://www.niftyindices.com/reports/historical-data
2022-04-04,32902.85,Nifty Indices Historical Data — Total Returns Index Values,https://www.niftyindices.com/reports/historical-data
2022-04-05,32992.16,Nifty Indices Historical Data — Total Returns Index Values,https://www.niftyindices.com/reports/historical-data
2022-04-06,32902.23,Nifty Indices Historical Data — Total Returns Index Values,https://www.niftyindices.com/reports/historical-data
2022-04-07,32707.54,Nifty Indices Historical Data — Total Returns Index Values,https://www.niftyindices.com/reports/historical-data
2022-04-08,33062.26,Nifty Indices Historical Data — Total Returns Index Values,https://www.niftyindices.com/reports/historical-data
2022-04-11,32980.95,Nifty Indices Historical Data — Total Returns Index Values,https://www.niftyindices.com/reports/historical-data
2022-04-12,32651.13,Nifty Indices Historical Data — Total Returns Index Values,https://www.niftyindices.com/reports/historical-data
2022-04-13,32631.42,Nifty Indices Historical Data — Total Returns Index Values,https://www.niftyindices.com/reports/historical-data
2022-04-18,32463.37,Nifty Indices Historical Data — Total Returns Index Values,https://www.niftyindices.com/reports/historical-data
2022-04-19,32001.72,Nifty Indices Historical Data — Total Returns Index Values,https://www.niftyindices.com/reports/historical-data
2022-04-20,32344.62,Nifty Indices Historical Data — Total Returns Index Values,https://www.niftyindices.com/reports/historical-data
2022-04-21,32776.21,Nifty Indices Historical Data — Total Returns Index Values,https://www.niftyindices.com/reports/historical-data
2022-04-22,32379.17,Nifty Indices Historical Data — Total Returns Index Values,https://www.niftyindices.com/reports/historical-data
2022-04-25,31812.39,Nifty Indices Historical Data — Total Returns Index Values,https://www.niftyindices.com/reports/historical-data
2022-04-26,32353.01,Nifty Indices Historical Data — Total Returns Index Values,https://www.niftyindices.com/reports/historical-data
2022-04-27,32006.97,Nifty Indices Historical Data — Total Returns Index Values,https://www.niftyindices.com/reports/historical-data
2022-04-28,32404.8,Nifty Indices Historical Data — Total Returns Index Values,https://www.niftyindices.com/reports/historical-data
2022-04-29,32070.14,Nifty Indices Historical Data — Total Returns Index Values,https://www.niftyindices.com/reports/historical-data
2022-05-02,31986.54,Nifty Indices Historical Data — Total Returns Index Values,https://www.niftyindices.com/reports/historical-data
2022-05-04,31285.31,Nifty Indices Historical Data — Total Returns Index Values,https://www.niftyindices.com/reports/historical-data
2022-05-05,31204.48,Nifty Indices Historical Data — Total Returns Index Values,https://www.niftyindices.com/reports/historical-data
2022-05-06,30737.94,Nifty Indices Historical Data — Total Returns Index Values,https://www.niftyindices.com/reports/historical-data
2022-05-09,30559.74,Nifty Indices Historical Data — Total Returns Index Values,https://www.niftyindices.com/reports/historical-data
2022-05-10,30362.61,Nifty Indices Historical Data — Total Returns Index Values,https://www.niftyindices.com/reports/historical-data
2022-05-11,30227.73,Nifty Indices Historical Data — Total Returns Index Values,https://www.niftyindices.com/reports/historical-data
2022-05-12,29549.89,Nifty Indices Historical Data — Total Returns Index Values,https://www.niftyindices.com/reports/historical-data
2022-05-13,29578.12,Nifty Indices Historical Data — Total Returns Index Values,https://www.niftyindices.com/reports/historical-data
2022-05-16,29730.26,Nifty Indices Historical Data — Total Returns Index Values,https://www.niftyindices.com/reports/historical-data
2022-05-17,30491.87,Nifty Indices Historical Data — Total Returns Index Values,https://www.niftyindices.com/reports/historical-data
2022-05-18,30473.6,Nifty Indices Historical Data — Total Returns Index Values,https://www.niftyindices.com/reports/historical-data
2022-05-19,29717.38,Nifty Indices Historical Data — Total Returns Index Values,https://www.niftyindices.com/reports/historical-data
2022-05-20,30484.26,Nifty Indices Historical Data — Total Returns Index Values,https://www.niftyindices.com/reports/historical-data
2022-05-23,30315.07,Nifty Indices Historical Data — Total Returns Index Values,https://www.niftyindices.com/reports/historical-data
2022-05-24,30052.99,Nifty Indices Historical Data — Total Returns Index Values,https://www.niftyindices.com/reports/historical-data
2022-05-25,29811.33,Nifty Indices Historical Data — Total Returns Index Values,https://www.niftyindices.com/reports/historical-data
2022-05-26,30090.13,Nifty Indices Historical Data — Total Returns Index Values,https://www.niftyindices.com/reports/historical-data
2022-05-27,30388.68,Nifty Indices Historical Data — Total Returns Index Values,https://www.niftyindices.com/reports/historical-data
2022-05-30,30902.49,Nifty Indices Historical Data — Total Returns Index Values,https://www.niftyindices.com/reports/historical-data
2022-05-31,30990.82,Nifty Indices Historical Data — Total Returns Index Values,https://www.niftyindices.com/reports/historical-data
2022-06-01,30791.18,Nifty Indices Historical Data — Total Returns Index Values,https://www.niftyindices.com/reports/historical-data
2022-06-02,30848.65,Nifty Indices Historical Data — Total Returns Index Values,https://www.niftyindices.com/reports/historical-data
2022-06-03,30520.99,Nifty Indices Historical Data — Total Returns Index Values,https://www.niftyindices.com/reports/historical-data
2022-06-06,30487.04,Nifty Indices Historical Data — Total Returns Index Values,https://www.niftyindices.com/reports/historical-data
2022-06-07,30254.7,Nifty Indices Historical Data — Total Returns Index Values,https://www.niftyindices.com/reports/historical-data
2022-06-08,30211.64,Nifty Indices Historical Data — Total Returns Index Values,https://www.niftyindices.com/reports/historical-data
2022-06-09,30362.15,Nifty Indices Historical Data — Total Returns Index Values,https://www.niftyindices.com/reports/historical-data
2022-06-10,30101.78,Nifty Indices Historical Data — Total Returns Index Values,https://www.niftyindices.com/reports/historical-data
2022-06-13,29380.71,Nifty Indices Historical Data — Total Returns Index Values,https://www.niftyindices.com/reports/historical-data
2022-06-14,29336.46,Nifty Indices Historical Data — Total Returns Index Values,https://www.niftyindices.com/reports/historical-data
2022-06-15,29370.65,Nifty Indices Historical Data — Total Returns Index Values,https://www.niftyindices.com/reports/historical-data
2022-06-16,28667.14,Nifty Indices Historical Data — Total Returns Index Values,https://www.niftyindices.com/reports/historical-data
2022-06-17,28313.69,Nifty Indices Historical Data — Total Returns Index Values,https://www.niftyindices.com/reports/historical-data
2022-06-20,28334.01,Nifty Indices Historical Data — Total Returns Index Values,https://www.niftyindices.com/reports/historical-data
2022-06-21,28901.78,Nifty Indices Historical Data — Total Returns Index Values,https://www.niftyindices.com/reports/historical-data
2022-06-22,28464.17,Nifty Indices Historical Data — Total Returns Index Values,https://www.niftyindices.com/reports/historical-data
2022-06-23,28881.05,Nifty Indices Historical Data — Total Returns Index Values,https://www.niftyindices.com/reports/historical-data
2022-06-24,29163.72,Nifty Indices Historical Data — Total Returns Index Values,https://www.niftyindices.com/reports/historical-data
2022-06-27,29443.83,Nifty Indices Historical Data — Total Returns Index Values,https://www.niftyindices.com/reports/historical-data
2022-06-28,29527.97,Nifty Indices Historical Data — Total Returns Index Values,https://www.niftyindices.com/reports/historical-data
2022-06-29,29385.03,Nifty Indices Historical Data — Total Returns Index Values,https://www.niftyindices.com/reports/historical-data
2022-06-30,29215.87,Nifty Indices Historical Data — Total Returns Index Values,https://www.niftyindices.com/reports/historical-data
2022-07-01,29385.29,Nifty Indices Historical Data — Total Returns Index Values,https://www.niftyindices.com/reports/historical-data
2022-07-04,29513.35,Nifty Indices Historical Data — Total Returns Index Values,https://www.niftyindices.com/reports/historical-data
2022-07-05,29490.45,Nifty Indices Historical Data — Total Returns Index Values,https://www.niftyindices.com/reports/historical-data
2022-07-06,29878.25,Nifty Indices Historical Data — Total Returns Index Values,https://www.niftyindices.com/reports/historical-data
2022-07-07,30219.56,Nifty Indices Historical Data — Total Returns Index Values,https://www.niftyindices.com/reports/historical-data
2022-07-08,30359.95,Nifty Indices Historical Data — Total Returns Index Values,https://www.niftyindices.com/reports/historical-data
2022-07-11,30424.77,Nifty Indices Historical Data — Total Returns Index Values,https://www.niftyindices.com/reports/historical-data
2022-07-12,30129.62,Nifty Indices Historical Data — Total Returns Index Values,https://www.niftyindices.com/reports/historical-data
2022-07-13,30109.91,Nifty Indices Historical Data — Total Returns Index Values,https://www.niftyindices.com/reports/historical-data
2022-07-14,30065.53,Nifty Indices Historical Data — Total Returns Index Values,https://www.niftyindices.com/reports/historical-data
2022-07-15,30286.82,Nifty Indices Historical Data — Total Returns Index Values,https://www.niftyindices.com/reports/historical-data
2022-07-18,30712.42,Nifty Indices Historical Data — Total Returns Index Values,https://www.niftyindices.com/reports/historical-data
2022-07-19,30821.0,Nifty Indices Historical Data — Total Returns Index Values,https://www.niftyindices.com/reports/historical-data
2022-07-20,31042.67,Nifty Indices Historical Data — Total Returns Index Values,https://www.niftyindices.com/reports/historical-data
2022-07-21,31341.17,Nifty Indices Historical Data — Total Returns Index Values,https://www.niftyindices.com/reports/historical-data
2022-07-22,31503.4,Nifty Indices Historical Data — Total Returns Index Values,https://www.niftyindices.com/reports/historical-data
2022-07-25,31401.7,Nifty Indices Historical Data — Total Returns Index Values,https://www.niftyindices.com/reports/historical-data
2022-07-26,31153.86,Nifty Indices Historical Data — Total Returns Index Values,https://www.niftyindices.com/reports/historical-data
2022-07-27,31497.2,Nifty Indices Historical Data — Total Returns Index Values,https://www.niftyindices.com/reports/historical-data
2022-07-28,31969.16,Nifty Indices Historical Data — Total Returns Index Values,https://www.niftyindices.com/reports/historical-data
2022-07-29,32476.97,Nifty Indices Historical Data — Total Returns Index Values,https://www.niftyindices.com/reports/historical-data
2022-08-01,32846.47,Nifty Indices Historical Data — Total Returns Index Values,https://www.niftyindices.com/reports/historical-data
2022-08-02,32891.59,Nifty Indices Historical Data — Total Returns Index Values,https://www.niftyindices.com/reports/historical-data
2022-08-03,32873.91,Nifty Indices Historical Data — Total Returns Index Values,https://www.niftyindices.com/reports/historical-data
2022-08-04,32907.05,Nifty Indices Historical Data — Total Returns Index Values,https://www.niftyindices.com/reports/historical-data
2022-08-05,32924.2,Nifty Indices Historical Data — Total Returns Index Values,https://www.niftyindices.com/reports/historical-data
2022-08-08,33081.84,Nifty Indices Historical Data — Total Returns Index Values,https://www.niftyindices.com/reports/historical-data
2022-08-10,33168.27,Nifty Indices Historical Data — Total Returns Index Values,https://www.niftyindices.com/reports/historical-data
2022-08-11,33293.24,Nifty Indices Historical Data — Total Returns Index Values,https://www.niftyindices.com/reports/historical-data
2022-08-12,33365.67,Nifty Indices Historical Data — Total Returns Index Values,https://www.niftyindices.com/reports/historical-data
2022-08-16,33675.41,Nifty Indices Historical Data — Total Returns Index Values,https://www.niftyindices.com/reports/historical-data
2022-08-17,33932.01,Nifty Indices Historical Data — Total Returns Index Values,https://www.niftyindices.com/reports/historical-data
2022-08-18,33950.79,Nifty Indices Historical Data — Total Returns Index Values,https://www.niftyindices.com/reports/historical-data
2022-08-19,33556.7,Nifty Indices Historical Data — Total Returns Index Values,https://www.niftyindices.com/reports/historical-data
2022-08-22,32975.63,Nifty Indices Historical Data — Total Returns Index Values,https://www.niftyindices.com/reports/historical-data
2022-08-23,33259.75,Nifty Indices Historical Data — Total Returns Index Values,https://www.niftyindices.com/reports/historical-data
2022-08-24,33332.92,Nifty Indices Historical Data — Total Returns Index Values,https://www.niftyindices.com/reports/historical-data
2022-08-25,33237.01,Nifty Indices Historical Data — Total Returns Index Values,https://www.niftyindices.com/reports/historical-data
2022-08-26,33413.73,Nifty Indices Historical Data — Total Returns Index Values,https://www.niftyindices.com/reports/historical-data
2022-08-29,33064.78,Nifty Indices Historical Data — Total Returns Index Values,https://www.niftyindices.com/reports/historical-data
2022-08-30,33830.19,Nifty Indices Historical Data — Total Returns Index Values,https://www.niftyindices.com/reports/historical-data
2022-09-01,33566.42,Nifty Indices Historical Data — Total Returns Index Values,https://www.niftyindices.com/reports/historical-data
2022-09-02,33473.3,Nifty Indices Historical Data — Total Returns Index Values,https://www.niftyindices.com/reports/historical-data
2022-09-05,33647.08,Nifty Indices Historical Data — Total Returns Index Values,https://www.niftyindices.com/reports/historical-data
2022-09-06,33644.95,Nifty Indices Historical Data — Total Returns Index Values,https://www.niftyindices.com/reports/historical-data
2022-09-07,33725.94,Nifty Indices Historical Data — Total Returns Index Values,https://www.niftyindices.com/reports/historical-data
2022-09-08,33993.97,Nifty Indices Historical Data — Total Returns Index Values,https://www.niftyindices.com/reports/historical-data
2022-09-09,34056.98,Nifty Indices Historical Data — Total Returns Index Values,https://www.niftyindices.com/reports/historical-data
2022-09-12,34266.21,Nifty Indices Historical Data — Total Returns Index Values,https://www.niftyindices.com/reports/historical-data
2022-09-13,34509.74,Nifty Indices Historical Data — Total Returns Index Values,https://www.niftyindices.com/reports/historical-data
2022-09-14,34477.15,Nifty Indices Historical Data — Total Returns Index Values,https://www.niftyindices.com/reports/historical-data
2022-09-15,34241.41,Nifty Indices Historical Data — Total Returns Index Values,https://www.niftyindices.com/reports/historical-data
2022-09-16,33553.98,Nifty Indices Historical Data — Total Returns Index Values,https://www.niftyindices.com/reports/historical-data
2022-09-19,33707.63,Nifty Indices Historical Data — Total Returns Index Values,https://www.niftyindices.com/reports/historical-data
2022-09-20,34191.45,Nifty Indices Historical Data — Total Returns Index Values,https://www.niftyindices.com/reports/historical-data
2022-09-21,33891.77,Nifty Indices Historical Data — Total Returns Index Values,https://www.niftyindices.com/reports/historical-data
2022-09-22,33822.59,Nifty Indices Historical Data — Total Returns Index Values,https://www.niftyindices.com/reports/historical-data
2022-09-23,33243.21,Nifty Indices Historical Data — Total Returns Index Values,https://www.niftyindices.com/reports/historical-data
2022-09-26,32549.11,Nifty Indices Historical Data — Total Returns Index Values,https://www.niftyindices.com/reports/historical-data
2022-09-27,32564.52,Nifty Indices Historical Data — Total Returns Index Values,https://www.niftyindices.com/reports/historical-data
2022-09-28,32362.82,Nifty Indices Historical Data — Total Returns Index Values,https://www.niftyindices.com/reports/historical-data
2022-09-29,32367.4,Nifty Indices Historical Data — Total Returns Index Values,https://www.niftyindices.com/reports/historical-data
2022-09-30,32781.43,Nifty Indices Historical Data — Total Returns Index Values,https://www.niftyindices.com/reports/historical-data
2022-10-03,32393.76,Nifty Indices Historical Data — Total Returns Index Values,https://www.niftyindices.com/reports/historical-data
2022-10-04,33087.78,Nifty Indices Historical Data — Total Returns Index Values,https://www.niftyindices.com/reports/historical-data
2022-10-06,33212.29,Nifty Indices Historical Data — Total Returns Index Values,https://www.niftyindices.com/reports/historical-data
2022-10-07,33169.31,Nifty Indices Historical Data — Total Returns Index Values,https://www.niftyindices.com/reports/historical-data
2022-10-10,33009.85,Nifty Indices Historical Data — Total Returns Index Values,https://www.niftyindices.com/reports/historical-data
2022-10-11,32448.86,Nifty Indices Historical Data — Total Returns Index Values,https://www.niftyindices.com/reports/historical-data
2022-10-12,32765.42,Nifty Indices Historical Data — Total Returns Index Values,https://www.niftyindices.com/reports/historical-data
2022-10-13,32589.23,Nifty Indices Historical Data — Total Returns Index Values,https://www.niftyindices.com/reports/historical-data
2022-10-14,32725.32,Nifty Indices Historical Data — Total Returns Index Values,https://www.niftyindices.com/reports/historical-data
2022-10-17,32863.18,Nifty Indices Historical Data — Total Returns Index Values,https://www.niftyindices.com/reports/historical-data
2022-10-18,33198.65,Nifty Indices Historical Data — Total Returns Index Values,https://www.niftyindices.com/reports/historical-data
2022-10-19,33138.66,Nifty Indices Historical Data — Total Returns Index Values,https://www.niftyindices.com/reports/historical-data
2022-10-20,33339.63,Nifty Indices Historical Data — Total Returns Index Values,https://www.niftyindices.com/reports/historical-data
2022-10-21,33332.91,Nifty Indices Historical Data — Total Returns Index Values,https://www.niftyindices.com/reports/historical-data
2022-10-24,33598.88,Nifty Indices Historical Data — Total Returns Index Values,https://www.niftyindices.com/reports/historical-data
2022-10-25,33542.16,Nifty Indices Historical Data — Total Returns Index Values,https://www.niftyindices.com/reports/historical-data
2022-10-27,33785.89,Nifty Indices Historical Data — Total Returns Index Values,https://www.niftyindices.com/reports/historical-data
2022-10-28,33835.0,Nifty Indices Historical Data — Total Returns Index Values,https://www.niftyindices.com/reports/historical-data
2022-10-31,34203.44,Nifty Indices Historical Data — Total Returns Index Values,https://www.niftyindices.com/reports/historical-data
2022-11-01,34554.24,Nifty Indices Historical Data — Total Returns Index Values,https://www.niftyindices.com/reports/historical-data
2022-11-02,34401.07,Nifty Indices Historical Data — Total Returns Index Values,https://www.niftyindices.com/reports/historical-data
2022-11-03,34335.95,Nifty Indices Historical Data — Total Returns Index Values,https://www.niftyindices.com/reports/historical-data
2022-11-04,34525.31,Nifty Indices Historical Data — Total Returns Index Values,https://www.niftyindices.com/reports/historical-data
2022-11-07,34691.73,Nifty Indices Historical Data — Total Returns Index Values,https://www.niftyindices.com/reports/historical-data
2022-11-09,34562.99,Nifty Indices Historical Data — Total Returns Index Values,https://www.niftyindices.com/reports/historical-data
2022-11-10,34257.71,Nifty Indices Historical Data — Total Returns Index Values,https://www.niftyindices.com/reports/historical-data
2022-11-11,34608.6,Nifty Indices Historical Data — Total Returns Index Values,https://www.niftyindices.com/reports/historical-data
2022-11-14,34642.67,Nifty Indices Historical Data — Total Returns Index Values,https://www.niftyindices.com/reports/historical-data
2022-11-15,34811.68,Nifty Indices Historical Data — Total Returns Index Values,https://www.niftyindices.com/reports/historical-data
2022-11-16,34700.37,Nifty Indices Historical Data — Total Returns Index Values,https://www.niftyindices.com/reports/historical-data
2022-11-17,34549.37,Nifty Indices Historical Data — Total Returns Index Values,https://www.niftyindices.com/reports/historical-data
2022-11-18,34397.38,Nifty Indices Historical Data — Total Returns Index Values,https://www.niftyindices.com/reports/historical-data
2022-11-21,34191.9,Nifty Indices Historical Data — Total Returns Index Values,https://www.niftyindices.com/reports/historical-data
2022-11-22,34369.2,Nifty Indices Historical Data — Total Returns Index Values,https://www.niftyindices.com/reports/historical-data
2022-11-23,34426.97,Nifty Indices Historical Data — Total Returns Index Values,https://www.niftyindices.com/reports/historical-data
2022-11-24,34807.63,Nifty Indices Historical Data — Total Returns Index Values,https://www.niftyindices.com/reports/historical-data
2022-11-25,34915.14,Nifty Indices Historical Data — Total Returns Index Values,https://www.niftyindices.com/reports/historical-data
2022-11-28,34976.97,Nifty Indices Historical Data — Total Returns Index Values,https://www.niftyindices.com/reports/historical-data
2022-11-29,35071.24,Nifty Indices Historical Data — Total Returns Index Values,https://www.niftyindices.com/reports/historical-data
2022-11-30,35413.42,Nifty Indices Historical Data — Total Returns Index Values,https://www.niftyindices.com/reports/historical-data
2022-12-01,35536.16,Nifty Indices Historical Data — Total Returns Index Values,https://www.niftyindices.com/reports/historical-data
2022-12-02,35384.14,Nifty Indices Historical Data — Total Returns Index Values,https://www.niftyindices.com/reports/historical-data
2022-12-05,35474.62,Nifty Indices Historical Data — Total Returns Index Values,https://www.niftyindices.com/reports/historical-data
2022-12-06,35337.25,Nifty Indices Historical Data — Total Returns Index Values,https://www.niftyindices.com/reports/historical-data
2022-12-07,35108.19,Nifty Indices Historical Data — Total Returns Index Values,https://www.niftyindices.com/reports/historical-data
2022-12-08,35161.78,Nifty Indices Historical Data — Total Returns Index Values,https://www.niftyindices.com/reports/historical-data
2022-12-09,34971.78,Nifty Indices Historical Data — Total Returns Index Values,https://www.niftyindices.com/reports/historical-data
2022-12-12,35031.29,Nifty Indices Historical Data — Total Returns Index Values,https://www.niftyindices.com/reports/historical-data
2022-12-13,35198.48,Nifty Indices Historical Data — Total Returns Index Values,https://www.niftyindices.com/reports/historical-data
2022-12-14,35379.35,Nifty Indices Historical Data — Total Returns Index Values,https://www.niftyindices.com/reports/historical-data
2022-12-15,35013.17,Nifty Indices Historical Data — Total Returns Index Values,https://www.niftyindices.com/reports/historical-data
2022-12-16,34658.91,Nifty Indices Historical Data — Total Returns Index Values,https://www.niftyindices.com/reports/historical-data
2022-12-19,35006.25,Nifty Indices Historical Data — Total Returns Index Values,https://www.niftyindices.com/reports/historical-data
2022-12-20,34853.33,Nifty Indices Historical Data — Total Returns Index Values,https://www.niftyindices.com/reports/historical-data
2022-12-21,34597.73,Nifty Indices Historical Data — Total Returns Index Values,https://www.niftyindices.com/reports/historical-data
2022-12-22,34389.17,Nifty Indices Historical Data — Total Returns Index Values,https://www.niftyindices.com/reports/historical-data
2022-12-23,33689.5,Nifty Indices Historical Data — Total Returns Index Values,https://www.niftyindices.com/reports/historical-data
2022-12-26,34026.94,Nifty Indices Historical Data — Total Returns Index Values,https://www.niftyindices.com/reports/historical-data
2022-12-27,34316.76,Nifty Indices Historical Data — Total Returns Index Values,https://www.niftyindices.com/reports/historical-data
2022-12-28,34311.02,Nifty Indices Historical Data — Total Returns Index Values,https://www.niftyindices.com/reports/historical-data
2022-12-29,34411.75,Nifty Indices Historical Data — Total Returns Index Values,https://www.niftyindices.com/reports/historical-data
2022-12-30,34329.1,Nifty Indices Historical Data — Total Returns Index Values,https://www.niftyindices.com/reports/historical-data
2023-01-02,34458.88,Nifty Indices Historical Data — Total Returns Index Values,https://www.niftyindices.com/reports/historical-data
2023-01-03,34555.98,Nifty Indices Historical Data — Total Returns Index Values,https://www.niftyindices.com/reports/historical-data
2023-01-04,34223.74,Nifty Indices Historical Data — Total Returns Index Values,https://www.niftyindices.com/reports/historical-data
2023-01-05,34295.12,Nifty Indices Historical Data — Total Returns Index Values,https://www.niftyindices.com/reports/historical-data
2023-01-06,34033.54,Nifty Indices Historical Data — Total Returns Index Values,https://www.niftyindices.com/reports/historical-data
2023-01-09,34426.95,Nifty Indices Historical Data — Total Returns Index Values,https://www.niftyindices.com/reports/historical-data
2023-01-10,34218.26,Nifty Indices Historical Data — Total Returns Index Values,https://www.niftyindices.com/reports/historical-data
2023-01-11,34096.0,Nifty Indices Historical Data — Total Returns Index Values,https://www.niftyindices.com/reports/historical-data
2023-01-12,34072.7,Nifty Indices Historical Data — Total Returns Index Values,https://www.niftyindices.com/reports/historical-data
2023-01-13,34274.73,Nifty Indices Historical Data — Total Returns Index Values,https://www.niftyindices.com/reports/historical-data
2023-01-16,34188.51,Nifty Indices Historical Data — Total Returns Index Values,https://www.niftyindices.com/reports/historical-data
2023-01-17,34398.64,Nifty Indices Historical Data — Total Returns Index Values,https://www.niftyindices.com/reports/historical-data
2023-01-18,34565.92,Nifty Indices Historical Data — Total Returns Index Values,https://www.niftyindices.com/reports/historical-data
2023-01-19,34469.85,Nifty Indices Historical Data — Total Returns Index Values,https://www.niftyindices.com/reports/historical-data
2023-01-20,34241.25,Nifty Indices Historical Data — Total Returns Index Values,https://www.niftyindices.com/reports/historical-data
2023-01-23,34398.41,Nifty Indices Historical Data — Total Returns Index Values,https://www.niftyindices.com/reports/historical-data
2023-01-24,34348.89,Nifty Indices Historical Data — Total Returns Index Values,https://www.niftyindices.com/reports/historical-data
2023-01-25,34015.17,Nifty Indices Historical Data — Total Returns Index Values,https://www.niftyindices.com/reports/historical-data
2023-01-27,33623.38,Nifty Indices Historical Data — Total Returns Index Values,https://www.niftyindices.com/reports/historical-data
2023-01-30,33639.82,Nifty Indices Historical Data — Total Returns Index Values,https://www.niftyindices.com/reports/historical-data
2023-01-31,33719.87,Nifty Indices Historical Data — Total Returns Index Values,https://www.niftyindices.com/reports/historical-data
2023-02-01,33286.55,Nifty Indices Historical Data — Total Returns Index Values,https://www.niftyindices.com/reports/historical-data
2023-02-02,33080.94,Nifty Indices Historical Data — Total Returns Index Values,https://www.niftyindices.com/reports/historical-data
2023-02-03,33412.99,Nifty Indices Historical Data — Total Returns Index Values,https://www.niftyindices.com/reports/historical-data
2023-02-06,33339.56,Nifty Indices Historical Data — Total Returns Index Values,https://www.niftyindices.com/reports/historical-data
2023-02-07,33244.41,Nifty Indices Historical Data — Total Returns Index Values,https://www.niftyindices.com/reports/historical-data
2023-02-08,33584.83,Nifty Indices Historical Data — Total Returns Index Values,https://www.niftyindices.com/reports/historical-data
2023-02-09,33582.66,Nifty Indices Historical Data — Total Returns Index Values,https://www.niftyindices.com/reports/historical-data
2023-02-10,33535.48,Nifty Indices Historical Data — Total Returns Index Values,https://www.niftyindices.com/reports/historical-data
2023-02-13,33399.24,Nifty Indices Historical Data — Total Returns Index Values,https://www.niftyindices.com/reports/historical-data
2023-02-14,33515.04,Nifty Indices Historical Data — Total Returns Index Values,https://www.niftyindices.com/reports/historical-data
2023-02-15,33756.76,Nifty Indices Historical Data — Total Returns Index Values,https://www.niftyindices.com/reports/historical-data
2023-02-16,33884.55,Nifty Indices Historical Data — Total Returns Index Values,https://www.niftyindices.com/reports/historical-data
2023-02-17,33713.48,Nifty Indices Historical Data — Total Returns Index Values,https://www.niftyindices.com/reports/historical-data
2023-02-20,33582.68,Nifty Indices Historical Data — Total Returns Index Values,https://www.niftyindices.com/reports/historical-data
2023-02-21,33470.37,Nifty Indices Historical Data — Total Returns Index Values,https://www.niftyindices.com/reports/historical-data
2023-02-22,33012.86,Nifty Indices Historical Data — Total Returns Index Values,https://www.niftyindices.com/reports/historical-data
2023-02-23,32957.61,Nifty Indices Historical Data — Total Returns Index Values,https://www.niftyindices.com/reports/historical-data
2023-02-24,32870.49,Nifty Indices Historical Data — Total Returns Index Values,https://www.niftyindices.com/reports/historical-data
2023-02-27,32632.87,Nifty Indices Historical Data — Total Returns Index Values,https://www.niftyindices.com/reports/historical-data
2023-02-28,32486.66,Nifty Indices Historical Data — Total Returns Index Values,https://www.niftyindices.com/reports/historical-data
2023-03-01,32803.61,Nifty Indices Historical Data — Total Returns Index Values,https://www.niftyindices.com/reports/historical-data
2023-03-02,32656.69,Nifty Indices Historical Data — Total Returns Index Values,https://www.niftyindices.com/reports/historical-data
2023-03-03,33048.48,Nifty Indices Historical Data — Total Returns Index Values,https://www.niftyindices.com/reports/historical-data
2023-03-06,33235.12,Nifty Indices Historical Data — Total Returns Index Values,https://www.niftyindices.com/reports/historical-data
2023-03-08,33347.48,Nifty Indices Historical Data — Total Returns Index Values,https://www.niftyindices.com/reports/historical-data
2023-03-09,33080.65,Nifty Indices Historical Data — Total Returns Index Values,https://www.niftyindices.com/reports/historical-data
2023-03-10,32909.62,Nifty Indices Historical Data — Total Returns Index Values,https://www.niftyindices.com/reports/historical-data
2023-03-13,32481.91,Nifty Indices Historical Data — Total Returns Index Values,https://www.niftyindices.com/reports/historical-data
2023-03-14,32246.53,Nifty Indices Historical Data — Total Returns Index Values,https://www.niftyindices.com/reports/historical-data
2023-03-15,32245.86,Nifty Indices Historical Data — Total Returns Index Values,https://www.niftyindices.com/reports/historical-data
2023-03-16,32327.56,Nifty Indices Historical Data — Total Returns Index Values,https://www.niftyindices.com/reports/historical-data
2023-03-17,32537.72,Nifty Indices Historical Data — Total Returns Index Values,https://www.niftyindices.com/reports/historical-data
2023-03-20,32283.88,Nifty Indices Historical Data — Total Returns Index Values,https://www.niftyindices.com/reports/historical-data
2023-03-21,32388.33,Nifty Indices Historical Data — Total Returns Index Values,https://www.niftyindices.com/reports/historical-data
2023-03-22,32480.84,Nifty Indices Historical Data — Total Returns Index Values,https://www.niftyindices.com/reports/historical-data
2023-03-23,32414.13,Nifty Indices Historical Data — Total Returns Index Values,https://www.niftyindices.com/reports/historical-data
2023-03-24,32116.86,Nifty Indices Historical Data — Total Returns Index Values,https://www.niftyindices.com/reports/historical-data
2023-03-27,32138.4,Nifty Indices Historical Data — Total Returns Index Values,https://www.niftyindices.com/reports/historical-data
2023-03-28,31960.08,Nifty Indices Historical Data — Total Returns Index Values,https://www.niftyindices.com/reports/historical-data
2023-03-29,32346.86,Nifty Indices Historical Data — Total Returns Index Values,https://www.niftyindices.com/reports/historical-data
2023-03-31,32697.24,Nifty Indices Historical Data — Total Returns Index Values,https://www.niftyindices.com/reports/historical-data
2023-04-03,32840.82,Nifty Indices Historical Data — Total Returns Index Values,https://www.niftyindices.com/reports/historical-data
2023-04-05,33008.2,Nifty Indices Historical Data — Total Returns Index Values,https://www.niftyindices.com/reports/historical-data
2023-04-06,33107.65,Nifty Indices Historical Data — Total Returns Index Values,https://www.niftyindices.com/reports/historical-data
2023-04-10,33298.9,Nifty Indices Historical Data — Total Returns Index Values,https://www.niftyindices.com/reports/historical-data
2023-04-11,33513.59,Nifty Indices Historical Data — Total Returns Index Values,https://www.niftyindices.com/reports/historical-data
2023-04-12,33714.74,Nifty Indices Historical Data — Total Returns Index Values,https://www.niftyindices.com/reports/historical-data
2023-04-13,33772.89,Nifty Indices Historical Data — Total Returns Index Values,https://www.niftyindices.com/reports/historical-data
2023-04-17,33765.07,Nifty Indices Historical Data — Total Returns Index Values,https://www.niftyindices.com/reports/historical-data
2023-04-18,33760.98,Nifty Indices Historical Data — Total Returns Index Values,https://www.niftyindices.com/reports/historical-data
2023-04-19,33658.08,Nifty Indices Historical Data — Total Returns Index Values,https://www.niftyindices.com/reports/historical-data
2023-04-20,33646.28,Nifty Indices Historical Data — Total Returns Index Values,https://www.niftyindices.com/reports/historical-data
2023-04-21,33566.34,Nifty Indices Historical Data — Total Returns Index Values,https://www.niftyindices.com/reports/historical-data
2023-04-24,33780.25,Nifty Indices Historical Data — Total Returns Index Values,https://www.niftyindices.com/reports/historical-data
2023-04-25,33858.55,Nifty Indices Historical Data — Total Returns Index Values,https://www.niftyindices.com/reports/historical-data
2023-04-26,33953.9,Nifty Indices Historical Data — Total Returns Index Values,https://www.niftyindices.com/reports/historical-data
2023-04-27,34150.57,Nifty Indices Historical Data — Total Returns Index Values,https://www.niftyindices.com/reports/historical-data
2023-04-28,34489.71,Nifty Indices Historical Data — Total Returns Index Values,https://www.niftyindices.com/reports/historical-data
2023-05-02,34688.06,Nifty Indices Historical Data — Total Returns Index Values,https://www.niftyindices.com/reports/historical-data
2023-05-03,34548.34,Nifty Indices Historical Data — Total Returns Index Values,https://www.niftyindices.com/reports/historical-data
2023-05-04,34804.87,Nifty Indices Historical Data — Total Returns Index Values,https://www.niftyindices.com/reports/historical-data
2023-05-05,34643.47,Nifty Indices Historical Data — Total Returns Index Values,https://www.niftyindices.com/reports/historical-data
2023-05-08,35011.43,Nifty Indices Historical Data — Total Returns Index Values,https://www.niftyindices.com/reports/historical-data
2023-05-09,35024.59,Nifty Indices Historical Data — Total Returns Index Values,https://www.niftyindices.com/reports/historical-data
2023-05-10,35139.89,Nifty Indices Historical Data — Total Returns Index Values,https://www.niftyindices.com/reports/historical-data
2023-05-11,35137.9,Nifty Indices Historical Data — Total Returns Index Values,https://www.niftyindices.com/reports/historical-data
2023-05-12,35079.69,Nifty Indices Historical Data — Total Returns Index Values,https://www.niftyindices.com/reports/historical-data
2023-05-15,35205.87,Nifty Indices Historical Data — Total Returns Index Values,https://www.niftyindices.com/reports/historical-data
2023-05-16,35100.22,Nifty Indices Historical Data — Total Returns Index Values,https://www.niftyindices.com/reports/historical-data
2023-05-17,34950.65,Nifty Indices Historical Data — Total Returns Index Values,https://www.niftyindices.com/reports/historical-data
2023-05-18,34739.73,Nifty Indices Historical Data — Total Returns Index Values,https://www.niftyindices.com/reports/historical-data
2023-05-19,34835.95,Nifty Indices Historical Data — Total Returns Index Values,https://www.niftyindices.com/reports/historical-data
2023-05-22,35215.98,Nifty Indices Historical Data — Total Returns Index Values,https://www.niftyindices.com/reports/historical-data
2023-05-23,35409.19,Nifty Indices Historical Data — Total Returns Index Values,https://www.niftyindices.com/reports/historical-data
2023-05-24,35361.85,Nifty Indices Historical Data — Total Returns Index Values,https://www.niftyindices.com/reports/historical-data
2023-05-25,35473.22,Nifty Indices Historical Data — Total Returns Index Values,https://www.niftyindices.com/reports/historical-data
2023-05-26,35768.14,Nifty Indices Historical Data — Total Returns Index Values,https://www.niftyindices.com/reports/historical-data
2023-05-29,35948.21,Nifty Indices Historical Data — Total Returns Index Values,https://www.niftyindices.com/reports/historical-data
2023-05-30,35936.02,Nifty Indices Historical Data — Total Returns Index Values,https://www.niftyindices.com/reports/historical-data
2023-05-31,35897.83,Nifty Indices Historical Data — Total Returns Index Values,https://www.niftyindices.com/reports/historical-data
2023-06-01,35900.0,Nifty Indices Historical Data — Total Returns Index Values,https://www.niftyindices.com/reports/historical-data
2023-06-02,36084.52,Nifty Indices Historical Data — Total Returns Index Values,https://www.niftyindices.com/reports/historical-data
2023-06-05,36169.32,Nifty Indices Historical Data — Total Returns Index Values,https://www.niftyindices.com/reports/historical-data
2023-06-06,36276.17,Nifty Indices Historical Data — Total Returns Index Values,https://www.niftyindices.com/reports/historical-data
2023-06-07,36626.66,Nifty Indices Historical Data — Total Returns Index Values,https://www.niftyindices.com/reports/historical-data
2023-06-08,36387.92,Nifty Indices Historical Data — Total Returns Index Values,https://www.niftyindices.com/reports/historical-data
2023-06-09,36240.51,Nifty Indices Historical Data — Total Returns Index Values,https://www.niftyindices.com/reports/historical-data
2023-06-12,36375.86,Nifty Indices Historical Data — Total Returns Index Values,https://www.niftyindices.com/reports/historical-data
2023-06-13,36569.46,Nifty Indices Historical Data — Total Returns Index Values,https://www.niftyindices.com/reports/historical-data
2023-06-14,36699.97,Nifty Indices Historical Data — Total Returns Index Values,https://www.niftyindices.com/reports/historical-data
2023-06-15,36701.38,Nifty Indices Historical Data — Total Returns Index Values,https://www.niftyindices.com/reports/historical-data
2023-06-16,36940.81,Nifty Indices Historical Data — Total Returns Index Values,https://www.niftyindices.com/reports/historical-data
2023-06-19,36791.93,Nifty Indices Historical Data — Total Returns Index Values,https://www.niftyindices.com/reports/historical-data
2023-06-20,36947.83,Nifty Indices Historical Data — Total Returns Index Values,https://www.niftyindices.com/reports/historical-data
2023-06-21,36964.07,Nifty Indices Historical Data — Total Returns Index Values,https://www.niftyindices.com/reports/historical-data
2023-06-22,36719.29,Nifty Indices Historical Data — Total Returns Index Values,https://www.niftyindices.com/reports/historical-data
2023-06-23,36412.53,Nifty Indices Historical Data — Total Returns Index Values,https://www.niftyindices.com/reports/historical-data
2023-06-26,36618.22,Nifty Indices Historical Data — Total Returns Index Values,https://www.niftyindices.com/reports/historical-data
2023-06-27,36824.16,Nifty Indices Historical Data — Total Returns Index Values,https://www.niftyindices.com/reports/historical-data
2023-06-28,37137.37,Nifty Indices Historical Data — Total Returns Index Values,https://www.niftyindices.com/reports/historical-data
2023-06-30,37515.15,Nifty Indices Historical Data — Total Returns Index Values,https://www.niftyindices.com/reports/historical-data
2023-07-03,37620.99,Nifty Indices Historical Data — Total Returns Index Values,https://www.niftyindices.com/reports/historical-data
2023-07-04,37757.81,Nifty Indices Historical Data — Total Returns Index Values,https://www.niftyindices.com/reports/historical-data
2023-07-05,37978.43,Nifty Indices Historical Data — Total Returns Index Values,https://www.niftyindices.com/reports/historical-data
2023-07-06,38182.78,Nifty Indices Historical Data — Total Returns Index Values,https://www.niftyindices.com/reports/historical-data
2023-07-07,37824.23,Nifty Indices Historical Data — Total Returns Index Values,https://www.niftyindices.com/reports/historical-data
2023-07-10,37755.88,Nifty Indices Historical Data — Total Returns Index Values,https://www.niftyindices.com/reports/historical-data
2023-07-11,37967.32,Nifty Indices Historical Data — Total Returns Index Values,https://www.niftyindices.com/reports/historical-data
2023-07-12,37900.81,Nifty Indices Historical Data — Total Returns Index Values,https://www.niftyindices.com/reports/historical-data
2023-07-13,37841.25,Nifty Indices Historical Data — Total Returns Index Values,https://www.niftyindices.com/reports/historical-data
2023-07-14,38166.51,Nifty Indices Historical Data — Total Returns Index Values,https://www.niftyindices.com/reports/historical-data
2023-07-17,38306.7,Nifty Indices Historical Data — Total Returns Index Values,https://www.niftyindices.com/reports/historical-data
2023-07-18,38231.55,Nifty Indices Historical Data — Total Returns Index Values,https://www.niftyindices.com/reports/historical-data
2023-07-19,38377.54,Nifty Indices Historical Data — Total Returns Index Values,https://www.niftyindices.com/reports/historical-data
2023-07-20,38600.81,Nifty Indices Historical Data — Total Returns Index Values,https://www.niftyindices.com/reports/historical-data
2023-07-21,38313.19,Nifty Indices Historical Data — Total Returns Index Values,https://www.niftyindices.com/reports/historical-data
2023-07-24,38315.82,Nifty Indices Historical Data — Total Returns Index Values,https://www.niftyindices.com/reports/historical-data
2023-07-25,38394.51,Nifty Indices Historical Data — Total Returns Index Values,https://www.niftyindices.com/reports/historical-data
2023-07-26,38519.07,Nifty Indices Historical Data — Total Returns Index Values,https://www.niftyindices.com/reports/historical-data
2023-07-27,38370.72,Nifty Indices Historical Data — Total Returns Index Values,https://www.niftyindices.com/reports/historical-data
2023-07-28,38467.81,Nifty Indices Historical Data — Total Returns Index Values,https://www.niftyindices.com/reports/historical-data
2023-07-31,38720.81,Nifty Indices Historical Data — Total Returns Index Values,https://www.niftyindices.com/reports/historical-data
2023-08-01,38683.07,Nifty Indices Historical Data — Total Returns Index Values,https://www.niftyindices.com/reports/historical-data
2023-08-02,38256.72,Nifty Indices Historical Data — Total Returns Index Values,https://www.niftyindices.com/reports/historical-data
2023-08-03,38044.52,Nifty Indices Historical Data — Total Returns Index Values,https://www.niftyindices.com/reports/historical-data
2023-08-04,38219.17,Nifty Indices Historical Data — Total Returns Index Values,https://www.niftyindices.com/reports/historical-data
2023-08-07,38435.12,Nifty Indices Historical Data — Total Returns Index Values,https://www.niftyindices.com/reports/historical-data
2023-08-08,38410.14,Nifty Indices Historical Data — Total Returns Index Values,https://www.niftyindices.com/reports/historical-data
2023-08-09,38631.84,Nifty Indices Historical Data — Total Returns Index Values,https://www.niftyindices.com/reports/historical-data
2023-08-10,38528.18,Nifty Indices Historical Data — Total Returns Index Values,https://www.niftyindices.com/reports/historical-data
2023-08-11,38303.93,Nifty Indices Historical Data — Total Returns Index Values,https://www.niftyindices.com/reports/historical-data
2023-08-14,38190.78,Nifty Indices Historical Data — Total Returns Index Values,https://www.niftyindices.com/reports/historical-data
2023-08-16,38256.47,Nifty Indices Historical Data — Total Returns Index Values,https://www.niftyindices.com/reports/historical-data
2023-08-17,38165.85,Nifty Indices Historical Data — Total Returns Index Values,https://www.niftyindices.com/reports/historical-data
2023-08-18,38060.12,Nifty Indices Historical Data — Total Returns Index Values,https://www.niftyindices.com/reports/historical-data
2023-08-21,38350.59,Nifty Indices Historical Data — Total Returns Index Values,https://www.niftyindices.com/reports/historical-data
2023-08-22,38396.3,Nifty Indices Historical Data — Total Returns Index Values,https://www.niftyindices.com/reports/historical-data
2023-08-23,38414.03,Nifty Indices Historical Data — Total Returns Index Values,https://www.niftyindices.com/reports/historical-data
2023-08-24,38316.97,Nifty Indices Historical Data — Total Returns Index Values,https://www.niftyindices.com/reports/historical-data
2023-08-25,38048.9,Nifty Indices Historical Data — Total Returns Index Values,https://www.niftyindices.com/reports/historical-data
2023-08-28,38152.07,Nifty Indices Historical Data — Total Returns Index Values,https://www.niftyindices.com/reports/historical-data
2023-08-29,38323.99,Nifty Indices Historical Data — Total Returns Index Values,https://www.niftyindices.com/reports/historical-data
2023-08-30,38369.58,Nifty Indices Historical Data — Total Returns Index Values,https://www.niftyindices.com/reports/historical-data
2023-08-31,38132.27,Nifty Indices Historical Data — Total Returns Index Values,https://www.niftyindices.com/reports/historical-data
2023-09-01,38632.6,Nifty Indices Historical Data — Total Returns Index Values,https://www.niftyindices.com/reports/historical-data
2023-09-04,38931.83,Nifty Indices Historical Data — Total Returns Index Values,https://www.niftyindices.com/reports/historical-data
2023-09-05,39042.1,Nifty Indices Historical Data — Total Returns Index Values,https://www.niftyindices.com/reports/historical-data
2023-09-06,39107.86,Nifty Indices Historical Data — Total Returns Index Values,https://www.niftyindices.com/reports/historical-data
2023-09-07,39333.89,Nifty Indices Historical Data — Total Returns Index Values,https://www.niftyindices.com/reports/historical-data
2023-09-08,39491.47,Nifty Indices Historical Data — Total Returns Index Values,https://www.niftyindices.com/reports/historical-data
2023-09-11,39909.48,Nifty Indices Historical Data — Total Returns Index Values,https://www.niftyindices.com/reports/historical-data
2023-09-12,39669.54,Nifty Indices Historical Data — Total Returns Index Values,https://www.niftyindices.com/reports/historical-data
2023-09-13,39855.18,Nifty Indices Historical Data — Total Returns Index Values,https://www.niftyindices.com/reports/historical-data
2023-09-14,40025.47,Nifty Indices Historical Data — Total Returns Index Values,https://www.niftyindices.com/reports/historical-data
2023-09-15,40203.79,Nifty Indices Historical Data — Total Returns Index Values,https://www.niftyindices.com/reports/historical-data
2023-09-18,40246.96,Nifty Indices Historical Data — Total Returns Index Values,https://www.niftyindices.com/reports/historical-data
2023-09-20,39927.79,Nifty Indices Historical Data — Total Returns Index Values,https://www.niftyindices.com/reports/historical-data
2023-09-21,39650.72,Nifty Indices Historical Data — Total Returns Index Values,https://www.niftyindices.com/reports/historical-data
2023-09-22,39552.96,Nifty Indices Historical Data — Total Returns Index Values,https://www.niftyindices.com/reports/historical-data
2023-09-25,39579.28,Nifty Indices Historical Data — Total Returns Index Values,https://www.niftyindices.com/reports/historical-data
2023-09-26,39594.14,Nifty Indices Historical Data — Total Returns Index Values,https://www.niftyindices.com/reports/historical-data
2023-09-27,39709.06,Nifty Indices Historical Data — Total Returns Index Values,https://www.niftyindices.com/reports/historical-data
2023-09-28,39205.37,Nifty Indices Historical Data — Total Returns Index Values,https://www.niftyindices.com/reports/historical-data
2023-09-29,39558.55,Nifty Indices Historical Data — Total Returns Index Values,https://www.niftyindices.com/reports/historical-data
2023-10-03,39300.77,Nifty Indices Historical Data — Total Returns Index Values,https://www.niftyindices.com/reports/historical-data
2023-10-04,38997.83,Nifty Indices Historical Data — Total Returns Index Values,https://www.niftyindices.com/reports/historical-data
2023-10-05,39141.47,Nifty Indices Historical Data — Total Returns Index Values,https://www.niftyindices.com/reports/historical-data
2023-10-06,39413.84,Nifty Indices Historical Data — Total Returns Index Values,https://www.niftyindices.com/reports/historical-data
2023-10-09,39125.34,Nifty Indices Historical Data — Total Returns Index Values,https://www.niftyindices.com/reports/historical-data
2023-10-10,39525.95,Nifty Indices Historical Data — Total Returns Index Values,https://www.niftyindices.com/reports/historical-data
2023-10-11,39781.25,Nifty Indices Historical Data — Total Returns Index Values,https://www.niftyindices.com/reports/historical-data
2023-10-12,39762.87,Nifty Indices Historical Data — Total Returns Index Values,https://www.niftyindices.com/reports/historical-data
2023-10-13,39791.39,Nifty Indices Historical Data — Total Returns Index Values,https://www.niftyindices.com/reports/historical-data
2023-10-16,39805.04,Nifty Indices Historical Data — Total Returns Index Values,https://www.niftyindices.com/reports/historical-data
2023-10-17,39978.99,Nifty Indices Historical Data — Total Returns Index Values,https://www.niftyindices.com/reports/historical-data
2023-10-18,39818.43,Nifty Indices Historical Data — Total Returns Index Values,https://www.niftyindices.com/reports/historical-data
2023-10-19,39883.79,Nifty Indices Historical Data — Total Returns Index Values,https://www.niftyindices.com/reports/historical-data
2023-10-20,39652.82,Nifty Indices Historical Data — Total Returns Index Values,https://www.niftyindices.com/reports/historical-data
2023-10-23,39026.7,Nifty Indices Historical Data — Total Returns Index Values,https://www.niftyindices.com/reports/historical-data
2023-10-25,38755.14,Nifty Indices Historical Data — Total Returns Index Values,https://www.niftyindices.com/reports/historical-data
2023-10-26,38200.93,Nifty Indices Historical Data — Total Returns Index Values,https://www.niftyindices.com/reports/historical-data
2023-10-27,38589.72,Nifty Indices Historical Data — Total Returns Index Values,https://www.niftyindices.com/reports/historical-data
2023-10-30,38661.81,Nifty Indices Historical Data — Total Returns Index Values,https://www.niftyindices.com/reports/historical-data
2023-10-31,38642.22,Nifty Indices Historical Data — Total Returns Index Values,https://www.niftyindices.com/reports/historical-data
2023-11-01,38414.21,Nifty Indices Historical Data — Total Returns Index Values,https://www.niftyindices.com/reports/historical-data
2023-11-02,38737.58,Nifty Indices Historical Data — Total Returns Index Values,https://www.niftyindices.com/reports/historical-data
2023-11-03,38975.05,Nifty Indices Historical Data — Total Returns Index Values,https://www.niftyindices.com/reports/historical-data
2023-11-06,39375.22,Nifty Indices Historical Data — Total Returns Index Values,https://www.niftyindices.com/reports/historical-data
2023-11-07,39430.17,Nifty Indices Historical Data — Total Returns Index Values,https://www.niftyindices.com/reports/historical-data
2023-11-08,39578.09,Nifty Indices Historical Data — Total Returns Index Values,https://www.niftyindices.com/reports/historical-data
2023-11-09,39570.12,Nifty Indices Historical Data — Total Returns Index Values,https://www.niftyindices.com/reports/historical-data
2023-11-10,39611.57,Nifty Indices Historical Data — Total Returns Index Values,https://www.niftyindices.com/reports/historical-data
2023-11-12,39793.87,Nifty Indices Historical Data — Total Returns Index Values,https://www.niftyindices.com/reports/historical-data
2023-11-13,39744.53,Nifty Indices Historical Data — Total Returns Index Values,https://www.niftyindices.com/reports/historical-data
2023-11-15,40226.91,Nifty Indices Historical Data — Total Returns Index Values,https://www.niftyindices.com/reports/historical-data
2023-11-16,40467.67,Nifty Indices Historical Data — Total Returns Index Values,https://www.niftyindices.com/reports/historical-data
2023-11-17,40549.16,Nifty Indices Historical Data — Total Returns Index Values,https://www.niftyindices.com/reports/historical-data
2023-11-20,40471.13,Nifty Indices Historical Data — Total Returns Index Values,https://www.niftyindices.com/reports/historical-data
2023-11-21,40654.03,Nifty Indices Historical Data — Total Returns Index Values,https://www.niftyindices.com/reports/historical-data
2023-11-22,40735.0,Nifty Indices Historical Data — Total Returns Index Values,https://www.niftyindices.com/reports/historical-data
2023-11-23,40712.31,Nifty Indices Historical Data — Total Returns Index Values,https://www.niftyindices.com/reports/historical-data
2023-11-24,40645.45,Nifty Indices Historical Data — Total Returns Index Values,https://www.niftyindices.com/reports/historical-data
2023-11-28,41046.21,Nifty Indices Historical Data — Total Returns Index Values,https://www.niftyindices.com/reports/historical-data
2023-11-29,41381.73,Nifty Indices Historical Data — Total Returns Index Values,https://www.niftyindices.com/reports/historical-data
2023-11-30,41622.82,Nifty Indices Historical Data — Total Returns Index Values,https://www.niftyindices.com/reports/historical-data
2023-12-01,41810.11,Nifty Indices Historical Data — Total Returns Index Values,https://www.niftyindices.com/reports/historical-data
2023-12-04,42543.5,Nifty Indices Historical Data — Total Returns Index Values,https://www.niftyindices.com/reports/historical-data
2023-12-05,42967.98,Nifty Indices Historical Data — Total Returns Index Values,https://www.niftyindices.com/reports/historical-data
2023-12-06,43035.35,Nifty Indices Historical Data — Total Returns Index Values,https://www.niftyindices.com/reports/historical-data
2023-12-07,43043.79,Nifty Indices Historical Data — Total Returns Index Values,https://www.niftyindices.com/reports/historical-data
2023-12-08,43019.39,Nifty Indices Historical Data — Total Returns Index Values,https://www.niftyindices.com/reports/historical-data
2023-12-11,43098.79,Nifty Indices Historical Data — Total Returns Index Values,https://www.niftyindices.com/reports/historical-data
2023-12-12,43032.26,Nifty Indices Historical Data — Total Returns Index Values,https://www.niftyindices.com/reports/historical-data
2023-12-13,43190.54,Nifty Indices Historical Data — Total Returns Index Values,https://www.niftyindices.com/reports/historical-data
2023-12-14,43584.99,Nifty Indices Historical Data — Total Returns Index Values,https://www.niftyindices.com/reports/historical-data
2023-12-15,44092.69,Nifty Indices Historical Data — Total Returns Index Values,https://www.niftyindices.com/reports/historical-data
2023-12-18,44039.98,Nifty Indices Historical Data — Total Returns Index Values,https://www.niftyindices.com/reports/historical-data
2023-12-19,44100.59,Nifty Indices Historical Data — Total Returns Index Values,https://www.niftyindices.com/reports/historical-data
2023-12-20,43259.97,Nifty Indices Historical Data — Total Returns Index Values,https://www.niftyindices.com/reports/historical-data
2023-12-21,43437.77,Nifty Indices Historical Data — Total Returns Index Values,https://www.niftyindices.com/reports/historical-data
2023-12-22,43840.98,Nifty Indices Historical Data — Total Returns Index Values,https://www.niftyindices.com/reports/historical-data
2023-12-26,44170.64,Nifty Indices Historical Data — Total Returns Index Values,https://www.niftyindices.com/reports/historical-data
2023-12-27,44621.48,Nifty Indices Historical Data — Total Returns Index Values,https://www.niftyindices.com/reports/historical-data
2023-12-28,45011.88,Nifty Indices Historical Data — Total Returns Index Values,https://www.niftyindices.com/reports/historical-data
2023-12-29,44985.6,Nifty Indices Historical Data — Total Returns Index Values,https://www.niftyindices.com/reports/historical-data
2024-01-01,45052.32,Nifty Indices Historical Data — Total Returns Index Values,https://www.niftyindices.com/reports/historical-data
2024-01-02,44976.52,Nifty Indices Historical Data — Total Returns Index Values,https://www.niftyindices.com/reports/historical-data
2024-01-03,44711.99,Nifty Indices Historical Data — Total Returns Index Values,https://www.niftyindices.com/reports/historical-data
2024-01-04,44952.22,Nifty Indices Historical Data — Total Returns Index Values,https://www.niftyindices.com/reports/historical-data
2024-01-05,45005.51,Nifty Indices Historical Data — Total Returns Index Values,https://www.niftyindices.com/reports/historical-data
2024-01-08,44620.72,Nifty Indices Historical Data — Total Returns Index Values,https://www.niftyindices.com/reports/historical-data
2024-01-09,44814.65,Nifty Indices Historical Data — Total Returns Index Values,https://www.niftyindices.com/reports/historical-data
2024-01-10,44869.53,Nifty Indices Historical Data — Total Returns Index Values,https://www.niftyindices.com/reports/historical-data
2024-01-11,44966.48,Nifty Indices Historical Data — Total Returns Index Values,https://www.niftyindices.com/reports/historical-data
2024-01-12,45359.02,Nifty Indices Historical Data — Total Returns Index Values,https://www.niftyindices.com/reports/historical-data
2024-01-15,45639.71,Nifty Indices Historical Data — Total Returns Index Values,https://www.niftyindices.com/reports/historical-data
2024-01-16,45485.46,Nifty Indices Historical Data — Total Returns Index Values,https://www.niftyindices.com/reports/historical-data
2024-01-17,44902.94,Nifty Indices Historical Data — Total Returns Index Values,https://www.niftyindices.com/reports/historical-data
2024-01-18,44660.96,Nifty Indices Historical Data — Total Returns Index Values,https://www.niftyindices.com/reports/historical-data
2024-01-19,45132.41,Nifty Indices Historical Data — Total Returns Index Values,https://www.niftyindices.com/reports/historical-data
2024-01-20,45030.05,Nifty Indices Historical Data — Total Returns Index Values,https://www.niftyindices.com/reports/historical-data
2024-01-23,44311.65,Nifty Indices Historical Data — Total Returns Index Values,https://www.niftyindices.com/reports/historical-data
2024-01-24,44917.24,Nifty Indices Historical Data — Total Returns Index Values,https://www.niftyindices.com/reports/historical-data
2024-01-25,44684.32,Nifty Indices Historical Data — Total Returns Index Values,https://www.niftyindices.com/reports/historical-data
2024-01-29,45412.68,Nifty Indices Historical Data — Total Returns Index Values,https://www.niftyindices.com/reports/historical-data
2024-01-30,45068.94,Nifty Indices Historical Data — Total Returns Index Values,https://www.niftyindices.com/reports/historical-data
2024-01-31,45623.58,Nifty Indices Historical Data — Total Returns Index Values,https://www.niftyindices.com/reports/historical-data
2024-02-01,45542.16,Nifty Indices Historical Data — Total Returns Index Values,https://www.niftyindices.com/reports/historical-data
2024-02-02,46105.19,Nifty Indices Historical Data — Total Returns Index Values,https://www.niftyindices.com/reports/historical-data
2024-02-05,46010.55,Nifty Indices Historical Data — Total Returns Index Values,https://www.niftyindices.com/reports/historical-data
2024-02-06,46485.01,Nifty Indices Historical Data — Total Returns Index Values,https://www.niftyindices.com/reports/historical-data
2024-02-07,46567.84,Nifty Indices Historical Data — Total Returns Index Values,https://www.niftyindices.com/reports/historical-data
2024-02-08,46206.16,Nifty Indices Historical Data — Total Returns Index Values,https://www.niftyindices.com/reports/historical-data
2024-02-09,46313.42,Nifty Indices Historical Data — Total Returns Index Values,https://www.niftyindices.com/reports/historical-data
2024-02-12,45990.16,Nifty Indices Historical Data — Total Returns Index Values,https://www.niftyindices.com/reports/historical-data
2024-02-13,46177.06,Nifty Indices Historical Data — Total Returns Index Values,https://www.niftyindices.com/reports/historical-data
2024-02-14,46502.6,Nifty Indices Historical Data — Total Returns Index Values,https://www.niftyindices.com/reports/historical-data
2024-02-15,46737.6,Nifty Indices Historical Data — Total Returns Index Values,https://www.niftyindices.com/reports/historical-data
2024-02-16,47146.05,Nifty Indices Historical Data — Total Returns Index Values,https://www.niftyindices.com/reports/historical-data
2024-02-19,47281.49,Nifty Indices Historical Data — Total Returns Index Values,https://www.niftyindices.com/reports/historical-data
2024-02-20,47310.7,Nifty Indices Historical Data — Total Returns Index Values,https://www.niftyindices.com/reports/historical-data
2024-02-21,46979.62,Nifty Indices Historical Data — Total Returns Index Values,https://www.niftyindices.com/reports/historical-data
2024-02-22,47360.6,Nifty Indices Historical Data — Total Returns Index Values,https://www.niftyindices.com/reports/historical-data
2024-02-23,47351.91,Nifty Indices Historical Data — Total Returns Index Values,https://www.niftyindices.com/reports/historical-data
2024-02-26,47165.93,Nifty Indices Historical Data — Total Returns Index Values,https://www.niftyindices.com/reports/historical-data
2024-02-27,47314.93,Nifty Indices Historical Data — Total Returns Index Values,https://www.niftyindices.com/reports/historical-data
2024-02-28,46645.12,Nifty Indices Historical Data — Total Returns Index Values,https://www.niftyindices.com/reports/historical-data
2024-02-29,46700.73,Nifty Indices Historical Data — Total Returns Index Values,https://www.niftyindices.com/reports/historical-data
2024-03-01,47338.16,Nifty Indices Historical Data — Total Returns Index Values,https://www.niftyindices.com/reports/historical-data
2024-03-02,47495.07,Nifty Indices Historical Data — Total Returns Index Values,https://www.niftyindices.com/reports/historical-data
2024-03-04,47531.95,Nifty Indices Historical Data — Total Returns Index Values,https://www.niftyindices.com/reports/historical-data
2024-03-05,47479.61,Nifty Indices Historical Data — Total Returns Index Values,https://www.niftyindices.com/reports/historical-data
2024-03-06,47665.96,Nifty Indices Historical Data — Total Returns Index Values,https://www.niftyindices.com/reports/historical-data
2024-03-07,47842.19,Nifty Indices Historical Data — Total Returns Index Values,https://www.niftyindices.com/reports/historical-data
2024-03-11,47625.55,Nifty Indices Historical Data — Total Returns Index Values,https://www.niftyindices.com/reports/historical-data
2024-03-12,47364.71,Nifty Indices Historical Data — Total Returns Index Values,https://www.niftyindices.com/reports/historical-data
2024-03-13,46241.85,Nifty Indices Historical Data — Total Returns Index Values,https://www.niftyindices.com/reports/historical-data
2024-03-14,46772.7,Nifty Indices Historical Data — Total Returns Index Values,https://www.niftyindices.com/reports/historical-data
2024-03-15,46526.3,Nifty Indices Historical Data — Total Returns Index Values,https://www.niftyindices.com/reports/historical-data
2024-03-18,46633.22,Nifty Indices Historical Data — Total Returns Index Values,https://www.niftyindices.com/reports/historical-data
2024-03-19,46007.49,Nifty Indices Historical Data — Total Returns Index Values,https://www.niftyindices.com/reports/historical-data
2024-03-20,46069.91,Nifty Indices Historical Data — Total Returns Index Values,https://www.niftyindices.com/reports/historical-data
2024-03-21,46570.13,Nifty Indices Historical Data — Total Returns Index Values,https://www.niftyindices.com/reports/historical-data
2024-03-22,46921.43,Nifty Indices Historical Data — Total Returns Index Values,https://www.niftyindices.com/reports/historical-data
2024-03-26,46840.49,Nifty Indices Historical Data — Total Returns Index Values,https://www.niftyindices.com/reports/historical-data
2024-03-27,46817.01,Nifty Indices Historical Data — Total Returns Index Values,https://www.niftyindices.com/reports/historical-data
2024-03-28,47417.78,Nifty Indices Historical Data — Total Returns Index Values,https://www.niftyindices.com/reports/historical-data
2024-04-01,47716.78,Nifty Indices Historical Data — Total Returns Index Values,https://www.niftyindices.com/reports/historical-data
2024-04-02,47835.36,Nifty Indices Historical Data — Total Returns Index Values,https://www.niftyindices.com/reports/historical-data
2024-04-03,47774.44,Nifty Indices Historical Data — Total Returns Index Values,https://www.niftyindices.com/reports/historical-data
2024-04-04,47821.75,Nifty Indices Historical Data — Total Returns Index Values,https://www.niftyindices.com/reports/historical-data
2024-04-05,47739.17,Nifty Indices Historical Data — Total Returns Index Values,https://www.niftyindices.com/reports/historical-data
2024-04-08,48091.14,Nifty Indices Historical Data — Total Returns Index Values,https://www.niftyindices.com/reports/historical-data
2024-04-09,48014.45,Nifty Indices Historical Data — Total Returns Index Values,https://www.niftyindices.com/reports/historical-data
2024-04-10,48235.9,Nifty Indices Historical Data — Total Returns Index Values,https://www.niftyindices.com/reports/historical-data
2024-04-12,47749.33,Nifty Indices Historical Data — Total Returns Index Values,https://www.niftyindices.com/reports/historical-data
2024-04-15,47266.91,Nifty Indices Historical Data — Total Returns Index Values,https://www.niftyindices.com/reports/historical-data
2024-04-16,47006.49,Nifty Indices Historical Data — Total Returns Index Values,https://www.niftyindices.com/reports/historical-data
2024-04-18,46579.89,Nifty Indices Historical Data — Total Returns Index Values,https://www.niftyindices.com/reports/historical-data
2024-04-19,46772.43,Nifty Indices Historical Data — Total Returns Index Values,https://www.niftyindices.com/reports/historical-data
2024-04-22,47273.45,Nifty Indices Historical Data — Total Returns Index Values,https://www.niftyindices.com/reports/historical-data
2024-04-23,47374.31,Nifty Indices Historical Data — Total Returns Index Values,https://www.niftyindices.com/reports/historical-data
2024-04-24,47519.99,Nifty Indices Historical Data — Total Returns Index Values,https://www.niftyindices.com/reports/historical-data
2024-04-25,47943.07,Nifty Indices Historical Data — Total Returns Index Values,https://www.niftyindices.com/reports/historical-data
2024-04-26,47701.11,Nifty Indices Historical Data — Total Returns Index Values,https://www.niftyindices.com/reports/historical-data
2024-04-29,47881.78,Nifty Indices Historical Data — Total Returns Index Values,https://www.niftyindices.com/reports/historical-data
2024-04-30,47925.63,Nifty Indices Historical Data — Total Returns Index Values,https://www.niftyindices.com/reports/historical-data
2024-05-02,48112.09,Nifty Indices Historical Data — Total Returns Index Values,https://www.niftyindices.com/reports/historical-data
2024-05-03,47872.8,Nifty Indices Historical Data — Total Returns Index Values,https://www.niftyindices.com/reports/historical-data
2024-05-06,47723.6,Nifty Indices Historical Data — Total Returns Index Values,https://www.niftyindices.com/reports/historical-data
2024-05-07,47379.26,Nifty Indices Historical Data — Total Returns Index Values,https://www.niftyindices.com/reports/historical-data
2024-05-08,47448.71,Nifty Indices Historical Data — Total Returns Index Values,https://www.niftyindices.com/reports/historical-data
2024-05-09,46650.5,Nifty Indices Historical Data — Total Returns Index Values,https://www.niftyindices.com/reports/historical-data
2024-05-10,47024.47,Nifty Indices Historical Data — Total Returns Index Values,https://www.niftyindices.com/reports/historical-data
2024-05-13,47134.37,Nifty Indices Historical Data — Total Returns Index Values,https://www.niftyindices.com/reports/historical-data
2024-05-14,47450.95,Nifty Indices Historical Data — Total Returns Index Values,https://www.niftyindices.com/reports/historical-data
2024-05-15,47482.03,Nifty Indices Historical Data — Total Returns Index Values,https://www.niftyindices.com/reports/historical-data
2024-05-16,47880.16,Nifty Indices Historical Data — Total Returns Index Values,https://www.niftyindices.com/reports/historical-data
2024-05-17,48005.75,Nifty Indices Historical Data — Total Returns Index Values,https://www.niftyindices.com/reports/historical-data
2024-05-18,48098.05,Nifty Indices Historical Data — Total Returns Index Values,https://www.niftyindices.com/reports/historical-data
2024-05-21,48396.43,Nifty Indices Historical Data — Total Returns Index Values,https://www.niftyindices.com/reports/historical-data
2024-05-22,48524.59,Nifty Indices Historical Data — Total Returns Index Values,https://www.niftyindices.com/reports/historical-data
2024-05-23,49216.98,Nifty Indices Historical Data — Total Returns Index Values,https://www.niftyindices.com/reports/historical-data
2024-05-24,49100.59,Nifty Indices Historical Data — Total Returns Index Values,https://www.niftyindices.com/reports/historical-data
2024-05-27,48988.2,Nifty Indices Historical Data — Total Returns Index Values,https://www.niftyindices.com/reports/historical-data
2024-05-28,48989.58,Nifty Indices Historical Data — Total Returns Index Values,https://www.niftyindices.com/reports/historical-data
2024-05-29,48742.71,Nifty Indices Historical Data — Total Returns Index Values,https://www.niftyindices.com/reports/historical-data
2024-05-30,48000.52,Nifty Indices Historical Data — Total Returns Index Values,https://www.niftyindices.com/reports/historical-data
2024-05-31,48074.29,Nifty Indices Historical Data — Total Returns Index Values,https://www.niftyindices.com/reports/historical-data
2024-06-03,49470.56,Nifty Indices Historical Data — Total Returns Index Values,https://www.niftyindices.com/reports/historical-data
2024-06-04,46763.85,Nifty Indices Historical Data — Total Returns Index Values,https://www.niftyindices.com/reports/historical-data
2024-06-05,48456.45,Nifty Indices Historical Data — Total Returns Index Values,https://www.niftyindices.com/reports/historical-data
2024-06-06,48829.82,Nifty Indices Historical Data — Total Returns Index Values,https://www.niftyindices.com/reports/historical-data
2024-06-07,49835.59,Nifty Indices Historical Data — Total Returns Index Values,https://www.niftyindices.com/reports/historical-data
2024-06-10,49911.52,Nifty Indices Historical Data — Total Returns Index Values,https://www.niftyindices.com/reports/historical-data
2024-06-11,50028.31,Nifty Indices Historical Data — Total Returns Index Values,https://www.niftyindices.com/reports/historical-data
2024-06-12,50201.29,Nifty Indices Historical Data — Total Returns Index Values,https://www.niftyindices.com/reports/historical-data
2024-06-13,50482.63,Nifty Indices Historical Data — Total Returns Index Values,https://www.niftyindices.com/reports/historical-data
2024-06-14,50671.04,Nifty Indices Historical Data — Total Returns Index Values,https://www.niftyindices.com/reports/historical-data
2024-06-18,50845.61,Nifty Indices Historical Data — Total Returns Index Values,https://www.niftyindices.com/reports/historical-data
2024-06-19,50429.03,Nifty Indices Historical Data — Total Returns Index Values,https://www.niftyindices.com/reports/historical-data
2024-06-20,50474.22,Nifty Indices Historical Data — Total Returns Index Values,https://www.niftyindices.com/reports/historical-data
2024-06-21,50333.34,Nifty Indices Historical Data — Total Returns Index Values,https://www.niftyindices.com/reports/historical-data
2024-06-24,50437.03,Nifty Indices Historical Data — Total Returns Index Values,https://www.niftyindices.com/reports/historical-data
2024-06-25,50548.08,Nifty Indices Historical Data — Total Returns Index Values,https://www.niftyindices.com/reports/historical-data
2024-06-26,50601.92,Nifty Indices Historical Data — Total Returns Index Values,https://www.niftyindices.com/reports/historical-data
2024-06-27,51071.53,Nifty Indices Historical Data — Total Returns Index Values,https://www.niftyindices.com/reports/historical-data
2024-06-28,51144.42,Nifty Indices Historical Data — Total Returns Index Values,https://www.niftyindices.com/reports/historical-data
2024-07-01,51370.35,Nifty Indices Historical Data — Total Returns Index Values,https://www.niftyindices.com/reports/historical-data
2024-07-02,51221.67,Nifty Indices Historical Data — Total Returns Index Values,https://www.niftyindices.com/reports/historical-data
2024-07-03,51560.65,Nifty Indices Historical Data — Total Returns Index Values,https://www.niftyindices.com/reports/historical-data
2024-07-04,51569.12,Nifty Indices Historical Data — Total Returns Index Values,https://www.niftyindices.com/reports/historical-data
2024-07-05,51874.09,Nifty Indices Historical Data — Total Returns Index Values,https://www.niftyindices.com/reports/historical-data
2024-07-08,51765.1,Nifty Indices Historical Data — Total Returns Index Values,https://www.niftyindices.com/reports/historical-data
2024-07-09,52082.15,Nifty Indices Historical Data — Total Returns Index Values,https://www.niftyindices.com/reports/historical-data
2024-07-10,52006.31,Nifty Indices Historical Data — Total Returns Index Values,https://www.niftyindices.com/reports/historical-data
2024-07-11,52009.71,Nifty Indices Historical Data — Total Returns Index Values,https://www.niftyindices.com/reports/historical-data
2024-07-12,52375.79,Nifty Indices Historical Data — Total Returns Index Values,https://www.niftyindices.com/reports/historical-data
2024-07-15,52680.75,Nifty Indices Historical Data — Total Returns Index Values,https://www.niftyindices.com/reports/historical-data
2024-07-16,52814.29,Nifty Indices Historical Data — Total Returns Index Values,https://www.niftyindices.com/reports/historical-data
2024-07-18,53188.8,Nifty Indices Historical Data — Total Returns Index Values,https://www.niftyindices.com/reports/historical-data
2024-07-19,52351.69,Nifty Indices Historical Data — Total Returns Index Values,https://www.niftyindices.com/reports/historical-data
2024-07-22,52374.22,Nifty Indices Historical Data — Total Returns Index Values,https://www.niftyindices.com/reports/historical-data
2024-07-23,52452.43,Nifty Indices Historical Data — Total Returns Index Values,https://www.niftyindices.com/reports/historical-data
2024-07-24,52392.62,Nifty Indices Historical Data — Total Returns Index Values,https://www.niftyindices.com/reports/historical-data
2024-07-25,52491.63,Nifty Indices Historical Data — Total Returns Index Values,https://www.niftyindices.com/reports/historical-data
2024-07-26,53642.79,Nifty Indices Historical Data — Total Returns Index Values,https://www.niftyindices.com/reports/historical-data
2024-07-29,53675.5,Nifty Indices Historical Data — Total Returns Index Values,https://www.niftyindices.com/reports/historical-data
2024-07-30,53743.17,Nifty Indices Historical Data — Total Returns Index Values,https://www.niftyindices.com/reports/historical-data
2024-07-31,54046.94,Nifty Indices Historical Data — Total Returns Index Values,https://www.niftyindices.com/reports/historical-data
2024-08-01,54235.73,Nifty Indices Historical Data — Total Returns Index Values,https://www.niftyindices.com/reports/historical-data
2024-08-02,53482.29,Nifty Indices Historical Data — Total Returns Index Values,https://www.niftyindices.com/reports/historical-data
2024-08-05,52150.63,Nifty Indices Historical Data — Total Returns Index Values,https://www.niftyindices.com/reports/historical-data
2024-08-06,52008.82,Nifty Indices Historical Data — Total Returns Index Values,https://www.niftyindices.com/reports/historical-data
2024-08-07,52814.93,Nifty Indices Historical Data — Total Returns Index Values,https://www.niftyindices.com/reports/historical-data
2024-08-08,52238.98,Nifty Indices Historical Data — Total Returns Index Values,https://www.niftyindices.com/reports/historical-data
2024-08-09,52815.52,Nifty Indices Historical Data — Total Returns Index Values,https://www.niftyindices.com/reports/historical-data
2024-08-12,52734.82,Nifty Indices Historical Data — Total Returns Index Values,https://www.niftyindices.com/reports/historical-data
2024-08-13,52348.43,Nifty Indices Historical Data — Total Returns Index Values,https://www.niftyindices.com/reports/historical-data
2024-08-14,52158.87,Nifty Indices Historical Data — Total Returns Index Values,https://www.niftyindices.com/reports/historical-data
2024-08-16,53047.83,Nifty Indices Historical Data — Total Returns Index Values,https://www.niftyindices.com/reports/historical-data
2024-08-19,53259.89,Nifty Indices Historical Data — Total Returns Index Values,https://www.niftyindices.com/reports/historical-data
2024-08-20,53665.26,Nifty Indices Historical Data — Total Returns Index Values,https://www.niftyindices.com/reports/historical-data
2024-08-21,54002.12,Nifty Indices Historical Data — Total Returns Index Values,https://www.niftyindices.com/reports/historical-data
2024-08-22,54047.22,Nifty Indices Historical Data — Total Returns Index Values,https://www.niftyindices.com/reports/historical-data
2024-08-23,54065.76,Nifty Indices Historical Data — Total Returns Index Values,https://www.niftyindices.com/reports/historical-data
2024-08-26,54469.77,Nifty Indices Historical Data — Total Returns Index Values,https://www.niftyindices.com/reports/historical-data
2024-08-27,54445.21,Nifty Indices Historical Data — Total Returns Index Values,https://www.niftyindices.com/reports/historical-data
2024-08-28,54584.56,Nifty Indices Historical Data — Total Returns Index Values,https://www.niftyindices.com/reports/historical-data
2024-08-29,54798.95,Nifty Indices Historical Data — Total Returns Index Values,https://www.niftyindices.com/reports/historical-data
2024-08-30,55071.95,Nifty Indices Historical Data — Total Returns Index Values,https://www.niftyindices.com/reports/historical-data
2024-09-02,55200.02,Nifty Indices Historical Data — Total Returns Index Values,https://www.niftyindices.com/reports/historical-data
2024-09-03,55193.0,Nifty Indices Historical Data — Total Returns Index Values,https://www.niftyindices.com/reports/historical-data
2024-09-04,55017.61,Nifty Indices Historical Data — Total Returns Index Values,https://www.niftyindices.com/reports/historical-data
2024-09-05,54899.0,Nifty Indices Historical Data — Total Returns Index Values,https://www.niftyindices.com/reports/historical-data
2024-09-06,54410.83,Nifty Indices Historical Data — Total Returns Index Values,https://www.niftyindices.com/reports/historical-data
2024-09-09,54449.72,Nifty Indices Historical Data — Total Returns Index Values,https://www.niftyindices.com/reports/historical-data
2024-09-10,54662.04,Nifty Indices Historical Data — Total Returns Index Values,https://www.niftyindices.com/reports/historical-data
2024-09-11,54397.87,Nifty Indices Historical Data — Total Returns Index Values,https://www.niftyindices.com/reports/historical-data
2024-09-12,55469.7,Nifty Indices Historical Data — Total Returns Index Values,https://www.niftyindices.com/reports/historical-data
2024-09-13,55434.08,Nifty Indices Historical Data — Total Returns Index Values,https://www.niftyindices.com/reports/historical-data
2024-09-16,55421.19,Nifty Indices Historical Data — Total Returns Index Values,https://www.niftyindices.com/reports/historical-data
2024-09-17,55470.16,Nifty Indices Historical Data — Total Returns Index Values,https://www.niftyindices.com/reports/historical-data
2024-09-18,55289.92,Nifty Indices Historical Data — Total Returns Index Values,https://www.niftyindices.com/reports/historical-data
2024-09-19,55265.58,Nifty Indices Historical Data — Total Returns Index Values,https://www.niftyindices.com/reports/historical-data
2024-09-20,55925.27,Nifty Indices Historical Data — Total Returns Index Values,https://www.niftyindices.com/reports/historical-data
2024-09-23,56303.41,Nifty Indices Historical Data — Total Returns Index Values,https://www.niftyindices.com/reports/historical-data
2024-09-24,56294.88,Nifty Indices Historical Data — Total Returns Index Values,https://www.niftyindices.com/reports/historical-data
2024-09-25,56316.95,Nifty Indices Historical Data — Total Returns Index Values,https://www.niftyindices.com/reports/historical-data
2024-09-26,56956.42,Nifty Indices Historical Data — Total Returns Index Values,https://www.niftyindices.com/reports/historical-data
2024-09-27,57118.99,Nifty Indices Historical Data — Total Returns Index Values,https://www.niftyindices.com/reports/historical-data
2024-09-30,56564.41,Nifty Indices Historical Data — Total Returns Index Values,https://www.niftyindices.com/reports/historical-data
2024-10-01,56541.34,Nifty Indices Historical Data — Total Returns Index Values,https://www.niftyindices.com/reports/historical-data
2024-10-03,55379.28,Nifty Indices Historical Data — Total Returns Index Values,https://www.niftyindices.com/reports/historical-data
2024-10-04,54850.7,Nifty Indices Historical Data — Total Returns Index Values,https://www.niftyindices.com/reports/historical-data
2024-10-07,54277.1,Nifty Indices Historical Data — Total Returns Index Values,https://www.niftyindices.com/reports/historical-data
2024-10-08,54684.85,Nifty Indices Historical Data — Total Returns Index Values,https://www.niftyindices.com/reports/historical-data
2024-10-09,54770.47,Nifty Indices Historical Data — Total Returns Index Values,https://www.niftyindices.com/reports/historical-data
2024-10-10,54694.5,Nifty Indices Historical Data — Total Returns Index Values,https://www.niftyindices.com/reports/historical-data
2024-10-11,54749.85,Nifty Indices Historical Data — Total Returns Index Values,https://www.niftyindices.com/reports/historical-data
2024-10-14,54992.86,Nifty Indices Historical Data — Total Returns Index Values,https://www.niftyindices.com/reports/historical-data
2024-10-15,54748.22,Nifty Indices Historical Data — Total Returns Index Values,https://www.niftyindices.com/reports/historical-data
2024-10-16,54536.04,Nifty Indices Historical Data — Total Returns Index Values,https://www.niftyindices.com/reports/historical-data
2024-10-17,53836.45,Nifty Indices Historical Data — Total Returns Index Values,https://www.niftyindices.com/reports/historical-data
2024-10-18,54129.74,Nifty Indices Historical Data — Total Returns Index Values,https://www.niftyindices.com/reports/historical-data
2024-10-21,53675.48,Nifty Indices Historical Data — Total Returns Index Values,https://www.niftyindices.com/reports/historical-data
2024-10-22,52835.22,Nifty Indices Historical Data — Total Returns Index Values,https://www.niftyindices.com/reports/historical-data
2024-10-23,52707.84,Nifty Indices Historical Data — Total Returns Index Values,https://www.niftyindices.com/reports/historical-data
2024-10-24,52547.02,Nifty Indices Historical Data — Total Returns Index Values,https://www.niftyindices.com/reports/historical-data
2024-10-25,51721.02,Nifty Indices Historical Data — Total Returns Index Values,https://www.niftyindices.com/reports/historical-data
2024-10-28,52143.88,Nifty Indices Historical Data — Total Returns Index Values,https://www.niftyindices.com/reports/historical-data
2024-10-29,52371.67,Nifty Indices Historical Data — Total Returns Index Values,https://www.niftyindices.com/reports/historical-data
2024-10-30,52235.36,Nifty Indices Historical Data — Total Returns Index Values,https://www.niftyindices.com/reports/historical-data
2024-10-31,52035.74,Nifty Indices Historical Data — Total Returns Index Values,https://www.niftyindices.com/reports/historical-data
2024-11-01,52283.32,Nifty Indices Historical Data — Total Returns Index Values,https://www.niftyindices.com/reports/historical-data
2024-11-04,51571.16,Nifty Indices Historical Data — Total Returns Index Values,https://www.niftyindices.com/reports/historical-data
2024-11-05,52048.27,Nifty Indices Historical Data — Total Returns Index Values,https://www.niftyindices.com/reports/historical-data
2024-11-06,52665.0,Nifty Indices Historical Data — Total Returns Index Values,https://www.niftyindices.com/reports/historical-data
2024-11-07,51987.27,Nifty Indices Historical Data — Total Returns Index Values,https://www.niftyindices.com/reports/historical-data
2024-11-08,51874.29,Nifty Indices Historical Data — Total Returns Index Values,https://www.niftyindices.com/reports/historical-data
2024-11-11,51653.64,Nifty Indices Historical Data — Total Returns Index Values,https://www.niftyindices.com/reports/historical-data
2024-11-12,50998.79,Nifty Indices Historical Data — Total Returns Index Values,https://www.niftyindices.com/reports/historical-data
2024-11-13,50247.68,Nifty Indices Historical Data — Total Returns Index Values,https://www.niftyindices.com/reports/historical-data
2024-11-14,50107.42,Nifty Indices Historical Data — Total Returns Index Values,https://www.niftyindices.com/reports/historical-data
2024-11-18,49953.07,Nifty Indices Historical Data — Total Returns Index Values,https://www.niftyindices.com/reports/historical-data
2024-11-19,50046.57,Nifty Indices Historical Data — Total Returns Index Values,https://www.niftyindices.com/reports/historical-data
2024-11-21,49401.11,Nifty Indices Historical Data — Total Returns Index Values,https://www.niftyindices.com/reports/historical-data
2024-11-22,50531.91,Nifty Indices Historical Data — Total Returns Index Values,https://www.niftyindices.com/reports/historical-data
2024-11-25,51086.8,Nifty Indices Historical Data — Total Returns Index Values,https://www.niftyindices.com/reports/historical-data
2024-11-26,50937.41,Nifty Indices Historical Data — Total Returns Index Values,https://www.niftyindices.com/reports/historical-data
2024-11-27,51147.66,Nifty Indices Historical Data — Total Returns Index Values,https://www.niftyindices.com/reports/historical-data
2024-11-28,50382.34,Nifty Indices Historical Data — Total Returns Index Values,https://www.niftyindices.com/reports/historical-data
2024-11-29,50801.99,Nifty Indices Historical Data — Total Returns Index Values,https://www.niftyindices.com/reports/historical-data
2024-12-02,51142.58,Nifty Indices Historical Data — Total Returns Index Values,https://www.niftyindices.com/reports/historical-data
2024-12-03,51528.27,Nifty Indices Historical Data — Total Returns Index Values,https://www.niftyindices.com/reports/historical-data
2024-12-04,51453.07,Nifty Indices Historical Data — Total Returns Index Values,https://www.niftyindices.com/reports/historical-data
2024-12-05,51858.49,Nifty Indices Historical Data — Total Returns Index Values,https://www.niftyindices.com/reports/historical-data
2024-12-06,51870.94,Nifty Indices Historical Data — Total Returns Index Values,https://www.niftyindices.com/reports/historical-data
2024-12-09,51719.57,Nifty Indices Historical Data — Total Returns Index Values,https://www.niftyindices.com/reports/historical-data
2024-12-10,51673.8,Nifty Indices Historical Data — Total Returns Index Values,https://www.niftyindices.com/reports/historical-data
2024-12-11,51835.75,Nifty Indices Historical Data — Total Returns Index Values,https://www.niftyindices.com/reports/historical-data
2024-12-12,51599.56,Nifty Indices Historical Data — Total Returns Index Values,https://www.niftyindices.com/reports/historical-data
2024-12-13,51925.63,Nifty Indices Historical Data — Total Returns Index Values,https://www.niftyindices.com/reports/historical-data
2024-12-16,51717.77,Nifty Indices Historical Data — Total Returns Index Values,https://www.niftyindices.com/reports/historical-data
2024-12-17,50991.94,Nifty Indices Historical Data — Total Returns Index Values,https://www.niftyindices.com/reports/historical-data
2024-12-18,50742.78,Nifty Indices Historical Data — Total Returns Index Values,https://www.niftyindices.com/reports/historical-data
2024-12-19,50429.92,Nifty Indices Historical Data — Total Returns Index Values,https://www.niftyindices.com/reports/historical-data
2024-12-20,49611.23,Nifty Indices Historical Data — Total Returns Index Values,https://www.niftyindices.com/reports/historical-data
2024-12-23,49867.4,Nifty Indices Historical Data — Total Returns Index Values,https://www.niftyindices.com/reports/historical-data
2024-12-24,49792.1,Nifty Indices Historical Data — Total Returns Index Values,https://www.niftyindices.com/reports/historical-data
2024-12-26,49952.74,Nifty Indices Historical Data — Total Returns Index Values,https://www.niftyindices.com/reports/historical-data
2024-12-27,50045.31,Nifty Indices Historical Data — Total Returns Index Values,https://www.niftyindices.com/reports/historical-data
2024-12-30,49794.84,Nifty Indices Historical Data — Total Returns Index Values,https://www.niftyindices.com/reports/historical-data
2024-12-31,49862.52,Nifty Indices Historical Data — Total Returns Index Values,https://www.niftyindices.com/reports/historical-data
2025-01-01,50037.31,Nifty Indices Historical Data — Total Returns Index Values,https://www.niftyindices.com/reports/historical-data
2025-01-02,51146.39,Nifty Indices Historical Data — Total Returns Index Values,https://www.niftyindices.com/reports/historical-data
2025-01-03,50989.52,Nifty Indices Historical Data — Total Returns Index Values,https://www.niftyindices.com/reports/historical-data
2025-01-06,50102.41,Nifty Indices Historical Data — Total Returns Index Values,https://www.niftyindices.com/reports/historical-data
2025-01-07,50332.86,Nifty Indices Historical Data — Total Returns Index Values,https://www.niftyindices.com/reports/historical-data
2025-01-08,50256.59,Nifty Indices Historical Data — Total Returns Index Values,https://www.niftyindices.com/reports/historical-data
2025-01-09,49957.47,Nifty Indices Historical Data — Total Returns Index Values,https://www.niftyindices.com/reports/historical-data
2025-01-10,49564.28,Nifty Indices Historical Data — Total Returns Index Values,https://www.niftyindices.com/reports/historical-data
2025-01-13,48600.28,Nifty Indices Historical Data — Total Returns Index Values,https://www.niftyindices.com/reports/historical-data
2025-01-14,48999.59,Nifty Indices Historical Data — Total Returns Index Values,https://www.niftyindices.com/reports/historical-data
2025-01-15,49020.55,Nifty Indices Historical Data — Total Returns Index Values,https://www.niftyindices.com/reports/historical-data
2025-01-16,49287.5,Nifty Indices Historical Data — Total Returns Index Values,https://www.niftyindices.com/reports/historical-data
2025-01-17,49351.35,Nifty Indices Historical Data — Total Returns Index Values,https://www.niftyindices.com/reports/historical-data
2025-01-20,49639.08,Nifty Indices Historical Data — Total Returns Index Values,https://www.niftyindices.com/reports/historical-data
2025-01-21,49052.41,Nifty Indices Historical Data — Total Returns Index Values,https://www.niftyindices.com/reports/historical-data
2025-01-22,49171.78,Nifty Indices Historical Data — Total Returns Index Values,https://www.niftyindices.com/reports/historical-data
2025-01-23,49444.13,Nifty Indices Historical Data — Total Returns Index Values,https://www.niftyindices.com/reports/historical-data
2025-01-24,49129.16,Nifty Indices Historical Data — Total Returns Index Values,https://www.niftyindices.com/reports/historical-data
2025-01-27,48423.35,Nifty Indices Historical Data — Total Returns Index Values,https://www.niftyindices.com/reports/historical-data
2025-01-28,48489.68,Nifty Indices Historical Data — Total Returns Index Values,https://www.niftyindices.com/reports/historical-data
2025-01-29,49117.69,Nifty Indices Historical Data — Total Returns Index Values,https://www.niftyindices.com/reports/historical-data
2025-01-30,49274.33,Nifty Indices Historical Data — Total Returns Index Values,https://www.niftyindices.com/reports/historical-data
2025-01-31,50057.79,Nifty Indices Historical Data — Total Returns Index Values,https://www.niftyindices.com/reports/historical-data
2025-02-01,50019.31,Nifty Indices Historical Data — Total Returns Index Values,https://www.niftyindices.com/reports/historical-data
2025-02-03,49763.0,Nifty Indices Historical Data — Total Returns Index Values,https://www.niftyindices.com/reports/historical-data
2025-02-04,50377.0,Nifty Indices Historical Data — Total Returns Index Values,https://www.niftyindices.com/reports/historical-data
2025-02-05,50331.91,Nifty Indices Historical Data — Total Returns Index Values,https://www.niftyindices.com/reports/historical-data
2025-02-06,50058.44,Nifty Indices Historical Data — Total Returns Index Values,https://www.niftyindices.com/reports/historical-data
2025-02-07,50190.31,Nifty Indices Historical Data — Total Returns Index Values,https://www.niftyindices.com/reports/historical-data
2025-02-10,49712.99,Nifty Indices Historical Data — Total Returns Index Values,https://www.niftyindices.com/reports/historical-data
2025-02-11,48898.39,Nifty Indices Historical Data — Total Returns Index Values,https://www.niftyindices.com/reports/historical-data
2025-02-12,48949.45,Nifty Indices Historical Data — Total Returns Index Values,https://www.niftyindices.com/reports/historical-data
2025-02-13,49008.31,Nifty Indices Historical Data — Total Returns Index Values,https://www.niftyindices.com/reports/historical-data
2025-02-14,48517.43,Nifty Indices Historical Data — Total Returns Index Values,https://www.niftyindices.com/reports/historical-data
2025-02-17,48755.78,Nifty Indices Historical Data — Total Returns Index Values,https://www.niftyindices.com/reports/historical-data
2025-02-18,48733.6,Nifty Indices Historical Data — Total Returns Index Values,https://www.niftyindices.com/reports/historical-data
2025-02-19,48722.32,Nifty Indices Historical Data — Total Returns Index Values,https://www.niftyindices.com/reports/historical-data
2025-02-20,48920.34,Nifty Indices Historical Data — Total Returns Index Values,https://www.niftyindices.com/reports/historical-data
2025-02-21,48659.59,Nifty Indices Historical Data — Total Returns Index Values,https://www.niftyindices.com/reports/historical-data
2025-02-24,48230.21,Nifty Indices Historical Data — Total Returns Index Values,https://www.niftyindices.com/reports/historical-data
2025-02-25,48112.36,Nifty Indices Historical Data — Total Returns Index Values,https://www.niftyindices.com/reports/historical-data
2025-02-27,48060.5,Nifty Indices Historical Data — Total Returns Index Values,https://www.niftyindices.com/reports/historical-data
2025-02-28,46901.47,Nifty Indices Historical Data — Total Returns Index Values,https://www.niftyindices.com/reports/historical-data
2025-03-03,47049.47,Nifty Indices Historical Data — Total Returns Index Values,https://www.niftyindices.com/reports/historical-data
2025-03-04,46930.41,Nifty Indices Historical Data — Total Returns Index Values,https://www.niftyindices.com/reports/historical-data
2025-03-05,47696.37,Nifty Indices Historical Data — Total Returns Index Values,https://www.niftyindices.com/reports/historical-data
2025-03-06,48228.39,Nifty Indices Historical Data — Total Returns Index Values,https://www.niftyindices.com/reports/historical-data
2025-03-07,48179.75,Nifty Indices Historical Data — Total Returns Index Values,https://www.niftyindices.com/reports/historical-data
2025-03-10,47862.95,Nifty Indices Historical Data — Total Returns Index Values,https://www.niftyindices.com/reports/historical-data
2025-03-11,47781.36,Nifty Indices Historical Data — Total Returns Index Values,https://www.niftyindices.com/reports/historical-data
2025-03-12,47670.27,Nifty Indices Historical Data — Total Returns Index Values,https://www.niftyindices.com/reports/historical-data
2025-03-13,47418.81,Nifty Indices Historical Data — Total Returns Index Values,https://www.niftyindices.com/reports/historical-data
2025-03-17,47736.11,Nifty Indices Historical Data — Total Returns Index Values,https://www.niftyindices.com/reports/historical-data
2025-03-18,48426.49,Nifty Indices Historical Data — Total Returns Index Values,https://www.niftyindices.com/reports/historical-data
2025-03-19,48704.14,Nifty Indices Historical Data — Total Returns Index Values,https://www.niftyindices.com/reports/historical-data
2025-03-20,49256.39,Nifty Indices Historical Data — Total Returns Index Values,https://www.niftyindices.com/reports/historical-data
2025-03-21,49649.7,Nifty Indices Historical Data — Total Returns Index Values,https://www.niftyindices.com/reports/historical-data
2025-03-24,50186.13,Nifty Indices Historical Data — Total Returns Index Values,https://www.niftyindices.com/reports/historical-data
2025-03-25,50097.87,Nifty Indices Historical Data — Total Returns Index Values,https://www.niftyindices.com/reports/historical-data
2025-03-26,49750.48,Nifty Indices Historical Data — Total Returns Index Values,https://www.niftyindices.com/reports/historical-data
2025-03-27,50038.09,Nifty Indices Historical Data — Total Returns Index Values,https://www.niftyindices.com/reports/historical-data
2025-03-28,49759.33,Nifty Indices Historical Data — Total Returns Index Values,https://www.niftyindices.com/reports/historical-data
2025-04-01,49403.22,Nifty Indices Historical Data — Total Returns Index Values,https://www.niftyindices.com/reports/historical-data
2025-04-02,49758.86,Nifty Indices Historical Data — Total Returns Index Values,https://www.niftyindices.com/reports/historical-data
2025-04-03,49707.74,Nifty Indices Historical Data — Total Returns Index Values,https://www.niftyindices.com/reports/historical-data
2025-04-04,48626.59,Nifty Indices Historical Data — Total Returns Index Values,https://www.niftyindices.com/reports/historical-data
2025-04-07,47039.28,Nifty Indices Historical Data — Total Returns Index Values,https://www.niftyindices.com/reports/historical-data
2025-04-08,47986.82,Nifty Indices Historical Data — Total Returns Index Values,https://www.niftyindices.com/reports/historical-data
2025-04-09,47684.3,Nifty Indices Historical Data — Total Returns Index Values,https://www.niftyindices.com/reports/historical-data
2025-04-11,48683.44,Nifty Indices Historical Data — Total Returns Index Values,https://www.niftyindices.com/reports/historical-data
2025-04-15,49770.57,Nifty Indices Historical Data — Total Returns Index Values,https://www.niftyindices.com/reports/historical-data
2025-04-16,50091.81,Nifty Indices Historical Data — Total Returns Index Values,https://www.niftyindices.com/reports/historical-data
2025-04-17,50736.59,Nifty Indices Historical Data — Total Returns Index Values,https://www.niftyindices.com/reports/historical-data
2025-04-21,51391.0,Nifty Indices Historical Data — Total Returns Index Values,https://www.niftyindices.com/reports/historical-data
2025-04-22,51306.06,Nifty Indices Historical Data — Total Returns Index Values,https://www.niftyindices.com/reports/historical-data
2025-04-23,51835.68,Nifty Indices Historical Data — Total Returns Index Values,https://www.niftyindices.com/reports/historical-data
2025-04-24,51817.23,Nifty Indices Historical Data — Total Returns Index Values,https://www.niftyindices.com/reports/historical-data
2025-04-25,51164.1,Nifty Indices Historical Data — Total Returns Index Values,https://www.niftyindices.com/reports/historical-data
2025-04-28,51642.1,Nifty Indices Historical Data — Total Returns Index Values,https://www.niftyindices.com/reports/historical-data
2025-04-29,51569.07,Nifty Indices Historical Data — Total Returns Index Values,https://www.niftyindices.com/reports/historical-data
2025-04-30,51462.82,Nifty Indices Historical Data — Total Returns Index Values,https://www.niftyindices.com/reports/historical-data
2025-05-02,51324.17,Nifty Indices Historical Data — Total Returns Index Values,https://www.niftyindices.com/reports/historical-data
2025-05-05,51719.24,Nifty Indices Historical Data — Total Returns Index Values,https://www.niftyindices.com/reports/historical-data
2025-05-06,51399.93,Nifty Indices Historical Data — Total Returns Index Values,https://www.niftyindices.com/reports/historical-data
2025-05-07,51512.55,Nifty Indices Historical Data — Total Returns Index Values,https://www.niftyindices.com/reports/historical-data
2025-05-08,51045.92,Nifty Indices Historical Data — Total Returns Index Values,https://www.niftyindices.com/reports/historical-data
2025-05-09,50694.32,Nifty Indices Historical Data — Total Returns Index Values,https://www.niftyindices.com/reports/historical-data
2025-05-12,52534.37,Nifty Indices Historical Data — Total Returns Index Values,https://www.niftyindices.com/reports/historical-data
2025-05-13,52021.9,Nifty Indices Historical Data — Total Returns Index Values,https://www.niftyindices.com/reports/historical-data
2025-05-14,52337.88,Nifty Indices Historical Data — Total Returns Index Values,https://www.niftyindices.com/reports/historical-data
2025-05-15,53291.63,Nifty Indices Historical Data — Total Returns Index Values,https://www.niftyindices.com/reports/historical-data
2025-05-16,53318.04,Nifty Indices Historical Data — Total Returns Index Values,https://www.niftyindices.com/reports/historical-data
2025-05-19,53203.11,Nifty Indices Historical Data — Total Returns Index Values,https://www.niftyindices.com/reports/historical-data
2025-05-20,52568.05,Nifty Indices Historical Data — Total Returns Index Values,https://www.niftyindices.com/reports/historical-data
2025-05-21,52869.29,Nifty Indices Historical Data — Total Returns Index Values,https://www.niftyindices.com/reports/historical-data
2025-05-22,52431.28,Nifty Indices Historical Data — Total Returns Index Values,https://www.niftyindices.com/reports/historical-data
2025-05-23,53005.49,Nifty Indices Historical Data — Total Returns Index Values,https://www.niftyindices.com/reports/historical-data
2025-05-26,53308.64,Nifty Indices Historical Data — Total Returns Index Values,https://www.niftyindices.com/reports/historical-data
2025-05-27,53069.35,Nifty Indices Historical Data — Total Returns Index Values,https://www.niftyindices.com/reports/historical-data
2025-05-28,52839.15,Nifty Indices Historical Data — Total Returns Index Values,https://www.niftyindices.com/reports/historical-data
2025-05-29,53043.69,Nifty Indices Historical Data — Total Returns Index Values,https://www.niftyindices.com/reports/historical-data
2025-05-30,52719.24,Nifty Indices Historical Data — Total Returns Index Values,https://www.niftyindices.com/reports/historical-data
2025-06-02,52670.93,Nifty Indices Historical Data — Total Returns Index Values,https://www.niftyindices.com/reports/historical-data
2025-06-03,52287.42,Nifty Indices Historical Data — Total Returns Index Values,https://www.niftyindices.com/reports/historical-data
2025-06-04,52439.48,Nifty Indices Historical Data — Total Returns Index Values,https://www.niftyindices.com/reports/historical-data
2025-06-05,52665.21,Nifty Indices Historical Data — Total Returns Index Values,https://www.niftyindices.com/reports/historical-data
2025-06-06,53299.96,Nifty Indices Historical Data — Total Returns Index Values,https://www.niftyindices.com/reports/historical-data
2025-06-09,53662.3,Nifty Indices Historical Data — Total Returns Index Values,https://www.niftyindices.com/reports/historical-data
2025-06-10,53811.28,Nifty Indices Historical Data — Total Returns Index Values,https://www.niftyindices.com/reports/historical-data
2025-06-11,53853.29,Nifty Indices Historical Data — Total Returns Index Values,https://www.niftyindices.com/reports/historical-data
2025-06-12,53239.59,Nifty Indices Historical Data — Total Returns Index Values,https://www.niftyindices.com/reports/historical-data
2025-06-13,52958.23,Nifty Indices Historical Data — Total Returns Index Values,https://www.niftyindices.com/reports/historical-data
2025-06-16,53468.01,Nifty Indices Historical Data — Total Returns Index Values,https://www.niftyindices.com/reports/historical-data
2025-06-17,53137.58,Nifty Indices Historical Data — Total Returns Index Values,https://www.niftyindices.com/reports/historical-data
2025-06-18,53076.78,Nifty Indices Historical Data — Total Returns Index Values,https://www.niftyindices.com/reports/historical-data
2025-06-19,52996.23,Nifty Indices Historical Data — Total Returns Index Values,https://www.niftyindices.com/reports/historical-data
2025-06-20,53603.7,Nifty Indices Historical Data — Total Returns Index Values,https://www.niftyindices.com/reports/historical-data
2025-06-23,53489.13,Nifty Indices Historical Data — Total Returns Index Values,https://www.niftyindices.com/reports/historical-data
2025-06-24,53705.6,Nifty Indices Historical Data — Total Returns Index Values,https://www.niftyindices.com/reports/historical-data
2025-06-25,54073.04,Nifty Indices Historical Data — Total Returns Index Values,https://www.niftyindices.com/reports/historical-data
2025-06-26,54658.13,Nifty Indices Historical Data — Total Returns Index Values,https://www.niftyindices.com/reports/historical-data
2025-06-27,54881.32,Nifty Indices Historical Data — Total Returns Index Values,https://www.niftyindices.com/reports/historical-data
2025-06-30,54756.53,Nifty Indices Historical Data — Total Returns Index Values,https://www.niftyindices.com/reports/historical-data
2025-07-01,54772.16,Nifty Indices Historical Data — Total Returns Index Values,https://www.niftyindices.com/reports/historical-data
2025-07-02,54679.36,Nifty Indices Historical Data — Total Returns Index Values,https://www.niftyindices.com/reports/historical-data
2025-07-03,54586.61,Nifty Indices Historical Data — Total Returns Index Values,https://www.niftyindices.com/reports/historical-data
2025-07-04,54570.55,Nifty Indices Historical Data — Total Returns Index Values,https://www.niftyindices.com/reports/historical-data
2025-07-07,54545.96,Nifty Indices Historical Data — Total Returns Index Values,https://www.niftyindices.com/reports/historical-data
2025-07-08,54594.05,Nifty Indices Historical Data — Total Returns Index Values,https://www.niftyindices.com/reports/historical-data
2025-07-09,54514.82,Nifty Indices Historical Data — Total Returns Index Values,https://www.niftyindices.com/reports/historical-data
2025-07-10,54286.46,Nifty Indices Historical Data — Total Returns Index Values,https://www.niftyindices.com/reports/historical-data
2025-07-11,53903.09,Nifty Indices Historical Data — Total Returns Index Values,https://www.niftyindices.com/reports/historical-data
2025-07-14,53817.3,Nifty Indices Historical Data — Total Returns Index Values,https://www.niftyindices.com/reports/historical-data
2025-07-15,54110.78,Nifty Indices Historical Data — Total Returns Index Values,https://www.niftyindices.com/reports/historical-data
2025-07-16,54102.73,Nifty Indices Historical Data — Total Returns Index Values,https://www.niftyindices.com/reports/historical-data
2025-07-17,53993.72,Nifty Indices Historical Data — Total Returns Index Values,https://www.niftyindices.com/reports/historical-data
2025-07-18,53772.35,Nifty Indices Historical Data — Total Returns Index Values,https://www.niftyindices.com/reports/historical-data
2025-07-21,53935.06,Nifty Indices Historical Data — Total Returns Index Values,https://www.niftyindices.com/reports/historical-data
2025-07-22,53805.37,Nifty Indices Historical Data — Total Returns Index Values,https://www.niftyindices.com/reports/historical-data
2025-07-23,54066.21,Nifty Indices Historical Data — Total Returns Index Values,https://www.niftyindices.com/reports/historical-data
2025-07-24,53793.04,Nifty Indices Historical Data — Total Returns Index Values,https://www.niftyindices.com/reports/historical-data
2025-07-25,53256.98,Nifty Indices Historical Data — Total Returns Index Values,https://www.niftyindices.com/reports/historical-data
2025-07-28,52932.72,Nifty Indices Historical Data — Total Returns Index Values,https://www.niftyindices.com/reports/historical-data
2025-07-29,53236.27,Nifty Indices Historical Data — Total Returns Index Values,https://www.niftyindices.com/reports/historical-data
2025-07-30,53209.61,Nifty Indices Historical Data — Total Returns Index Values,https://www.niftyindices.com/reports/historical-data
2025-07-31,53050.33,Nifty Indices Historical Data — Total Returns Index Values,https://www.niftyindices.com/reports/historical-data
2025-08-01,52501.09,Nifty Indices Historical Data — Total Returns Index Values,https://www.niftyindices.com/reports/historical-data
2025-08-04,53080.64,Nifty Indices Historical Data — Total Returns Index Values,https://www.niftyindices.com/reports/historical-data
2025-08-05,53078.46,Nifty Indices Historical Data — Total Returns Index Values,https://www.niftyindices.com/reports/historical-data
2025-08-06,52819.31,Nifty Indices Historical Data — Total Returns Index Values,https://www.niftyindices.com/reports/historical-data
2025-08-07,52897.19,Nifty Indices Historical Data — Total Returns Index Values,https://www.niftyindices.com/reports/historical-data
2025-08-08,52444.01,Nifty Indices Historical Data — Total Returns Index Values,https://www.niftyindices.com/reports/historical-data
2025-08-11,52948.46,Nifty Indices Historical Data — Total Returns Index Values,https://www.niftyindices.com/reports/historical-data
2025-08-12,52885.68,Nifty Indices Historical Data — Total Returns Index Values,https://www.niftyindices.com/reports/historical-data
2025-08-13,53339.28,Nifty Indices Historical Data — Total Returns Index Values,https://www.niftyindices.com/reports/historical-data
2025-08-14,53298.43,Nifty Indices Historical Data — Total Returns Index Values,https://www.niftyindices.com/reports/historical-data
2025-08-18,54121.74,Nifty Indices Historical Data — Total Returns Index Values,https://www.niftyindices.com/reports/historical-data
2025-08-19,54360.34,Nifty Indices Historical Data — Total Returns Index Values,https://www.niftyindices.com/reports/historical-data
2025-08-20,54533.6,Nifty Indices Historical Data — Total Returns Index Values,https://www.niftyindices.com/reports/historical-data
2025-08-21,54511.8,Nifty Indices Historical Data — Total Returns Index Values,https://www.niftyindices.com/reports/historical-data
2025-08-22,54049.91,Nifty Indices Historical Data — Total Returns Index Values,https://www.niftyindices.com/reports/historical-data
2025-08-25,54279.82,Nifty Indices Historical Data — Total Returns Index Values,https://www.niftyindices.com/reports/historical-data
2025-08-26,53738.21,Nifty Indices Historical Data — Total Returns Index Values,https://www.niftyindices.com/reports/historical-data
2025-08-28,53375.49,Nifty Indices Historical Data — Total Returns Index Values,https://www.niftyindices.com/reports/historical-data
2025-08-29,53311.51,Nifty Indices Historical Data — Total Returns Index Values,https://www.niftyindices.com/reports/historical-data
2025-09-01,53960.93,Nifty Indices Historical Data — Total Returns Index Values,https://www.niftyindices.com/reports/historical-data
2025-09-02,53996.3,Nifty Indices Historical Data — Total Returns Index Values,https://www.niftyindices.com/reports/historical-data
2025-09-03,54355.43,Nifty Indices Historical Data — Total Returns Index Values,https://www.niftyindices.com/reports/historical-data
2025-09-04,54297.62,Nifty Indices Historical Data — Total Returns Index Values,https://www.niftyindices.com/reports/historical-data
2025-09-05,54331.3,Nifty Indices Historical Data — Total Returns Index Values,https://www.niftyindices.com/reports/historical-data
2025-09-08,54425.21,Nifty Indices Historical Data — Total Returns Index Values,https://www.niftyindices.com/reports/historical-data
2025-09-09,54641.4,Nifty Indices Historical Data — Total Returns Index Values,https://www.niftyindices.com/reports/historical-data
2025-09-10,54910.3,Nifty Indices Historical Data — Total Returns Index Values,https://www.niftyindices.com/reports/historical-data
2025-09-11,54951.99,Nifty Indices Historical Data — Total Returns Index Values,https://www.niftyindices.com/reports/historical-data
2025-09-12,55155.16,Nifty Indices Historical Data — Total Returns Index Values,https://www.niftyindices.com/reports/historical-data
2025-09-15,54992.03,Nifty Indices Historical Data — Total Returns Index Values,https://www.niftyindices.com/reports/historical-data
2025-09-16,55362.9,Nifty Indices Historical Data — Total Returns Index Values,https://www.niftyindices.com/reports/historical-data
2025-09-17,55568.87,Nifty Indices Historical Data — Total Returns Index Values,https://www.niftyindices.com/reports/historical-data
2025-09-18,55721.12,Nifty Indices Historical Data — Total Returns Index Values,https://www.niftyindices.com/reports/historical-data
2025-09-19,55665.06,Nifty Indices Historical Data — Total Returns Index Values,https://www.niftyindices.com/reports/historical-data
2025-09-22,55492.33,Nifty Indices Historical Data — Total Returns Index Values,https://www.niftyindices.com/reports/historical-data
2025-09-23,55427.18,Nifty Indices Historical Data — Total Returns Index Values,https://www.niftyindices.com/reports/historical-data
2025-09-24,55190.07,Nifty Indices Historical Data — Total Returns Index Values,https://www.niftyindices.com/reports/historical-data
2025-09-25,54763.81,Nifty Indices Historical Data — Total Returns Index Values,https://www.niftyindices.com/reports/historical-data
2025-09-26,54111.6,Nifty Indices Historical Data — Total Returns Index Values,https://www.niftyindices.com/reports/historical-data
2025-09-29,54096.36,Nifty Indices Historical Data — Total Returns Index Values,https://www.niftyindices.com/reports/historical-data
2025-09-30,54112.91,Nifty Indices Historical Data — Total Returns Index Values,https://www.niftyindices.com/reports/historical-data
2025-10-01,54628.47,Nifty Indices Historical Data — Total Returns Index Values,https://www.niftyindices.com/reports/historical-data
2025-10-03,54742.65,Nifty Indices Historical Data — Total Returns Index Values,https://www.niftyindices.com/reports/historical-data
2025-10-06,55121.01,Nifty Indices Historical Data — Total Returns Index Values,https://www.niftyindices.com/reports/historical-data
2025-10-07,55068.55,Nifty Indices Historical Data — Total Returns Index Values,https://www.niftyindices.com/reports/historical-data
2025-10-08,54871.99,Nifty Indices Historical Data — Total Returns Index Values,https://www.niftyindices.com/reports/historical-data
2025-10-09,55267.76,Nifty Indices Historical Data — Total Returns Index Values,https://www.niftyindices.com/reports/historical-data
2025-10-10,55504.04,Nifty Indices Historical Data — Total Returns Index Values,https://www.niftyindices.com/reports/historical-data
2025-10-13,55379.06,Nifty Indices Historical Data — Total Returns Index Values,https://www.niftyindices.com/reports/historical-data
2025-10-14,55163.85,Nifty Indices Historical Data — Total Returns Index Values,https://www.niftyindices.com/reports/historical-data
2025-10-15,55664.83,Nifty Indices Historical Data — Total Returns Index Values,https://www.niftyindices.com/reports/historical-data
2025-10-16,56180.27,Nifty Indices Historical Data — Total Returns Index Values,https://www.niftyindices.com/reports/historical-data
2025-10-17,56306.55,Nifty Indices Historical Data — Total Returns Index Values,https://www.niftyindices.com/reports/historical-data
2025-10-20,56638.03,Nifty Indices Historical Data — Total Returns Index Values,https://www.niftyindices.com/reports/historical-data
2025-10-21,56708.01,Nifty Indices Historical Data — Total Returns Index Values,https://www.niftyindices.com/reports/historical-data
2025-10-23,56763.19,Nifty Indices Historical Data — Total Returns Index Values,https://www.niftyindices.com/reports/historical-data
2025-10-24,56514.41,Nifty Indices Historical Data — Total Returns Index Values,https://www.niftyindices.com/reports/historical-data
2025-10-27,56851.49,Nifty Indices Historical Data — Total Returns Index Values,https://www.niftyindices.com/reports/historical-data
2025-10-28,56801.41,Nifty Indices Historical Data — Total Returns Index Values,https://www.niftyindices.com/reports/historical-data
2025-10-29,57092.6,Nifty Indices Historical Data — Total Returns Index Values,https://www.niftyindices.com/reports/historical-data
2025-10-30,56767.09,Nifty Indices Historical Data — Total Returns Index Values,https://www.niftyindices.com/reports/historical-data
2025-10-31,56407.15,Nifty Indices Historical Data — Total Returns Index Values,https://www.niftyindices.com/reports/historical-data
2025-11-03,56555.98,Nifty Indices Historical Data — Total Returns Index Values,https://www.niftyindices.com/reports/historical-data
2025-11-04,56127.98,Nifty Indices Historical Data — Total Returns Index Values,https://www.niftyindices.com/reports/historical-data
2025-11-06,55803.32,Nifty Indices Historical Data — Total Returns Index Values,https://www.niftyindices.com/reports/historical-data
2025-11-07,55907.97,Nifty Indices Historical Data — Total Returns Index Values,https://www.niftyindices.com/reports/historical-data
2025-11-10,55957.69,Nifty Indices Historical Data — Total Returns Index Values,https://www.niftyindices.com/reports/historical-data
2025-11-11,56202.42,Nifty Indices Historical Data — Total Returns Index Values,https://www.niftyindices.com/reports/historical-data
2025-11-12,56742.09,Nifty Indices Historical Data — Total Returns Index Values,https://www.niftyindices.com/reports/historical-data
2025-11-13,56696.46,Nifty Indices Historical Data — Total Returns Index Values,https://www.niftyindices.com/reports/historical-data
2025-11-14,56782.94,Nifty Indices Historical Data — Total Returns Index Values,https://www.niftyindices.com/reports/historical-data
2025-11-17,56980.09,Nifty Indices Historical Data — Total Returns Index Values,https://www.niftyindices.com/reports/historical-data
2025-11-18,56639.13,Nifty Indices Historical Data — Total Returns Index Values,https://www.niftyindices.com/reports/historical-data
2025-11-19,56921.74,Nifty Indices Historical Data — Total Returns Index Values,https://www.niftyindices.com/reports/historical-data
2025-11-20,57149.87,Nifty Indices Historical Data — Total Returns Index Values,https://www.niftyindices.com/reports/historical-data
2025-11-21,56879.57,Nifty Indices Historical Data — Total Returns Index Values,https://www.niftyindices.com/reports/historical-data
2025-11-24,56593.61,Nifty Indices Historical Data — Total Returns Index Values,https://www.niftyindices.com/reports/historical-data
2025-11-25,56512.99,Nifty Indices Historical Data — Total Returns Index Values,https://www.niftyindices.com/reports/historical-data
2025-11-26,57230.44,Nifty Indices Historical Data — Total Returns Index Values,https://www.niftyindices.com/reports/historical-data
2025-11-27,57100.95,Nifty Indices Historical Data — Total Returns Index Values,https://www.niftyindices.com/reports/historical-data
2025-11-28,57051.62,Nifty Indices Historical Data — Total Returns Index Values,https://www.niftyindices.com/reports/historical-data
2025-12-01,57028.83,Nifty Indices Historical Data — Total Returns Index Values,https://www.niftyindices.com/reports/historical-data
2025-12-02,56863.55,Nifty Indices Historical Data — Total Returns Index Values,https://www.niftyindices.com/reports/historical-data
2025-12-03,56510.44,Nifty Indices Historical Data — Total Returns Index Values,https://www.niftyindices.com/reports/historical-data
2025-12-04,56693.35,Nifty Indices Historical Data — Total Returns Index Values,https://www.niftyindices.com/reports/historical-data
2025-12-05,57032.13,Nifty Indices Historical Data — Total Returns Index Values,https://www.niftyindices.com/reports/historical-data
2025-12-08,56306.16,Nifty Indices Historical Data — Total Returns Index Values,https://www.niftyindices.com/reports/historical-data
2025-12-09,56089.91,Nifty Indices Historical Data — Total Returns Index Values,https://www.niftyindices.com/reports/historical-data
2025-12-10,55969.15,Nifty Indices Historical Data — Total Returns Index Values,https://www.niftyindices.com/reports/historical-data
2025-12-11,56329.63,Nifty Indices Historical Data — Total Returns Index Values,https://www.niftyindices.com/reports/historical-data
2025-12-12,56689.21,Nifty Indices Historical Data — Total Returns Index Values,https://www.niftyindices.com/reports/historical-data
2025-12-15,56670.4,Nifty Indices Historical Data — Total Returns Index Values,https://www.niftyindices.com/reports/historical-data
2025-12-16,56246.37,Nifty Indices Historical Data — Total Returns Index Values,https://www.niftyindices.com/reports/historical-data
2025-12-17,56182.37,Nifty Indices Historical Data — Total Returns Index Values,https://www.niftyindices.com/reports/historical-data
2025-12-18,56201.68,Nifty Indices Historical Data — Total Returns Index Values,https://www.niftyindices.com/reports/historical-data
2025-12-19,56605.01,Nifty Indices Historical Data — Total Returns Index Values,https://www.niftyindices.com/reports/historical-data
2025-12-22,57080.3,Nifty Indices Historical Data — Total Returns Index Values,https://www.niftyindices.com/reports/historical-data
2025-12-23,57150.26,Nifty Indices Historical Data — Total Returns Index Values,https://www.niftyindices.com/reports/historical-data
2025-12-24,57097.53,Nifty Indices Historical Data — Total Returns Index Values,https://www.niftyindices.com/reports/historical-data
2025-12-26,56914.08,Nifty Indices Historical Data — Total Returns Index Values,https://www.niftyindices.com/reports/historical-data
2025-12-29,56720.04,Nifty Indices Historical Data — Total Returns Index Values,https://www.niftyindices.com/reports/historical-data
2025-12-30,56723.25,Nifty Indices Historical Data — Total Returns Index Values,https://www.niftyindices.com/reports/historical-data
2025-12-31,57248.7,Nifty Indices Historical Data — Total Returns Index Values,https://www.niftyindices.com/reports/historical-data
