bcEndDate,bcStartDate,caBroadcastDate,comp,exDate,faceVal,ind,isin,ndEndDate,ndStartDate,recDate,series,subject,symbol
-,-,,Aarti Industries Limited,04-Jan-2018,5,-,INE769A01020,-,-,05-Jan-2018,EQ, Buyback,AARTIIND
-,-,,Technocraft Industries (India) Limited,11-Jan-2018,10,-,INE545H01011,-,-,12-Jan-2018,EQ, Buyback,TIIL
-,-,,Swaraj Engines Limited,11-Jan-2018,10,-,INE277A01016,-,-,12-Jan-2018,EQ, Buyback,SWARAJENG
-,-,,Orient Paper & Industries Limited,11-Jan-2018,1,-,INE592A01026,-,-,12-Jan-2018,EQ, Scheme Of Arrangement,ORIENTPPR
-,-,,Bil Energy Systems Limited,11-Jan-2018,1,-,INE607L01011,-,-,13-Jan-2018,EQ, Bonus 1:1,BILENERGY
25-Jan-2018,18-Jan-2018,,Urja Global Limited,16-Jan-2018,1,-,INE550C01020,-,-,-,EQ, Extraordinary General Meeting,URJA
-,-,,Goa Carbon Limited,16-Jan-2018,10,-,INE426D01013,-,-,17-Jan-2018,EQ, Interim Dividend - Rs 5/- Per Share,GOACARBON
-,-,,SJVN Limited,17-Jan-2018,10,-,INE002L01015,-,-,18-Jan-2018,EQ, Buyback,SJVN
-,-,,SHREE CEMENT LIMITED,18-Jan-2018,10,-,INE070A01015,-,-,19-Jan-2018,EQ, Interim Dividend - Rs 20 Per Share (Purpose Revised),SHREECEM
-,-,,GAIL (India) Limited,18-Jan-2018,10,-,INE129A01019,-,-,20-Jan-2018,EQ, Interim Dividend - Rs 7.65 Per Share (Purpose Revised),GAIL
-,-,,Aarti Drugs Limited,18-Jan-2018,10,-,INE767A01016,-,-,19-Jan-2018,EQ, Buyback,AARTIDRUGS
-,-,,Orbit Exports Limited,18-Jan-2018,10,-,INE231G01010,-,-,19-Jan-2018,EQ, Buyback,ORBTEXP
-,-,,Tata Consultancy Services Limited,22-Jan-2018,1,-,INE467B01029,-,-,23-Jan-2018,EQ, Interim Dividend - Rs 7 Per Share,TCS
-,-,,IndiGrid Infrastructure Trust,22-Jan-2018,100,-,INE219X23014,-,-,23-Jan-2018,IV, Third Distribution- Rs 2.89 Per Unit,INDIGRID
-,-,,Bajaj Consumer Care Limited,22-Jan-2018,1,-,INE933K01021,-,-,23-Jan-2018,EQ, Interim Dividend - Rs 12 Per Share,BAJAJCON
-,-,,Landsmill Green Limited,23-Jan-2018,1,-,INE688J01023,-,-,24-Jan-2018,EQ, Bonus 2:1,LANDSMILL
-,-,,MindTree Limited,24-Jan-2018,10,-,INE018I01017,-,-,25-Jan-2018,EQ, Interim Dividend Rs 2/- Per Share (Purpose Revised),MINDTREE
06-Feb-2018,30-Jan-2018,,Siemens Limited,25-Jan-2018,2,-,INE003A01024,-,-,-,EQ, Dividend- Rs 7/- Per Share,SIEMENS
-,-,,HCL Technologies Limited,29-Jan-2018,2,-,INE860A01027,-,-,30-Jan-2018,EQ, Interim Dividend - Rs 2 Per Share (Purpose Revised),HCLTECH
-,-,,Sasken Technologies Limited,30-Jan-2018,10,-,INE231F01020,-,-,31-Jan-2018,EQ, Interim Dividend - Rs 3 Per Share (Purpose Revised),SASKEN
-,-,,Gayatri Projects Limited,30-Jan-2018,2,-,INE336H01015,-,-,31-Jan-2018,EQ, Scheme Of Arrangement,GAYAPROJ
-,-,,Zensar Technologies Limited,30-Jan-2018,2,-,INE520A01019,-,-,31-Jan-2018,EQ, Interim Dividend - Rs 5 Per Share,ZENSARTECH
-,-,,Cyient Limited,30-Jan-2018,5,-,INE136B01020,-,-,31-Jan-2018,EQ, Interim Dividend - Rs 4 Per Share,CYIENT
-,-,,Bharti Airtel Limited,30-Jan-2018,5,-,INE397D01024,-,-,31-Jan-2018,EQ, Interim Dividend - Rs 2.84 Per Share,BHARTIARTL
-,-,,Kewal Kiran Clothing Limited,30-Jan-2018,10,-,INE401H01017,-,-,31-Jan-2018,EQ, Interim Dividend - Rs 9.50 Per Share,KKCL
-,-,,Piramal Enterprises Limited,31-Jan-2018,2,-,INE140A01024,-,-,01-Feb-2018,EQ, Rights 1:23 @ Premium Rs 2378/-,PEL
-,-,,JM Financial Limited,31-Jan-2018,1,-,INE780C01023,-,-,01-Feb-2018,EQ, Interim Dividend - Re 0.70 Per Share,JMFINANCIL
-,-,,Nippon Life India Asset Management Limited,31-Jan-2018,10,-,INE298J01013,-,-,01-Feb-2018,EQ, Interim Dividend - Rs 5 Per Share,NAM-INDIA
-,-,,Wipro Limited,31-Jan-2018,2,-,INE075A01022,-,-,01-Feb-2018,EQ, Interim Dividend - Re 1 Per Share (Purpose Revised),WIPRO
-,-,,Tata Steel Limited,31-Jan-2018,1,-,INE081A01012,-,-,01-Feb-2018,EQ, Rights - 4:25 Fully Paid Up Shares @ Premium Rs 500/- Per Share / 2:25 Partly Paid Up Shares @ Premium Rs 605/- Per Share,TATASTEEL
-,-,,IRB InvIT Fund,01-Feb-2018,102,-,INE183W23014,-,-,02-Feb-2018,IV, Third Distribution -Interest Payment - Rs 2.20 Per Unit/ Return Of Capital -Re 0.80 Per Unit,IRBINVIT
-,-,,Sammaan Capital Limited,01-Feb-2018,2,-,INE148I01020,-,-,03-Feb-2018,EQ, Interim Dividend - Rs 14 Per Share,SAMMAANCAP
-,-,,Symphony Limited,01-Feb-2018,2,-,INE225D01019,-,-,02-Feb-2018,EQ, Interim Dividend - Re 1 Per Share (Purpose Revised),SYMPHONY
-,-,,Sundaram Finance Limited,01-Feb-2018,10,-,INE660A01013,-,-,02-Feb-2018,EQ, Scheme Of Arrangement,SUNDARMFIN
-,-,,Kirloskar Oil Engines Limited,01-Feb-2018,2,-,INE146L01010,-,-,02-Feb-2018,EQ, Interim Dividend - Rs 2.50 Per Share,KIRLOSENG
-,-,,Rane (Madras) Limited,01-Feb-2018,10,-,INE050H01012,-,-,03-Feb-2018,EQ, Interim Dividend - Rs 4.50 Per Share,RML
-,-,,Edelweiss Financial Services Limited,02-Feb-2018,1,-,INE532F01047,-,-,05-Feb-2018,EQ, Interim Dividend - Rs 1.05 Per Share,EDELWEISS
-,-,,eClerx Services Limited,02-Feb-2018,10,-,INE738I01010,-,-,05-Feb-2018,EQ, Buyback,ECLERX
-,-,,Persistent Systems Limited,02-Feb-2018,5,-,INE262H01013,-,-,05-Feb-2018,EQ, Interim Dividend - Rs 7/- Per Share (Purpose Revised),PERSISTENT
-,-,,BirlaNu Limited,05-Feb-2018,10,-,INE557A01011,-,-,06-Feb-2018,EQ, Interim Dividend - Rs 10 Per Share,BIRLANU
-,-,,Trident Limited,05-Feb-2018,1,-,INE064C01014,-,-,06-Feb-2018,EQ, Interim Dividend Re 0.60 Per Share (Purpose Revised),TRIDENT
-,-,,Motilal Oswal Financial Services Limited,05-Feb-2018,1,-,INE338I01027,-,-,06-Feb-2018,EQ, Interim Dividend - Rs 4 Per Share,MOTILALOFS
-,-,,Godrej Consumer Products Limited,06-Feb-2018,1,-,INE102D01028,-,-,07-Feb-2018,EQ, Interim Dividend -Re 1/- Per Share (Purpose Revised),GODREJCP
-,-,,VIP Industries Limited,06-Feb-2018,2,-,INE054A01019,-,-,07-Feb-2018,EQ, Interim Dividend - Re 1 Per Share,VIPIND
-,-,,Suven Life Sciences Limited,06-Feb-2018,1,-,INE495B01038,-,-,07-Feb-2018,EQ, Interim Dividend - Rs 1.50 Per Share (Purpose Revised),SUVEN
-,-,,Container Corporation of India Limited,06-Feb-2018,5,-,INE111A01017,-,-,07-Feb-2018,EQ, Interim Dividend - Rs 9.60 Per Share,CONCOR
-,-,,NTPC Limited,07-Feb-2018,10,-,INE733E01010,-,-,08-Feb-2018,EQ, Interim Dividend Rs 2.73 Per Share (Purpose Revised),NTPC
-,-,,IIFL Finance Limited,07-Feb-2018,2,-,INE530B01024,-,-,08-Feb-2018,EQ, Interim Dividend Rs 5/- Per Share (Purpose Revised),IIFL
-,-,,Wendt (India) Limited,07-Feb-2018,10,-,INE274C01019,-,-,08-Feb-2018,EQ, Interim Dividend - Rs 10 Per Share,WENDT
-,-,,SIS LIMITED,07-Feb-2018,5,-,INE285J01010,-,-,08-Feb-2018,EQ, Interim Dividend - Rs 2/- Per Share,SIS
-,-,,Rane Brake Lining Limited,07-Feb-2018,10,-,INE244J01017,-,-,08-Feb-2018,EQ, Interim Dividend Rs 6.50 Per Share,RBL
-,-,,TCI Express Limited,07-Feb-2018,2,-,INE586V01016,-,-,08-Feb-2018,EQ, Interim Dividend Re 1/- Per Share (Purpose Revised),TCIEXP
-,-,,Antelopus Selan Energy Limited,08-Feb-2018,10,-,INE818A01017,-,-,10-Feb-2018,EQ, Interim Dividend Rs 5/- Per Share (Purpose Revised),ANTELOPUS
-,-,,Savita Oil Technologies Limited,08-Feb-2018,2,-,INE035D01012,-,-,09-Feb-2018,EQ, Buyback,SOTL
-,-,,Bharat Electronics Limited,08-Feb-2018,1,-,INE263A01016,-,-,09-Feb-2018,EQ, Interim Dividend Rs 1.60 Per Share,BEL
-,-,,India Nippon Electricals Limited,08-Feb-2018,5,-,INE092B01017,-,-,09-Feb-2018,EQ, Interim Dividend - Rs 6/- Per Share,INDNIPPON
-,-,,Control Print Limited,08-Feb-2018,10,-,INE663B01015,-,-,09-Feb-2018,EQ, Interim Dividend Rs 3/- Per Share (Purpose Revised),CONTROLPR
-,-,,Dhampur Sugar Mills Limited,08-Feb-2018,10,-,INE041A01016,-,-,09-Feb-2018,EQ, Interim Dividend Rs 3/- Per Share (Purpose Revised),DHAMPURSUG
-,-,,Power Grid Corporation of India Limited,08-Feb-2018,10,-,INE752E01010,-,-,09-Feb-2018,EQ, Interim Dividend Rs 2.45 Per Share (Purpose Revised),POWERGRID
-,-,,Bharat Electronics Limited,08-Feb-2018,1,-,INE263A01016,-,-,09-Feb-2018,EQ, Buyback,BEL
-,-,,Indian Oil Corporation Limited,08-Feb-2018,10,-,INE242A01010,-,-,09-Feb-2018,EQ, Interim Dividend Rs 19/- Per Share,IOC
-,-,,Gandhi Special Tubes Limited,08-Feb-2018,5,-,INE524B01027,-,-,09-Feb-2018,EQ, Buyback,GANDHITUBE
-,-,,Aegis Logistics Limited,09-Feb-2018,1,-,INE208C01025,-,-,12-Feb-2018,EQ, Interim Dividend Re 0.50 Per Share (Purpose Revised),AEGISLOG
-,-,,MRF Limited,09-Feb-2018,10,-,INE883A01011,-,-,13-Feb-2018,EQ, Interim Dividend Rs 3/- Per Share,MRF
-,-,,Info Edge (India) Limited,09-Feb-2018,2,-,INE663F01024,-,-,12-Feb-2018,EQ, Interim Dividend Rs 1.50 Per Share (Purpose Revised),NAUKRI
-,-,,Dhani Services Limited,09-Feb-2018,2,-,INE274G01010,-,-,12-Feb-2018,EQ, Rights 3:16 @ Premium Rs 238/-,DHANI
-,-,,Pidilite Industries Limited,09-Feb-2018,1,-,INE318A01026,-,-,12-Feb-2018,EQ, Buyback,PIDILITIND
-,-,,CARE Ratings Limited,09-Feb-2018,10,-,INE752H01013,-,-,12-Feb-2018,EQ, Interim Dividend Rs 6/- Per Share,CARERATING
-,-,,Cholamandalam Investment and Finance Company Limited,09-Feb-2018,2,-,INE121A01016,-,-,12-Feb-2018,EQ, Interim Dividend Rs 4.50 Per Share,CHOLAFIN
-,-,,Alicon Castalloy Limited,09-Feb-2018,5,-,INE062D01024,-,-,12-Feb-2018,EQ, Interim Dividend Rs 2/- Per Share,ALICON
-,-,,Orient Paper & Industries Limited,12-Feb-2018,1,-,INE592A01026,-,-,14-Feb-2018,EQ, Interim Dividend Re 0.40 Per Share,ORIENTPPR
22-Feb-2018,15-Feb-2018,,Nitco Limited,12-Feb-2018,10,-,INE858F01012,-,-,-,EQ, Extra-Ordinary General Meeting,NITCO
-,-,,Accelya Solutions India Limited,14-Feb-2018,10,-,INE793A01012,-,-,15-Feb-2018,EQ, Interm Dividend Rs 14/- Per Share,ACCELYA
-,-,,SPR Auto Technologies Limited,14-Feb-2018,10,-,INE526E01018,-,-,15-Feb-2018,EQ, Interim Dividend Rs 4/- Per Share,SHRIPISTON
-,-,,Greaves Cotton Limited,14-Feb-2018,2,-,INE224A01018,-,-,15-Feb-2018,EQ, Interim Dividend Rs 4/- Per Share (Purpose Revised),GREAVESCOT
-,-,,Harita Seating Systems Limited,14-Feb-2018,10,-,INE939D01015,-,-,15-Feb-2018,EQ, Interim Dividend Rs 4/- Per Share (Purpose Revised),HARITASEAT
-,-,,TAKE Limited,15-Feb-2018,1,-,INE142I01023,-,-,19-Feb-2018,EQ, Interim Dividend Re 0.30 Per Share (Purpose Revised),TAKE
-,-,,Cummins India Limited,15-Feb-2018,2,-,INE298A01020,-,-,16-Feb-2018,EQ, Interim Dividend Rs 5/- Per Share,CUMMINSIND
-,-,,Thyrocare Technologies Limited,15-Feb-2018,10,-,INE594H01019,-,-,16-Feb-2018,EQ, Interim Dividend Rs 5/- Per Share,THYROCARE
-,-,,REC Limited,15-Feb-2018,10,-,INE020B01018,-,-,19-Feb-2018,EQ, Interim Dividend Rs 7.40 Per Share,RECLTD
-,-,,Muthoot Finance Limited,15-Feb-2018,10,-,INE414G01012,-,-,19-Feb-2018,EQ, Interim Dividend Rs 10/- Per Share (Purpose Revised),MUTHOOTFIN
-,-,,Cholamandalam Financial Holdings Limited,15-Feb-2018,1,-,INE149A01033,-,-,19-Feb-2018,EQ, Interim Dividend Re 0.60 Per Share,CHOLAHLDNG
-,-,,Bharat Heavy Electricals Limited,15-Feb-2018,2,-,INE257A01018,-,-,17-Feb-2018,EQ, Interim Dividend Re 0.80 Per Share (Purpose Revised),BHEL
-,-,,The Hi-Tech Gears Limited,15-Feb-2018,10,-,INE127B01011,-,-,16-Feb-2018,EQ, Interim Dividend Rs 1.50 Per Share,HITECHGEAR
-,-,,Hero MotoCorp Limited,15-Feb-2018,2,-,INE158A01026,-,-,17-Feb-2018,EQ, Interim Dividend Rs 55/- Per Share,HEROMOTOCO
-,-,,Graphite India Limited,15-Feb-2018,2,-,INE371A01025,-,-,16-Feb-2018,EQ, Interim Dividend Rs 5/- Per Share,GRAPHITE
-,-,,Wheels India Limited,15-Feb-2018,10,-,INE715A01015,-,-,19-Feb-2018,EQ, Interim Dividend Rs 6/- Per Share,WHEELS
-,-,,Transport Corporation of India Limited,15-Feb-2018,2,-,INE688A01022,-,-,17-Feb-2018,EQ, Interim Dividend Re 1/- Per Share (Purpose Revised),TCI
-,-,,Unichem Laboratories Limited,15-Feb-2018,2,-,INE351A01019,-,-,16-Feb-2018,EQ, Buyback,UNICHEMLAB
-,-,,Rane Holdings Limited,15-Feb-2018,10,-,INE384A01010,-,-,17-Feb-2018,EQ, Interim Dividend Rs 5.50 Per Share,RANEHOLDIN
-,-,,Shanthi Gears Limited,15-Feb-2018,1,-,INE631A01022,-,-,19-Feb-2018,EQ, Interim Dividend Re 1/- Per Share,SHANTIGEAR
-,-,,HEG Advanced Materials Limited,15-Feb-2018,2,-,INE545A01024,-,-,19-Feb-2018,EQ, Interim Dividend Rs 30/- Per Share (Purpose Revised),HEGAM
-,-,,Torrent Pharmaceuticals Limited,15-Feb-2018,5,-,INE685A01028,-,-,19-Feb-2018,EQ, Interim Dividend Rs 9/- Per Share (Purpose Revised),TORNTPHARM
23-Feb-2018,17-Feb-2018,,Tijaria Polypipes Limited,15-Feb-2018,10,-,INE440L01017,-,-,-,EQ, Extra-Oirdinary General Meeting,TIJARIA
23-Feb-2018,19-Feb-2018,,TECIL Chemicals and Hydro Power Limited,15-Feb-2018,10,-,INE346301018,-,-,-,EQ, Extra-Ordinary General Meeting,TECILCHEM
-,-,,AVT Natural Products Limited,15-Feb-2018,1,-,INE488D01013,-,-,16-Feb-2018,EQ, Interim Dividend Re 0.20 Per Share,AVTNPL
-,-,,Natco Pharma Limited,15-Feb-2018,2,-,INE987B01018,-,-,17-Feb-2018,EQ, Interim Dividend Rs 7/- Per Share,NATCOPHARM
-,-,,IRB Infrastructure Developers Limited,15-Feb-2018,1,-,INE821I01014,-,-,16-Feb-2018,EQ, Interim Dividend Rs 2.50 Per Share (Purpose Revised),IRB
-,-,,Page Industries Limited,15-Feb-2018,10,-,INE761H01022,-,-,17-Feb-2018,EQ, Interim Dividend Rs 35/- Per Share (Purpose Revised),PAGEIND
-,-,,BSE Limited,15-Feb-2018,2,-,INE118H01025,-,-,17-Feb-2018,EQ, Interim Dividend Rs 5/- Per Share,BSE
-,-,,SRF Limited,15-Feb-2018,10,-,INE647A01010,-,-,16-Feb-2018,EQ, Interim Dividend Rs 6/- Per Share (Purpose Revised),SRF
-,-,,MOIL Limited,16-Feb-2018,10,-,INE490G01020,-,-,20-Feb-2018,EQ, Buyback,MOIL
-,-,,National Aluminium Company Limited,16-Feb-2018,5,-,INE139A01026,-,-,20-Feb-2018,EQ, Interim Dividend - Rs 4.70 Per Share (Purpose Revised),NATIONALUM
-,-,,MOIL Limited,16-Feb-2018,10,-,INE490G01020,-,-,20-Feb-2018,EQ, Interim Dividend - Rs 3 Per Share (Purpose Revised),MOIL
-,-,,Marico Limited,16-Feb-2018,1,-,INE196A01026,-,-,20-Feb-2018,EQ, Interim Dividend - Rs 2.50 Per Share (Purpose Revised),MARICO
-,-,,Sun TV Network Limited,16-Feb-2018,5,-,INE424H01027,-,-,20-Feb-2018,EQ, Interim Dividend - Rs 2.5 Per Share (Purpose Revised),SUNTV
-,-,,Alkem Laboratories Limited,16-Feb-2018,2,-,INE540L01014,-,-,20-Feb-2018,EQ, Interim Dividend - Rs 6 Per Share (Purpose Revised),ALKEM
-,-,,Hexaware Technologies Limited,16-Feb-2018,2,-,INE093A01033,-,-,20-Feb-2018,EQ, Interim Dividend Re 1/- Per Share,HEXAWARE
-,-,,Gulf Oil Lubricants India Limited,16-Feb-2018,2,-,INE635Q01029,-,-,20-Feb-2018,EQ, Interim Dividend Rs 4/- Per Share,GULFOILLUB
-,-,,Aurobindo Pharma Limited,20-Feb-2018,1,-,INE406A01029,-,-,21-Feb-2018,EQ, Interim Dividend Re 1/- Per Share,AUROPHARMA
-,-,,Sterling Tools Limited,20-Feb-2018,2,-,INE334A01015,-,-,21-Feb-2018,EQ, Interim Dividend - Re 1 Per Share (Purpose Revised),STERTOOLS
-,-,,Manappuram Finance Limited,20-Feb-2018,2,-,INE522D01027,-,-,21-Feb-2018,EQ, Interim Dividend Re 0.50 Per Share,MANAPPURAM
-,-,,Sharda Motor Industries Limited,20-Feb-2018,2,-,INE597I01010,-,-,21-Feb-2018,EQ, Interim Dividend - Rs 6.25 Per Share (Purpose Revised),SHARDAMOTR
-,-,,Granules India Limited,20-Feb-2018,1,-,INE101D01012,-,-,21-Feb-2018,EQ, Interim Dividend Re 0.25 Per Share,GRANULES
-,-,,Mahanagar Gas Limited,20-Feb-2018,10,-,INE002S01010,-,-,21-Feb-2018,EQ, Interim Dividend - Rs 8 Per Share (Purpose Revised),MGL
-,-,,NHPC Limited,20-Feb-2018,10,-,INE848E01016,-,-,21-Feb-2018,EQ, Interim Dividend - Rs 1.12 Per Share (Purpose Revised),NHPC
-,-,,GPT Infraprojects Limited,20-Feb-2018,10,-,INE390G01014,-,-,21-Feb-2018,EQ, Interim Dividend Re 1/- Per Share,GPTINFRA
-,-,,SJVN Limited,21-Feb-2018,10,-,INE002L01015,-,-,22-Feb-2018,EQ, Interim Dividend - Rs 1.90 Per Share,SJVN
-,-,,Rico Auto Industries Limited,21-Feb-2018,1,-,INE209B01025,-,-,22-Feb-2018,EQ, Interim Dividend - Re 0.40 Per Share,RICOAUTO
-,-,,Oil India Limited,21-Feb-2018,10,-,INE274J01014,-,-,22-Feb-2018,EQ, Interim Dividend - Rs 14 Per Share,OIL
-,-,,Balkrishna Industries Limited,21-Feb-2018,2,-,INE787D01018,-,-,22-Feb-2018,EQ, Interim Dividend - Rs 1.50 Per Share (Purpose Revised),BALKRISIND
-,-,,Alankit Limited,21-Feb-2018,1,-,INE914E01024,-,-,22-Feb-2018,EQ, Interim Dividend - Re 0.20 Per Share,ALANKIT
-,-,,Ashapura Intimates Fashion Limited,21-Feb-2018,10,-,INE428O01016,-,-,22-Feb-2018,EQ, Interim Dividend - Re 0.50 Per Share,AIFL
-,-,,Hikal Limited,21-Feb-2018,2,-,INE475B01014,-,-,22-Feb-2018,EQ, Interim Dividend Re 0.70 Per Share,HIKAL
-,-,,Fineotex Chemical Limited,21-Feb-2018,1,-,INE045J01018,-,-,22-Feb-2018,EQ, Interim Dividend - Re 0.20 Per Share (Purpose Revised),FCL
-,-,,NCL Industries Limited,21-Feb-2018,10,-,INE732C01016,-,-,22-Feb-2018,EQ, Interim Dividend - Re 1 Per Share,NCLIND
-,-,,Minda Corporation Limited,22-Feb-2018,2,-,INE842C01013,-,-,23-Feb-2018,EQ, Interim Dividend - Re 0.25 Per Share,MINDACORP
-,-,,UNO Minda Limited,22-Feb-2018,2,-,INE405E01023,-,-,23-Feb-2018,EQ, Interim Dividend - Rs 1.20 Per Share,UNOMINDA
-,-,,Precision Wires India Limited,22-Feb-2018,1,-,INE372C01011,-,-,23-Feb-2018,EQ, Interim Dividend - Rs 2 Per Share,PRECWIRE
-,-,,Hinduja Global Solutions Limited,22-Feb-2018,10,-,INE170I01016,-,-,23-Feb-2018,EQ, Interim Dividend Rs 2.50 Per Share,HGS
-,-,,Amrutanjan Health Care Limited,22-Feb-2018,1,-,INE098F01015,-,-,23-Feb-2018,EQ, Interim Dividend - Rs 1.10 Per Share,AMRUTANJAN
-,-,,Centum Electronics Limited,22-Feb-2018,10,-,INE320B01020,-,-,23-Feb-2018,EQ, Interim Dividend - Re 1 Per Share,CENTUM
-,-,,Bharat Petroleum Corporation Limited,22-Feb-2018,10,-,INE029A01011,-,-,24-Feb-2018,EQ, Interim Dividend - Rs 14 Per Share,BPCL
-,-,,The Sandesh Limited,22-Feb-2018,10,-,INE583B01015,-,-,23-Feb-2018,EQ, Interim Dividend - Rs 5 Per Share,SANDESH
-,-,,Suprajit Engineering Limited,22-Feb-2018,1,-,INE399C01030,-,-,23-Feb-2018,EQ, Interim Dividend - Re 0.60 Per Share,SUPRAJIT
-,-,,Tube Investments of India Limited,22-Feb-2018,1,-,INE974X01010,-,-,23-Feb-2018,EQ, Interim Dividend - Rs 1.25 Per Share,TIINDIA
-,-,,Sudarshan Chemical Industries Limited,22-Feb-2018,2,-,INE659A01015,-,-,23-Feb-2018,EQ, Interim Dividend Rs 2.50 Per Share,SUDARSCHEM
-,-,,Indo Count Industries Limited,22-Feb-2018,2,-,INE483B01018,-,-,23-Feb-2018,EQ, Interim Dividend - Re 0.40 Per Share (Purpose Revised),ICIL
-,-,,Carborundum Universal Limited,23-Feb-2018,1,-,INE120A01026,-,-,26-Feb-2018,EQ, Interim Dividend - Re 1 Per Share,CARBORUNIV
-,-,,Dhanuka Agritech Limited,23-Feb-2018,2,-,INE435G01025,-,-,26-Feb-2018,EQ, Interim Dividend - Rs 2 Per Share,DHANUKA
-,-,,FDC Limited,26-Feb-2018,1,-,INE258B01022,-,-,27-Feb-2018,EQ, Buyback,FDC
-,-,,AvenuesAI Limited,26-Feb-2018,1,-,INE483S01020,-,-,27-Feb-2018,EQ, Interim Dividend - Re 0.10 Per Share (Purpose Revised),CCAVENUE
-,-,,OM INFRA LIMITED,27-Feb-2018,1,-,INE239D01028,-,-,28-Feb-2018,EQ, Interim Dividend - Re 0.35 Per Share,OMINFRAL
-,-,,Vidhi Specialty Food Ingredients Limited,27-Feb-2018,1,-,INE632C01026,-,-,28-Feb-2018,EQ, Interim Dividend - Re 0.20 Per Share,VIDHIING
-,-,,Mayur Uniquoters Ltd,28-Feb-2018,5,-,INE040D01012,-,-,03-Mar-2018,EQ, Interim Dividend - Re 0.40 Per Share,MAYURUNIQ
-,-,,IDFC First Bank Limited,28-Feb-2018,5000,-,INE092T01019,-,-,01-Mar-2018,HB, Interest Payment,IDFCFIRSTB
-,-,,Hindustan Petroleum Corporation Limited,28-Feb-2018,10,-,INE094A01015,-,-,01-Mar-2018,EQ, Interim Dividend - 14.50 Per Share,HINDPETRO
-,-,,Shilpa Medicare Limited,01-Mar-2018,1,-,INE790G01023,-,-,05-Mar-2018,EQ, Interim Dividend Re 0.70 Per Share (Purpose Revised),SHILPAMED
-,-,,Balrampur Chini Mills Limited,05-Mar-2018,1,-,INE119A01028,-,-,06-Mar-2018,EQ, Buyback,BALRAMCHIN
-,-,,K.P.R. Mill Limited,06-Mar-2018,1,-,INE930H01015,-,-,07-Mar-2018,EQ, Buyback,KPRMILL
-,-,,Power Finance Corporation Limited,06-Mar-2018,10,-,INE134E01011,-,-,07-Mar-2018,EQ, Interim Dividend - Rs 1.80 Per Share (Purpose Revised),PFC
-,-,,TVS Motor Company Limited,06-Mar-2018,1,-,INE494B01015,-,-,07-Mar-2018,EQ, Interim Dividend - Rs 1.30 Per Share (Purpose Revised),TVSMOTOR
-,-,,DCM Shriram Limited,07-Mar-2018,2,-,INE499A01024,-,-,08-Mar-2018,EQ, Interim Dividend - Rs 3.40 Per Share,DCMSHRIRAM
-,-,,Housing & Urban Development Corporation Limited,08-Mar-2018,10,-,INE031A07873,-,-,09-Mar-2018,EQ, Interim Dividend - Re 0.55 Per Share (Purpose Revised),HUDCO
-,-,,CESC Limited,08-Mar-2018,1,-,INE486A01013,-,-,09-Mar-2018,EQ, Interim Dividend - Rs 12 Per Share (Purpose Revised),CESC
-,-,,Standard Chartered PLC,08-Mar-2018,,-,INE028L21018,-,-,09-Mar-2018,DR, Dividend,STAN
-,-,,IDFC First Bank Limited,08-Mar-2018,5000,-,INE092T01019,-,-,09-Mar-2018,HD, Interest Payment,IDFCFIRSTB
21-Mar-2018,14-Mar-2018,,Gammon India Limited,12-Mar-2018,2,-,INE259B01020,-,-,-,EQ, Annual General Meeting,GAMMONIND
22-Mar-2018,15-Mar-2018,,DIC India Limited,13-Mar-2018,10,-,INE303A01010,-,-,-,EQ, Annual General Meeting,DICIND
-,-,,Oil & Natural Gas Corporation Limited,13-Mar-2018,5,-,INE213A01011,-,-,14-Mar-2018,EQ, Interim Dividend - Rs 2.25 Per Share (Purpose Revised),ONGC
-,-,,Indian Oil Corporation Limited,15-Mar-2018,10,-,INE242A01010,-,-,17-Mar-2018,EQ, Bonus 1:1,IOC
-,-,,NBCC (India) Limited,15-Mar-2018,1,-,INE095N01015,-,-,16-Mar-2018,EQ, Interim Dividend - Re 0.55 Per Share (Purpose Revised),NBCC
-,-,,Coal India Limited,16-Mar-2018,10,-,INE522F01014,-,-,19-Mar-2018,EQ, Interim Dividend Rs 16.50 Per Share (Purpose And Date Revised),COALINDIA
-,-,,Engineers India Limited,19-Mar-2018,5,-,INE510A01010,-,-,20-Mar-2018,EQ, Interim Dividend - Rs 2.50 Per Share (Purpose Revised),ENGINERSIN
-,-,,Colgate Palmolive (India) Limited,20-Mar-2018,1,-,INE259A01022,-,-,21-Mar-2018,EQ, Interim Dividend - Rs 5 Per Share (Purpose Revised),COLPAL
-,-,,Kewal Kiran Clothing Limited,20-Mar-2018,10,-,INE401H01017,-,-,21-Mar-2018,EQ, Interim Dividend - Rs 5 Per Share,KKCL
-,-,,Vedanta Limited,20-Mar-2018,1,-,INE205A01025,-,-,21-Mar-2018,EQ, Interim Dividend - Rs 21.20 Per Share (Purpose Revised),VEDL
-,-,,India Nippon Electricals Limited,21-Mar-2018,5,-,INE092B01017,-,-,22-Mar-2018,EQ, Face Value Split (Sub-Division) - From Rs 10/- Per Share To Rs 5/- Per Share,INDNIPPON
-,-,,Housing Development Finance Corporation Limited,22-Mar-2018,2,-,INE001A01028,-,-,24-Mar-2018,EQ, Interim Dividend Rs 3.50 Per Share (Purpose Revised),HDFC
-,-,,Coromandel International Limited,22-Mar-2018,1,-,INE169A01023,-,-,24-Mar-2018,EQ, Interim Dividend Re 3/- Per Share (Purpose Revised),COROMANDEL
-,-,,Alembic Limited,22-Mar-2018,2,-,INE426A01027,-,-,23-Mar-2018,EQ, Buyback,ALEMBICLTD
-,-,,Sun TV Network Limited,22-Mar-2018,5,-,INE424H01027,-,-,23-Mar-2018,EQ, Interim Dividend - Rs2.50 Per Share (Purpose Revised),SUNTV
-,-,,TVS Holdings Limited,22-Mar-2018,5,-,INE105A01035,-,-,23-Mar-2018,EQ, Interim Dividend Rs 15/- Per Share (Purpose Revised),TVSHLTD
-,-,,La Opala RG Limited,22-Mar-2018,2,-,INE059D01012,-,-,23-Mar-2018,EQ, Bonus 1:1,LAOPALA
-,-,,The United Nilgiri Tea Estates Company Limited,23-Mar-2018,10,-,INE458F01011,-,-,26-Mar-2018,EQ, Interim Dividend Re 1/- Per Share (Purpose Revised),UNITEDTEA
-,-,,Hindustan Zinc Limited,23-Mar-2018,2,-,INE267A01017,-,-,26-Mar-2018,EQ, Interim Dividend Rs 6/- Per Share 9purpose Revised),HINDZINC
-,-,,KIOCL Limited,26-Mar-2018,10,-,INE880L01014,-,-,27-Mar-2018,EQ, Interim Dividend - Re 0.27 Per Share (Purpose Revised),KIOCL
-,-,,NLC India Limited,26-Mar-2018,10,-,INE589A01014,-,-,27-Mar-2018,EQ, Interim Dividend - Rs 4.23 Per Share (Purpose Revised),NLCINDIA
-,-,,DLF Limited,27-Mar-2018,2,-,INE271C01023,-,-,28-Mar-2018,EQ, Interim Dividend - Rs 1.20 Per Share (Purpose Revised),DLF
-,-,,NMDC Limited,27-Mar-2018,1,-,INE584A01023,-,-,28-Mar-2018,EQ, Interim Dividend Rs 4.30 Per Share,NMDC
-,-,,Ashoka Buildcon Limited,27-Mar-2018,5,-,INE442H01011,-,-,28-Mar-2018,EQ, Interim Dividend - Re 0.80 Per Share (Purpose Revised),ASHOKA
-,-,,GAIL (India) Limited,27-Mar-2018,10,-,INE129A01019,-,-,29-Mar-2018,EQ, Bonus 1:3,GAIL
03-Apr-2018,02-Apr-2018,,Crisil Limited,27-Mar-2018,1,-,INE007A01017,-,-,-,EQ, Annual General Meeting/ Dividend - Rs 10 Per Share,CRISIL
-,-,,Oil India Limited,27-Mar-2018,10,-,INE274J01014,-,-,29-Mar-2018,EQ, Bonus 1:2,OIL
-,-,,Kellton Tech Solutions Limited,27-Mar-2018,1,-,INE164B01022,-,-,29-Mar-2018,EQ, Bonus 1:1,KELLTONTEC
-,-,,Datamatics Global Services Limited,27-Mar-2018,5,-,INE365B01017,-,-,29-Mar-2018,EQ, Interim Dividend - Re 0.50 Per Share (Purpose Revised),DATAMATICS
-,-,,Beardsell Limited,27-Mar-2018,2,-,INE520H01014,-,-,28-Mar-2018,EQ, Interim Dividend Re 0.24 Per Share,BEARDSELL
-,-,,Banco Products (I) Limited,27-Mar-2018,2,-,INE213C01025,-,-,28-Mar-2018,EQ, Interim Dividend - Rs 4.20 Per Share,BANCOINDIA
-,-,,Talwalkars Better Value Fitness Limited,27-Mar-2018,10,-,INE502K01016,-,-,28-Mar-2018,EQ, Scheme Of Arrangement,TALWALKARS
-,-,,Indian Metals & Ferro Alloys Limited,28-Mar-2018,10,-,INE919H01018,-,-,03-Apr-2018,EQ, Interim Dividend - Rs 5 Per Share (Record Date Updated),IMFA
-,-,,NRB Bearing Limited,28-Mar-2018,2,-,INE349A01021,-,-,03-Apr-2018,EQ, Interim Dividend - Rs 1.40 Per Share,NRBBEARING
-,-,,Vesuvius India Limited,28-Mar-2018,1,-,INE386A01015,-,-,03-Apr-2018,EQ, Dividend - Rs 6.75 Per Share,VESUVIUS
-,-,,GOVERNMENT OF INDIA,06-Jan-2020,100,-,IN0020170174,-,-,07-Jan-2020,GS, Interest Payment,717GS2028
-,-,,GOVERNMENT OF INDIA,07-Jan-2020,100,-,IN0020120039,-,-,08-Jan-2020,GS, Interest Payment,833GS2026
-,-,,GOVERNMENT OF INDIA,09-Jan-2020,100,-,IN0020150093,-,-,10-Jan-2020,GS, Interest Payment,759GS2026
-,-,,RITES Limited,09-Jan-2020,10,-,INE320J01015,-,-,10-Jan-2020,EQ, Interim Dividend-Rs 6 Per Share,RITES
-,-,,GOVERNMENT OF INDIA,10-Jan-2020,100,-,IN0020180454,-,-,13-Jan-2020,GS, Interest Payment,726GS2029
-,-,,GOVERNMENT OF INDIA,13-Jan-2020,100,-,IN0020190099,-,-,14-Jan-2020,GS, Interest Payment,617GS2021
21-Jan-2020,16-Jan-2020,,JVL Agro Industries Limited,14-Jan-2020,1,-,INE430G01026,-,-,-,EQ, Annual General Meeting,JVLAGRO
-,-,,SIS LIMITED,15-Jan-2020,5,-,INE285J01010,-,-,16-Jan-2020,EQ, Face Value Split (Sub-Division) - From Rs 10/- Per Share To Rs 5/- Per Share,SIS
-,-,,GOVERNMENT OF INDIA,16-Jan-2020,100,-,IN0020080050,-,-,18-Jan-2020,GS, Interest Payment,683GS2039
-,-,,GOI LOAN 7.00% 2021,17-Jan-2020,100,-,IN0020180470,-,-,20-Jan-2020,GS, Interest Payment,700GS2021
-,-,,Suven Life Sciences Limited,21-Jan-2020,1,-,INE495B01038,-,-,22-Jan-2020,EQ, Demerger,SUVEN
-,-,,Delta Corp Limited,22-Jan-2020,1,-,INE124G01033,-,-,23-Jan-2020,EQ, Interim Dividend - Rs 0.75 Per Share,DELTACORP
-,-,,Tata Consultancy Services Limited,23-Jan-2020,1,-,INE467B01029,-,-,25-Jan-2020,EQ, Interim Dividend - Rs 5 Per Share,TCS
-,-,,Aster DM Quality Care Limited,23-Jan-2020,10,-,INE914M01019,-,-,24-Jan-2020,EQ, Buy Back,ASTERDM
-,-,,GOVERNMENT OF INDIA,24-Jan-2020,100,-,IN0020140045,-,-,27-Jan-2020,GS, Interest Payment,84GS2024
-,-,,HCL Technologies Limited,24-Jan-2020,2,-,INE860A01027,-,-,27-Jan-2020,EQ, Interim Dividend - Rs 2 Per Share,HCLTECH
-,-,,GOVERNMENT OF INDIA,24-Jan-2020,100,-,IN0020180488,-,-,27-Jan-2020,GS, Interest Payment,732GS2024
04-Feb-2020,28-Jan-2020,,Value Industries Limited,24-Jan-2020,10,-,INE352A01017,-,-,-,EQ, Annual General Meeting,VALUEIND
-,-,,Wipro Limited,24-Jan-2020,2,-,INE075A01022,-,-,27-Jan-2020,EQ, Interim Dividend - Re 1 Per Share,WIPRO
-,-,,IndiGrid Infrastructure Trust,27-Jan-2020,100,-,INE219X23014,-,-,28-Jan-2020,IV, Distribution,INDIGRID
-,-,,360 ONE WAM LIMITED,29-Jan-2020,1,-,INE466L01020,-,-,30-Jan-2020,EQ, Interim Dividend- Rs 10 Per Share,360ONE
-,-,,GOVERNMENT OF INDIA,30-Jan-2020,100,-,IN0020070028,-,-,01-Feb-2020,GS, Interest Payment,808GS2022
-,-,,GMM Pfaudler Limited,30-Jan-2020,2,-,INE541A01023,-,-,31-Jan-2020,EQ, Interim Dividend - Re 1 Per Share,GMMPFAUDLR
-,-,,GOVERNMENT OF INDIA,30-Jan-2020,100,-,IN0020070036,-,-,01-Feb-2020,GS, Interest Payment,826GS2027
-,-,,Granules India Limited,30-Jan-2020,1,-,INE101D01012,-,-,31-Jan-2020,EQ, Interim Dividend - Re 0.25 Per Share,GRANULES
-,-,,GOVERNMENT OF INDIA,30-Jan-2020,100,-,IN0020070044,-,-,01-Feb-2020,GS, Interest Payment,832GS2032
10-Feb-2020,03-Feb-2020,,Pratibha Industries Limited,30-Jan-2020,2,-,INE308H01014,-,-,-,EQ, Annual General Meeting,PRATIBHA
-,-,,Sharda Cropchem Limited,31-Jan-2020,10,-,INE221J01015,-,-,03-Feb-2020,EQ, Interim Dividend Rs 2 Per Share,SHARDACROP
-,-,,Motilal Oswal Financial Services Limited,31-Jan-2020,1,-,INE338I01027,-,-,03-Feb-2020,EQ, Interim Dividend-Rs 4 Per Share,MOTILALOFS
11-Feb-2020,05-Feb-2020,,Siemens Limited,03-Feb-2020,2,-,INE003A01024,-,-,-,EQ, Dividend - Rs 7 Per Share,SIEMENS
-,-,,TCI Express Limited,03-Feb-2020,2,-,INE586V01016,-,-,04-Feb-2020,EQ, Interim Dividend - Rs 1.50 Per Share,TCIEXP
-,-,,D.B.Corp Limited,03-Feb-2020,10,-,INE950I01011,-,-,04-Feb-2020,EQ, Interim Dividend Rs 3.5 Per Share,DBCORP
-,-,,Rane Brake Lining Limited,03-Feb-2020,10,-,INE244J01017,-,-,04-Feb-2020,EQ, Interim Dividend - Rs 6 Per Share,RBL
-,-,,Nippon Life India Asset Management Limited,03-Feb-2020,10,-,INE298J01013,-,-,04-Feb-2020,EQ, Interim Dividend - Rs 3 Per Share,NAM-INDIA
-,-,,Control Print Limited,04-Feb-2020,10,-,INE663B01015,-,-,05-Feb-2020,EQ, Interim Dividend Rs 3.5 Per Share,CONTROLPR
-,-,,Vinati Organics Limited,05-Feb-2020,1,-,INE410B01029,-,-,06-Feb-2020,EQ, Face Value Split (Sub-Division) - From Rs 2/- Per Share To Rs 1/- Per Share,VINATIORGA
-,-,,SPR Auto Technologies Limited,05-Feb-2020,10,-,INE526E01018,-,-,06-Feb-2020,EQ, Interim Dividend - Rs 3 Per Share,SHRIPISTON
-,-,,Godrej Consumer Products Limited,05-Feb-2020,1,-,INE102D01028,-,-,06-Feb-2020,EQ, Interim Dividend - Rs 2 Per Share,GODREJCP
-,-,,Alkali Metals Limited,05-Feb-2020,10,-,INE773I01017,-,-,06-Feb-2020,EQ, Interim Dividend -Rs 1 Per Share,ALKALI
-,-,,Bajaj Electricals Limited,05-Feb-2020,2,-,INE193E01025,-,-,06-Feb-2020,EQ, Rights 13:118 @ Premium Rs 308/-,BAJAJELEC
-,-,,Accelya Solutions India Limited,05-Feb-2020,10,-,INE793A01012,-,-,06-Feb-2020,EQ, Interim Dividend - Rs 10 Per Share,ACCELYA
-,-,,Kewal Kiran Clothing Limited,06-Feb-2020,10,-,INE401H01017,-,-,07-Feb-2020,EQ, Interim Dividend - Rs 15 Per Share,KKCL
-,-,,GOVERNMENT OF INDIA,06-Feb-2020,100,-,IN0020040039,-,-,07-Feb-2020,GS, Interest Payment,75GS2034
-,-,,Manappuram Finance Limited,06-Feb-2020,2,-,INE522D01027,-,-,07-Feb-2020,EQ, Interim Dividend - Rs 0.55 Per Share,MANAPPURAM
-,-,,Orient Electric Limited,06-Feb-2020,1,-,INE142Z01019,-,-,07-Feb-2020,EQ, Interim Dividend - Rs 0.65 Per Share,ORIENTELEC
-,-,,DCM Shriram Limited,06-Feb-2020,2,-,INE499A01024,-,-,07-Feb-2020,EQ, Interim Dividend - Rs 4.20 Per Share,DCMSHRIRAM
-,-,,Marico Limited,06-Feb-2020,1,-,INE196A01026,-,-,07-Feb-2020,EQ, Interim Dividend - Rs 3.25 Per Share,MARICO
-,-,,Persistent Systems Limited,06-Feb-2020,5,-,INE262H01013,-,-,07-Feb-2020,EQ, Interim Dividend - Rs 9 Per Share,PERSISTENT
-,-,,CCL Products (India) Limited,06-Feb-2020,2,-,INE421D01014,-,-,07-Feb-2020,EQ, Interim Dividend - Rs 2 Per Share,CCL
-,-,,Zensar Technologies Limited,06-Feb-2020,2,-,INE520A01019,-,-,07-Feb-2020,EQ, Interim Dividend - Re 1 Per Share,ZENSARTECH
-,-,,Coforge Limited,07-Feb-2020,2,-,INE591G01017,-,-,10-Feb-2020,EQ, Interim Dividend - Rs 10 Per Share,COFORGE
-,-,,Vaibhav Global Limited,07-Feb-2020,2,-,INE884A01019,-,-,10-Feb-2020,EQ, Interim Dividend - Rs 7 Per Share,VAIBHAVGBL
-,-,,Cummins India Limited,07-Feb-2020,2,-,INE298A01020,-,-,10-Feb-2020,EQ, Interim Dividend - Rs 7 Per Share,CUMMINSIND
-,-,,BIRLASOFT LIMITED,07-Feb-2020,2,-,INE836A01035,-,-,10-Feb-2020,EQ, Interim Dividend - Re 1 Per Share,BSOFT
-,-,,Aegis Logistics Limited,07-Feb-2020,1,-,INE208C01025,-,-,10-Feb-2020,EQ, Interim Dividend - Rs 0.50 Per Share,AEGISLOG
-,-,,SRF Limited,10-Feb-2020,10,-,INE647A01010,-,-,11-Feb-2020,EQ, Interim Dividend - Rs 7 Per Share,SRF
-,-,,TVS Motor Company Limited,11-Feb-2020,1,-,INE494B01015,-,-,12-Feb-2020,EQ, Interim Dividend - Rs 2.10 Per Share,TVSMOTOR
-,-,,K.P.R. Mill Limited,11-Feb-2020,1,-,INE930H01015,-,-,12-Feb-2020,EQ, Interim Dividend - Rs 3.75 Per Share,KPRMILL
-,-,,REC Limited,11-Feb-2020,10,-,INE020B01018,-,-,12-Feb-2020,EQ, Interim Dividend - Rs 11 Per Share,RECLTD
-,-,,Brooks Laboratories Limited,11-Feb-2020,10,-,INE650L01011,-,-,12-Feb-2020,EQ, Rights 9:20 @ Premium Rs 10/-,BROOKS
-,-,,Bharat Electronics Limited,11-Feb-2020,1,-,INE263A01016,-,-,12-Feb-2020,EQ, Interim Dividend - Rs 1.40 Per Share,BEL
-,-,,IRB InvIT Fund,12-Feb-2020,102,-,INE183W23014,-,-,13-Feb-2020,IV, Third Distribution - Interest Payment Rs 2 Per Unit/ Return Of Capital Re 0.70 Per Unit,IRBINVIT
-,-,,DLF Limited,12-Feb-2020,2,-,INE271C01023,-,-,13-Feb-2020,EQ, Interim Dividend - Rs 1.20 Per Share,DLF
-,-,,Arrow Greentech Limited,12-Feb-2020,10,-,INE570D01018,-,-,13-Feb-2020,EQ, Rights 1:5 @ Premium Rs 26/-,ARROWGREEN
-,-,,Dhampur Sugar Mills Limited,12-Feb-2020,10,-,INE041A01016,-,-,13-Feb-2020,EQ, Interim Dividend - Rs 6 Per Share,DHAMPURSUG
-,-,,Welspun Corp Limited,12-Feb-2020,5,-,INE191B01025,-,-,13-Feb-2020,EQ, Interim Dividend - Rs 10 Per Share,WELCORP
-,-,,KEC International Limited,13-Feb-2020,2,-,INE389H01014,-,-,15-Feb-2020,EQ, Interim Dividend - Rs 3.4 Per Share,KEC
-,-,,Metropolis Healthcare Limited,13-Feb-2020,2,-,INE112L01020,-,-,15-Feb-2020,EQ, Interim Dividend - Rs 8 Per Share,METROPOLIS
-,-,,GOVERNMENT OF INDIA,13-Feb-2020,100,-,IN0020060078,-,-,14-Feb-2020,GS, Interest Payment,824GS2027
-,-,,GOVERNMENT OF INDIA,13-Feb-2020,100,-,IN0020060086,-,-,14-Feb-2020,GS, Interest Payment,828GS2032
-,-,,GOVERNMENT OF INDIA,13-Feb-2020,100,-,IN0020060037,-,-,14-Feb-2020,GS, Interest Payment,82GS2022
-,-,,Tilaknagar Industries Limited,13-Feb-2020,10,-,INE133E01013,-,-,15-Feb-2020,EQ, Extra Ordinary General Meeting,TI
-,-,,BLS International Services Limited,13-Feb-2020,1,-,INE153T01019,-,-,14-Feb-2020,EQ, Interim Dividend - Rs 0.50 Per Share,BLS
-,-,,Archidply Industries Limited,13-Feb-2020,10,-,INE877I01016,-,-,14-Feb-2020,EQ, Demerger,ARCHIDPLY
-,-,,Suprajit Engineering Limited,13-Feb-2020,1,-,INE399C01030,-,-,14-Feb-2020,EQ, Interim Dividend - Rs 0.75 Per Share,SUPRAJIT
-,-,,Sammaan Capital Limited,13-Feb-2020,2,-,INE148I01020,-,-,15-Feb-2020,EQ, Interim Dividend - Rs 6 Per Share,SAMMAANCAP
-,-,,Alkem Laboratories Limited,13-Feb-2020,2,-,INE540L01014,-,-,15-Feb-2020,EQ, Interim Dividend - Rs 22 Per Share,ALKEM
-,-,,MOIL Limited,13-Feb-2020,10,-,INE490G01020,-,-,14-Feb-2020,EQ, Interim Dividend - Rs 3 Per Share,MOIL
-,-,,IIFL Capital Services Limited,13-Feb-2020,2,-,INE489L01022,-,-,15-Feb-2020,EQ, Interim Dividend - Rs 2 Per Share,IIFLCAPS
-,-,,Engineers India Limited,14-Feb-2020,5,-,INE510A01010,-,-,17-Feb-2020,EQ, Interim Dividend - Rs 3.60 Per Share,ENGINERSIN
-,-,,Minda Corporation Limited,17-Feb-2020,2,-,INE842C01013,-,-,19-Feb-2020,EQ, Int Dividend - Rs 0.35 Per Share,MINDACORP
-,-,,KPIT Technologies Limited,17-Feb-2020,10,-,INE04I401011,-,-,18-Feb-2020,EQ, Interim Dividend - Rs 0.55 Per Share,KPITTECH
-,-,,Rane Holdings Limited,17-Feb-2020,10,-,INE384A01010,-,-,18-Feb-2020,EQ, Interim Dividend - Rs 4 Per Share,RANEHOLDIN
-,-,,RITES Limited,17-Feb-2020,10,-,INE320J01015,-,-,18-Feb-2020,EQ, Interim Dividend - Rs 4 Per Share,RITES
-,-,,Star Cement Limited,17-Feb-2020,1,-,INE460H01021,-,-,18-Feb-2020,EQ, Interim Dividend - Re 1 Per Share,STARCEMENT
-,-,,Sun Pharmaceutical Industries Limited,17-Feb-2020,1,-,INE044A01028,-,-,18-Feb-2020,EQ, Interim Dividend - Rs 3 Per Share,SUNPHARMA
-,-,,ADF Foods Limited,17-Feb-2020,2,-,INE982B01019,-,-,19-Feb-2020,EQ, Interim Dividend - Rs 1.5 Per Share,ADFFOODS
-,-,,Symphony Limited,17-Feb-2020,2,-,INE225D01019,-,-,19-Feb-2020,EQ, Interim Dividend - Rs 2 Per Share/ Splecial Dividend - Rs 18 Per Share,SYMPHONY
-,-,,IFGL Refractories Limited,17-Feb-2020,10,-,INE133Y01011,-,-,19-Feb-2020,EQ, Interim Dividend - Rs 2.50 Per Share,IFGLEXPOR
-,-,,NHPC Limited,17-Feb-2020,10,-,INE848E01016,-,-,19-Feb-2020,EQ, Int Dividend - Rs 1.18 Per Share,NHPC
-,-,,Oriental InfraTrust,17-Feb-2020,100,-,INE07Z523018,-,-,19-Feb-2020,IV, Distribution - Rs 0.51 Per Unit,OSEINTRUST
-,-,,HEG Advanced Materials Limited,17-Feb-2020,2,-,INE545A01024,-,-,19-Feb-2020,EQ, Interim Dividend - Rs 25 Per Share,HEGAM
-,-,,Dalmia Bharat Limited,17-Feb-2020,2,-,INE00R701025,-,-,18-Feb-2020,EQ, Interim Dividend - Rs 2 Per Share,DALBHARAT
-,-,,Hero MotoCorp Limited,17-Feb-2020,2,-,INE158A01026,-,-,18-Feb-2020,EQ, Interim Dividend - Rs 65 Per Sh,HEROMOTOCO
-,-,,Hikal Limited,17-Feb-2020,2,-,INE475B01014,-,-,18-Feb-2020,EQ, Interim Dividend - Re 1 Per Share,HIKAL
-,-,,Vikas Proppant & Granite Limited,17-Feb-2020,1,-,INE767B01022,-,-,18-Feb-2020,EQ, Interim Dividend - Re 0.10 Per Share,VIKASPROP
-,-,,Aarti Drugs Limited,17-Feb-2020,10,-,INE767A01016,-,-,18-Feb-2020,EQ, Interim Dividend - Rs 2 Per Share,AARTIDRUGS
-,-,,Aurobindo Pharma Limited,17-Feb-2020,1,-,INE406A01029,-,-,18-Feb-2020,EQ, Interim Dividend - Rs 1.75 Per Share,AUROPHARMA
-,-,,GAIL (India) Limited,17-Feb-2020,10,-,INE129A01019,-,-,18-Feb-2020,EQ, Interim Dividend - Rs 6.4 Per Share,GAIL
-,-,,Astral Limited,17-Feb-2020,1,-,INE006I01012,-,-,19-Feb-2020,EQ, Interim Dividend - Re 0.60 Per Share,ASTRAL
-,-,,UNO Minda Limited,17-Feb-2020,2,-,INE405E01023,-,-,18-Feb-2020,EQ, Interim Dividend - Rs 0.40 Per Share,UNOMINDA
-,-,,Maan Aluminium Limited,18-Feb-2020,5,-,INE215I01019,-,-,20-Feb-2020,EQ, Interim Dividend - Re 1 Per Share,MAANALU
-,-,,India Nippon Electricals Limited,18-Feb-2020,5,-,INE092B01017,-,-,20-Feb-2020,EQ, Interim Dividend - Rs 3 Per Share,INDNIPPON
-,-,,Kajaria Ceramics Limited,18-Feb-2020,1,-,INE217B01028,-,-,20-Feb-2020,EQ, Interim Dividend - Rs 3 Per Share,KAJARIACER
-,-,,NMDC Limited,18-Feb-2020,1,-,INE584A01023,-,-,21-Feb-2020,EQ, Interim Dividend - Rs 5.29 Per Share,NMDC
-,-,,MRF Limited,18-Feb-2020,10,-,INE883A01011,-,-,21-Feb-2020,EQ, Interim Dividend - Rs 3 Per Share,MRF
-,-,,National Aluminium Company Limited,18-Feb-2020,5,-,INE139A01026,-,-,20-Feb-2020,EQ, Interim Dividend - Rs 1.5 Per Share,NATIONALUM
-,-,,Precision Wires India Limited,18-Feb-2020,1,-,INE372C01011,-,-,21-Feb-2020,EQ, Interim Dividend - Rs 1 Per Share,PRECWIRE
-,-,,Sandhar Technologies Limited,18-Feb-2020,10,-,INE278H01035,-,-,20-Feb-2020,EQ, Interim Dividend - Rs 1.25 Per Share,SANDHAR
-,-,,Satia Industries Limited,18-Feb-2020,1,-,INE170E01015,-,-,22-Feb-2020,EQ, Interim Dividend - Re 0.15 Per Share,SATIA
-,-,,Shreyans Industries Limited,18-Feb-2020,10,-,INE231C01019,-,-,21-Feb-2020,EQ, Interim Dividend - Rs 3 Per Share,SHREYANIND
-,-,,The Hi-Tech Gears Limited,18-Feb-2020,10,-,INE127B01011,-,-,22-Feb-2020,EQ, Interim Dividend - Rs 1.50 Per Share,HITECHGEAR
-,-,,Container Corporation of India Limited,18-Feb-2020,5,-,INE111A01017,-,-,20-Feb-2020,EQ, Int Dividend - Rs 0.75 Per Share,CONCOR
-,-,,Amrutanjan Health Care Limited,18-Feb-2020,1,-,INE098F01015,-,-,21-Feb-2020,EQ, Interim Dividend - Re 1.55 Per Share,AMRUTANJAN
-,-,,Bodal Chemicals Limited,18-Feb-2020,2,-,INE338D01028,-,-,21-Feb-2020,EQ, Interim Dividend - Re 0.80 Per Share,BODALCHEM
-,-,,Sundaram Finance Limited,18-Feb-2020,10,-,INE660A01013,-,-,21-Feb-2020,EQ, Interim Dividend - Rs 10 Per Share,SUNDARMFIN
-,-,,Triveni Engineering & Industries Limited,18-Feb-2020,1,-,INE256C01024,-,-,20-Feb-2020,EQ, Interim Dividend - Re 1.1 Per Share,TRIVENI
-,-,,Visaka Industries Limited,18-Feb-2020,2,-,INE392A01013,-,-,20-Feb-2020,EQ, Int Dividend - Rs 10 Per Share,VISAKAIND
-,-,,Lux Industries Limited,18-Feb-2020,2,-,INE150G01012,-,-,21-Feb-2020,EQ, Interim Dividend - Rs 10 Per Share,LUXIND
-,-,,Mirza International Limited,18-Feb-2020,2,-,INE771A01026,-,-,20-Feb-2020,EQ, Interim Dividend - Rs 0.90 Per Share,MIRZAINT
-,-,,Info Edge (India) Limited,18-Feb-2020,2,-,INE663F01024,-,-,20-Feb-2020,EQ, Interim Dividend - Rs 3.50 Per Share,NAUKRI
-,-,,Page Industries Limited,18-Feb-2020,10,-,INE761H01022,-,-,22-Feb-2020,EQ, Interim Dividend - Rs 58 Per Share,PAGEIND
-,-,,Fine Organic Industries Limited,18-Feb-2020,5,-,INE686Y01026,-,-,21-Feb-2020,EQ, Interim Dividend - Rs 4 Per Share,FINEORG
-,-,,Gujarat Sidhee Cement Limited,18-Feb-2020,10,-,INE542A01039,-,-,20-Feb-2020,EQ, Interim Dividend - Re 1 Per Share,GSCLCEMENT
-,-,,VRL Logistics Limited,18-Feb-2020,10,-,INE366I01010,-,-,21-Feb-2020,EQ, Interim Dividend - Rs 3 Per Share,VRLLOG
-,-,,Century Plyboards (India) Limited,18-Feb-2020,1,-,INE348B01021,-,-,21-Feb-2020,EQ, Interim Dividend - Re 1 Per Share,CENTURYPLY
-,-,,Kitex Garments Limited,18-Feb-2020,1,-,INE602G01020,-,-,22-Feb-2020,EQ, Interim Dividend - Re 1.50 Per Share,KITEX
-,-,,Neuland Laboratories Limited,18-Feb-2020,10,-,INE794A01010,-,-,20-Feb-2020,EQ, Interim Dividend - Rs 2 Per Share,NEULANDLAB
-,-,,NRB Bearing Limited,18-Feb-2020,2,-,INE349A01021,-,-,21-Feb-2020,EQ, Interim Dividend - Rs 0.80 Per Share,NRBBEARING
-,-,,IPCA Laboratories Limited,18-Feb-2020,1,-,INE571A01020,-,-,20-Feb-2020,EQ, Interim Dividend - Rs 5 Per Share,IPCALAB
-,-,,Torrent Power Limited,18-Feb-2020,10,-,INE813H01021,-,-,20-Feb-2020,EQ, Interim Dividend - Rs 11.60 Per Share,TORNTPOWER
-,-,,Dwarikesh Sugar Industries Limited,18-Feb-2020,1,-,INE366A01033,-,-,20-Feb-2020,EQ, Interim Dividend - Re 1 Per Share,DWARKESH
-,-,,Vidhi Specialty Food Ingredients Limited,18-Feb-2020,1,-,INE632C01026,-,-,21-Feb-2020,EQ, Interim Dividend - Re 0.40 Per Share,VIDHIING
-,-,,Alkyl Amines Chemicals Limited,18-Feb-2020,2,-,INE150B01013,-,-,20-Feb-2020,EQ, Interim Dividend - Rs 10 Per Share,ALKYLAMINE
-,-,,Advani Hotels & Resorts (India) Limited,18-Feb-2020,2,-,INE199C01026,-,-,21-Feb-2020,EQ, Interim Dividend - Rs 1.10 Per Share,ADVANIHOTR
-,-,,CESC Limited,18-Feb-2020,1,-,INE486A01013,-,-,20-Feb-2020,EQ, Interim Dividend - Rs 20 Per Share,CESC
-,-,,COSMO FIRST LIMITED,20-Feb-2020,10,-,INE757A01017,-,-,24-Feb-2020,EQ, Interim Dividend - Rs 15 Per Share,COSMOFIRST
-,-,,LT Foods Limited,20-Feb-2020,1,-,INE818H01020,-,-,24-Feb-2020,EQ, Interim Dividend- Re 0.50 Per Share,LTFOODS
-,-,,CARE Ratings Limited,20-Feb-2020,10,-,INE752H01013,-,-,24-Feb-2020,EQ, Interim Dividend - Rs 6 Per Share,CARERATING
-,-,,Hinduja Global Solutions Limited,20-Feb-2020,10,-,INE170I01016,-,-,24-Feb-2020,EQ, Interim Dividend - Rs 15 Per Share,HGS
-,-,,Mazda Limited,20-Feb-2020,2,-,INE885E01034,-,-,24-Feb-2020,EQ, Interim Dividend - Rs 7.5 Per Share,MAZDA
-,-,,Antelopus Selan Energy Limited,20-Feb-2020,10,-,INE818A01017,-,-,24-Feb-2020,EQ, Interim Dividend - Rs 5 Per Share,ANTELOPUS
-,-,,Embassy Office Parks REIT,20-Feb-2020,300,-,INE041025011,-,-,24-Feb-2020,RR, Distribution - Rs 6.10 Per Unit,EMBASSY
-,-,,Oil India Limited,20-Feb-2020,10,-,INE274J01014,-,-,24-Feb-2020,EQ, Interim Dividend - Rs 9 Per Share,OIL
-,-,,Ircon International Limited,20-Feb-2020,2,-,INE962Y01013,-,-,24-Feb-2020,EQ, Interim Dividend - Rs 13.45 Per Share,IRCON
-,-,,Natco Pharma Limited,24-Feb-2020,2,-,INE987B01018,-,-,25-Feb-2020,EQ, Interim Dividend - Rs 3.5 Per Share,NATCOPHARM
-,-,,Sterling and Wilson Renewable Energy Limited,24-Feb-2020,1,-,INE00M201021,-,-,25-Feb-2020,EQ, Interim Dividend - Rs 6 Per Share,SWSOLAR
-,-,,SHREE CEMENT LIMITED,24-Feb-2020,10,-,INE070A01015,-,-,25-Feb-2020,EQ, Interim Dividend - Rs 110 Per Share,SHREECEM
-,-,,Mayur Uniquoters Ltd,24-Feb-2020,5,-,INE040D01012,-,-,25-Feb-2020,EQ, Interim Dividend - Rs 1.50 Per Share,MAYURUNIQ
-,-,,PI Industries Limited,24-Feb-2020,1,-,INE603J01014,-,-,25-Feb-2020,EQ, Interim Dividend - Rs 3 Per Share,PIIND
-,-,,TD Power Systems Limited,24-Feb-2020,1,-,INE419M01019,-,-,25-Feb-2020,EQ, Interim Dividend - Rs 1.50 Per Share,TDPOWERSYS
-,-,,Sun TV Network Limited,24-Feb-2020,5,-,INE424H01027,-,-,25-Feb-2020,EQ, Interim Dividend-Rs 7.5 Per Share,SUNTV
-,-,,Balkrishna Industries Limited,24-Feb-2020,2,-,INE787D01018,-,-,25-Feb-2020,EQ, Interim Dividend - Rs 16 Per Share,BALKRISIND
-,-,,VIP Industries Limited,24-Feb-2020,2,-,INE054A01019,-,-,25-Feb-2020,EQ, Interim Dividend - Rs 3.2 Per Share,VIPIND
-,-,,Aarti Industries Limited,24-Feb-2020,5,-,INE769A01020,-,-,25-Feb-2020,EQ, Interim Dividend - Rs 2.5 Per Share,AARTIIND
-,-,,Apcotex Industries Limited,24-Feb-2020,2,-,INE116A01016,-,-,25-Feb-2020,EQ, Interim Dividend - Rs 3 Per Share,APCOTEXIND
-,-,,Bharat Dynamics Limited,24-Feb-2020,5,-,INE171Z01018,-,-,25-Feb-2020,EQ, Interim Dividend - Rs 6.25 Per Share,BDL
-,-,,Goldiam International Limited,24-Feb-2020,2,-,INE025B01017,-,-,25-Feb-2020,EQ, Interim Dividend - Rs 3 Per Share,GOLDIAM
-,-,,AVT Natural Products Limited,24-Feb-2020,1,-,INE488D01013,-,-,25-Feb-2020,EQ, Interim Dividend - Rs 0.25 Per Share,AVTNPL
-,-,,Indian Railway Catering And Tourism Corporation Limited,24-Feb-2020,2,-,INE335Y01012,-,-,25-Feb-2020,EQ, Interim Dividend - Rs 10 Per Share,IRCTC
-,-,,InfoBeans Technologies Limited,24-Feb-2020,10,-,INE344S01016,-,-,25-Feb-2020,EQ, Interim Dividend - Re 1 Per Share,INFOBEAN
-,-,,Balaji Telefilms Limited,24-Feb-2020,2,-,INE794B01026,-,-,25-Feb-2020,EQ, Interim Dividend - Rs 0.40 Per Share,BALAJITELE
-,-,,Veedol Corporation Limited,24-Feb-2020,2,-,INE484C01030,-,-,25-Feb-2020,EQ, Interim Dividend - Rs 60 Per Share,VEEDOL
-,-,,Dalmia Bharat Sugar and Industries Limited,25-Feb-2020,2,-,INE495A01022,-,-,26-Feb-2020,EQ, Interim Dividend - Rs 2 Per Share,DALMIASUG
-,-,,CP Capital Limited,25-Feb-2020,10,-,INE521J01018,-,-,26-Feb-2020,EQ, Interim Dividend - Re 1 Per Share,CPCAP
-,-,,Wheels India Limited,25-Feb-2020,10,-,INE715A01015,-,-,26-Feb-2020,EQ, Interim Dividend - Rs 3 Per Share,WHEELS
-,-,,Varroc Engineering Limited,25-Feb-2020,1,-,INE665L01035,-,-,26-Feb-2020,EQ, Interim Dividend - Rs 3 Per Share,VARROC
-,-,,SJVN Limited,25-Feb-2020,10,-,INE002L01015,-,-,26-Feb-2020,EQ, Interim Dividend - Rs 1.70 Per Share,SJVN
-,-,,PCBL Chemical Limited,25-Feb-2020,1,-,INE602A01023,-,-,26-Feb-2020,EQ, Interim Dividend - Rs 3.5 Per Share Special Dividend - Rs 3.5 Per Share,PCBL
-,-,,BirlaNu Limited,25-Feb-2020,10,-,INE557A01011,-,-,26-Feb-2020,EQ, Interim Dividend - Rs 10 Per Share,BIRLANU
-,-,,Divi's Laboratories Limited,25-Feb-2020,2,-,INE361B01024,-,-,26-Feb-2020,EQ, Interim Dividend - Rs 16 Per Share,DIVISLAB
-,-,,Dhanuka Agritech Limited,25-Feb-2020,2,-,INE435G01025,-,-,26-Feb-2020,EQ, Interim Dividend - Rs 12 Per Share,DHANUKA
-,-,,Apollo Hospitals Enterprise Limited,25-Feb-2020,5,-,INE437A01016,-,-,26-Feb-2020,EQ, Interim Dividend - Rs 3.25 Per Share,APOLLOHOSP
-,-,,V-Guard Industries Limited,26-Feb-2020,1,-,INE951I01019,-,-,27-Feb-2020,EQ, Interim Dividend - Re 0.90 Per Share,VGUARD
-,-,,HBL Engineering Limited,26-Feb-2020,1,-,INE292B01021,-,-,27-Feb-2020,EQ, Interim Dividend-Re 0.20 Per Share,HBLENGINE
-,-,,La Opala RG Limited,26-Feb-2020,2,-,INE059D01012,-,-,27-Feb-2020,EQ, Interim Dividend - Rs 1.20 Per Share,LAOPALA
-,-,,Cera Sanitaryware Limited,26-Feb-2020,5,-,INE739E01017,-,-,27-Feb-2020,EQ, Interim Dividend-Rs 13 Per Share,CERA
-,-,,Dynemic Products Limited,26-Feb-2020,10,-,INE256H01015,-,-,27-Feb-2020,EQ, Interim Dividend - Rs 1.50 Per Share,DYNPRO
-,-,,GRP Limited,27-Feb-2020,10,-,INE137I01015,-,-,29-Feb-2020,EQ, Interim Dividend - Rs 5.5 Per Share,GRPLTD
-,-,,Gulshan Polyols Limited,27-Feb-2020,1,-,INE255D01016,-,-,29-Feb-2020,EQ, Interim Dividend - Re 0.70 Per Share,GULPOLY
-,-,,Shree Pushkar Chemicals & Fertilisers Limited,27-Feb-2020,10,-,INE712K01011,-,-,28-Feb-2020,EQ, Int Div-Rs 0.5 Per Sh,SHREEPUSHK
-,-,,Banswara Syntex Limited,27-Feb-2020,5,-,INE629D01012,-,-,28-Feb-2020,EQ, Interim Dividend - Rs 1.50 Per Share,BANSWRAS
-,-,,Ador Welding Limited,27-Feb-2020,10,-,INE045A01017,-,-,28-Feb-2020,EQ, Interim Dividend - Rs 6.50 Per Share,ADOR
-,-,,Swelect Energy Systems Limited,27-Feb-2020,10,-,INE409B01013,-,-,28-Feb-2020,EQ, Interim Dividend - Rs 1.25 Per Share,SWELECTES
-,-,,GOVERNMENT OF INDIA,27-Feb-2020,100,-,IN0020020106,-,-,28-Feb-2020,GS, Interest Payment,795GS2032
-,-,,GOVERNMENT OF INDIA,27-Feb-2020,100,-,IN0020039031,-,-,28-Feb-2020,GS, Interest Payment,587GS2022
-,-,,IDFC First Bank Limited,27-Feb-2020,5000,-,INE092T01019,-,-,28-Feb-2020,HB, Interest Payment,IDFCFIRSTB
-,-,,The Sandesh Limited,27-Feb-2020,10,-,INE583B01015,-,-,28-Feb-2020,EQ, Interim Dividend - Rs 5 Per Share,SANDESH
-,-,,The Ruby Mills Limited,27-Feb-2020,5,-,INE301D01018,-,-,28-Feb-2020,EQ, Interim Dividend - Rs 1.75 Per Share,RUBYMILLS
-,-,,Kirloskar Brothers Limited,27-Feb-2020,2,-,INE732A01036,-,-,28-Feb-2020,EQ, Interim Dividend - Rs 2 Per Share,KIRLOSBROS
-,-,,Trident Limited,27-Feb-2020,1,-,INE064C01014,-,-,29-Feb-2020,EQ, Interim Dividend - Re 0.18 Per Share,TRIDENT
-,-,,Firstsource Solutions Limited,27-Feb-2020,10,-,INE684F01012,-,-,28-Feb-2020,EQ, Interim Dividend - Rs 2.50 Per Share,FSL
-,-,,Poly Medicure Limited,27-Feb-2020,5,-,INE205C01013,-,-,29-Feb-2020,EQ, Interim Dividend - Rs 2 Per Share,POLYMED
-,-,,Power Finance Corporation Limited,28-Feb-2020,10,-,INE134E01011,-,-,02-Mar-2020,EQ, Interim Dividend - Rs 9.5 Per Share,PFC
-,-,,Tech Mahindra Limited,02-Mar-2020,5,-,INE669C01028,-,-,03-Mar-2020,EQ, Interim Dividend - Rs 10 Per Share,TECHM
-,-,,MAS Financial Services Limited,02-Mar-2020,10,-,INE348L01012,-,-,03-Mar-2020,EQ, Interim Dividend - Rs 6 Per Share,MASFIN
-,-,,Berger Paints (I) Limited,02-Mar-2020,1,-,INE463A01020,-,-,03-Mar-2020,EQ, Interim Dividend - Rs 1.90 Per Share,BERGEPAINT
-,-,,Quick Heal Technologies Limited,02-Mar-2020,10,-,INE306L01010,-,-,03-Mar-2020,EQ, Interim Dividend - Rs 4 Per Share,QUICKHEAL
-,-,,NIIT Limited,02-Mar-2020,2,-,INE161A01038,-,-,03-Mar-2020,EQ, Interim Dividend - Rs 8 Per Share,NIITLTD
-,-,,JB Chemicals & Pharmaceuticals Limited,03-Mar-2020,1,-,INE572A01028,-,-,04-Mar-2020,EQ, Interim Dividend - Rs 10 Per Share,JBCHEPHARM
-,-,,Redington Limited,03-Mar-2020,2,-,INE891D01018,-,-,04-Mar-2020,EQ, Interim Dividend - Rs 2.80 Per Share,REDINGTON
-,-,,Maharashtra Scooters Limited,03-Mar-2020,10,-,INE288A01013,-,-,04-Mar-2020,EQ, Interim Dividend - Rs 50 Per Share,MAHSCOOTER
-,-,,Asian Paints Limited,03-Mar-2020,1,-,INE021A01018,-,-,04-Mar-2020,EQ, Interim Dividend - Rs 7.15 Per Share,ASIANPAINT
-,-,,SIS LIMITED,03-Mar-2020,5,-,INE285J01010,-,-,04-Mar-2020,EQ, Interim Dividend - Rs 2 Per Share,SIS
-,-,,Bharat Forge Limited,03-Mar-2020,2,-,INE465A01025,-,-,04-Mar-2020,EQ, Interim Dividend - Rs 2 Per Share,BHARATFORG
-,-,,Bajaj Auto Limited,03-Mar-2020,10,-,INE917I01010,-,-,04-Mar-2020,EQ, Interim Dividend - Rs 120 Per Share,BAJAJ-AUTO
-,-,,Bajaj Finserv Limited,03-Mar-2020,1,-,INE918I01018,-,-,04-Mar-2020,EQ, Interim Dividend - Rs 5 Per Share,BAJAJFINSV
-,-,,Bajaj Holdings & Investment Limited,03-Mar-2020,10,-,INE118A01012,-,-,04-Mar-2020,EQ, Interim Dividend - Rs 40 Per Share,BAJAJHLDNG
-,-,,Bajaj Finance Limited,03-Mar-2020,1,-,INE296A01016,-,-,04-Mar-2020,EQ, Interim Dividend - Rs 10 Per Share,BAJFINANCE
-,-,,Asahi Songwon Colors Limited,04-Mar-2020,10,-,INE228I01012,-,-,05-Mar-2020,EQ, Interim Dividend - Rs 3 Per Share,ASAHISONG
-,-,,PTL Enterprises Limited,04-Mar-2020,1,-,INE034D01031,-,-,05-Mar-2020,EQ, Interim Dividend - Rs 2.50 Per Share,PTL
-,-,,Tata Chemicals Limited,04-Mar-2020,10,-,INE092A01019,-,-,05-Mar-2020,EQ, Demerger,TATACHEM
-,-,,Exide Industries Limited,04-Mar-2020,1,-,INE302A01020,-,-,05-Mar-2020,EQ, Interim Dividend - Rs 2.50 Per Share,EXIDEIND
-,-,,Cholamandalam Investment and Finance Company Limited,04-Mar-2020,2,-,INE121A01016,-,-,05-Mar-2020,EQ, Interim Dividend-Re 0.70 Per Share,CHOLAFIN
-,-,,Sundram Fasteners Limited,04-Mar-2020,1,-,INE387A01021,-,-,05-Mar-2020,EQ, Interim Dividend- Rs 2.80 Per Share,SUNDRMFAST
-,-,,Apollo Tyres Limited,04-Mar-2020,1,-,INE438A01022,-,-,05-Mar-2020,EQ, Interim Dividend - Rs 3 Per Share,APOLLOTYRE
-,-,,GOVERNMENT OF INDIA,04-Mar-2020,100,-,IN0020160035,-,-,05-Mar-2020,GS, Interest Payment,697GS2026
-,-,,Carborundum Universal Limited,04-Mar-2020,1,-,INE120A01026,-,-,05-Mar-2020,EQ, Interim Dividend - Rs 2.75 Per Share,CARBORUNIV
-,-,,Cholamandalam Financial Holdings Limited,05-Mar-2020,1,-,INE149A01033,-,-,06-Mar-2020,EQ, Interim Dividend - Re 0.65 Per Sh,CHOLAHLDNG
-,-,,Pudumjee Paper Products Limited,05-Mar-2020,1,-,INE865T01018,-,-,06-Mar-2020,EQ, Interim Dividend - Re 0.20 Per Share,PDMJEPAPER
-,-,,Apar Industries Limited,05-Mar-2020,10,-,INE372A01015,-,-,07-Mar-2020,EQ, Interim Dividend - Rs 9.5 Per Share,APARINDS
-,-,,NLC India Limited,05-Mar-2020,10,-,INE589A01014,-,-,06-Mar-2020,EQ, Interim Dividend - Rs 7.06 Per Share,NLCINDIA
-,-,,Manaksia Limited,05-Mar-2020,2,-,INE015D01022,-,-,07-Mar-2020,EQ, Interim Dividend - Rs 7.50 Per Share,MANAKSIA
-,-,,KRBL Limited,05-Mar-2020,1,-,INE001B01026,-,-,07-Mar-2020,EQ, Interim Dividend - Rs 2.80 Per Share,KRBL
-,-,,JK Paper Limited,05-Mar-2020,10,-,INE789E01012,-,-,06-Mar-2020,EQ, Interim Dividend - Rs 4 Per Share,JKPAPER
-,-,,Standard Chartered PLC,05-Mar-2020,,-,INE028L21018,-,-,06-Mar-2020,DR, Dividend,STAN
-,-,,Plastiblends India Limited,05-Mar-2020,5,-,INE083C01014,-,-,06-Mar-2020,EQ, Interim Dividend - Rs 3.75 Per Share,PLASTIBLEN
-,-,,PVR INOX Limited,05-Mar-2020,10,-,INE191H01014,-,-,07-Mar-2020,EQ, Interim Dividend - Rs 4 Per Share,PVRINOX
-,-,,Lincoln Pharmaceuticals Limited,05-Mar-2020,10,-,INE405C01035,-,-,06-Mar-2020,EQ, Interim Dividend - Rs 1.5 Per Share,LINCOLN
-,-,,Amj Land Holdings Limited,05-Mar-2020,2,-,INE606A01024,-,-,06-Mar-2020,EQ, Interim Dividend-Re 0.20 Per Share,AMJLAND
-,-,,Gravita India Limited,05-Mar-2020,2,-,INE024L01019,-,-,06-Mar-2020,EQ, Interim Dividend - Rs 0.70 Per Share,GRAVITA
-,-,,Bharat Bijlee Limited,05-Mar-2020,5,-,INE464A01028,-,-,06-Mar-2020,EQ, Interim Dividend - Rs 12.50 Per Share,BBL
-,-,,Avanti Feeds Limited,05-Mar-2020,1,-,INE871C01012,-,-,06-Mar-2020,EQ, Interim Dividend - Rs 5 Per Share,AVANTIFEED
-,-,,GOVERNMENT OF INDIA,05-Mar-2020,100,-,IN0020050012,-,-,07-Mar-2020,GS, Interest Payment,74GS2035
-,-,,Lumax Auto Technologies Limited,05-Mar-2020,2,-,INE872H01019,-,-,06-Mar-2020,EQ, Interim Dividend - Rs 2 Per Share,LUMAXTECH
-,-,,LG Balakrishnan & Bros Limited,05-Mar-2020,10,-,INE337A01034,-,-,06-Mar-2020,EQ, Interim Dividend - Rs 5 Per Share,LGBBROSLTD
-,-,,Thomas Cook  (India)  Limited,05-Mar-2020,1,-,INE332A01027,-,-,07-Mar-2020,EQ, Buy Back,THOMASCOOK
-,-,,Wonderla Holidays Limited,05-Mar-2020,10,-,INE066O01014,-,-,06-Mar-2020,EQ, Interim Dividend - Re 1.80 Per Share,WONDERLA
-,-,,Vedanta Limited,05-Mar-2020,1,-,INE205A01025,-,-,07-Mar-2020,EQ, Interim Dividend - Rs 3.9 Per Share,VEDL
-,-,,Sharda Cropchem Limited,05-Mar-2020,10,-,INE221J01015,-,-,07-Mar-2020,EQ, Interim Dividend - Rs 2 Per Share,SHARDACROP
-,-,,Navin Fluorine International Limited,05-Mar-2020,2,-,INE048G01018,-,-,06-Mar-2020,EQ, Interim Dividend - Rs 4 Per Share,NAVINFLUOR
-,-,,Dr. Lal Path Labs Ltd.,05-Mar-2020,10,-,INE600L01024,-,-,06-Mar-2020,EQ, Interim Dividend - Rs 6 Per Share,LALPATHLAB
-,-,,Supreme Industries Limited,06-Mar-2020,2,-,INE195A01010,-,-,09-Mar-2020,EQ, Interim Dividend - Rs 10 Per Share,SUPREMEIND
-,-,,Mahanagar Gas Limited,06-Mar-2020,10,-,INE002S01010,-,-,09-Mar-2020,EQ, Interim Dividend - Rs 9.50 Per Share,MGL
-,-,,Sonata Software Limited,06-Mar-2020,1,-,INE269A01021,-,-,09-Mar-2020,EQ, Interim Dividend - Rs 14.50 Per Share,SONATSOFTW
-,-,,CCL Products (India) Limited,06-Mar-2020,2,-,INE421D01014,-,-,09-Mar-2020,EQ, Interim Dividend - Rs 1.5 Per Share Special Dividend - Rs 1.5 Per Share,CCL
-,-,,GOVERNMENT OF INDIA,06-Mar-2020,100,-,IN0020010081,-,-,09-Mar-2020,GS, Interest Payment,1018GS2026
-,-,,BOROSIL RENEWABLES LIMITED,06-Mar-2020,1,-,INE666D01022,-,-,09-Mar-2020,EQ, Demerger,BORORENEW
-,-,,KDDL Limited,09-Mar-2020,10,-,INE291D01011,-,-,11-Mar-2020,EQ, Interim Dividend - Rs 2 Per Share,KDDL
-,-,,Jubilant Foodworks Limited,09-Mar-2020,2,-,INE797F01012,-,-,11-Mar-2020,EQ, Interim Dividend - Rs 6 Per Share,JUBLFOOD
-,-,,Jubilant Pharmova Limited,09-Mar-2020,1,-,INE700A01033,-,-,11-Mar-2020,EQ, Interim Dividend - Rs 5 Per Share,JUBLPHARMA
-,-,,Finolex Industries Limited,09-Mar-2020,2,-,INE183A01016,-,-,11-Mar-2020,EQ, Interim Dividend - Rs 10 Per Share,FINPIPE
-,-,,Maithan Alloys Limited,09-Mar-2020,10,-,INE683C01011,-,-,11-Mar-2020,EQ, Interim Dividend - Rs 6 Per Share,MAITHANALL
-,-,,NAVA LIMITED,09-Mar-2020,1,-,INE725A01022,-,-,11-Mar-2020,EQ, Interim Dividend - Rs 1.5 Per Share,NAVA
-,-,,Shanthi Gears Limited,11-Mar-2020,1,-,INE631A01022,-,-,12-Mar-2020,EQ, Interim Dividend - Rs 2 Per Share,SHANTIGEAR
-,-,,The Ramco Cements Limited,11-Mar-2020,1,-,INE331A01037,-,-,12-Mar-2020,EQ, Interim Dividend - Rs 2.5 Per Sh,RAMCOCEM
-,-,,Ramco Industries Limited,11-Mar-2020,1,-,INE614A01028,-,-,12-Mar-2020,EQ, Interim Dividend - Rs 0.50 Per Share,RAMCOIND
-,-,,Coforge Limited,11-Mar-2020,2,-,INE591G01017,-,-,12-Mar-2020,EQ, Buy Back,COFORGE
-,-,,Tube Investments of India Limited,11-Mar-2020,1,-,INE974X01010,-,-,12-Mar-2020,EQ, Interim Dividend - Rs 3.50 Per Share,TIINDIA
-,-,,UFO Moviez India Limited,11-Mar-2020,10,-,INE527H01019,-,-,12-Mar-2020,EQ, Interim Dividend - Rs 15 Per Share,UFO
-,-,,JK Cement Limited,11-Mar-2020,10,-,INE823G01014,-,-,12-Mar-2020,EQ, Interim Dividend - Rs 7.5 Per Share,JKCEMENT
-,-,,India Glycols Limited,11-Mar-2020,5,-,INE560A01015,-,-,12-Mar-2020,EQ, Interim Dividend - Rs 6 Per Share,INDIAGLYCO
-,-,,Narayana Hrudayalaya Ltd.,11-Mar-2020,10,-,INE410P01011,-,-,12-Mar-2020,EQ, Interim Dividend - Re 1 Per Share,NH
-,-,,Relaxo Footwears Limited,11-Mar-2020,1,-,INE131B01021,-,-,12-Mar-2020,EQ, Interim Dividend - Rs 1.25 Per Share,RELAXO
-,-,,Endurance Technologies Limited,11-Mar-2020,10,-,INE913H01037,-,-,12-Mar-2020,EQ, Interim Dividend - Rs 5.50 Per Share,ENDURANCE
-,-,,Steel City Securities Limited,12-Mar-2020,10,-,INE395H01011,-,-,13-Mar-2020,EQ, Interim Dividend - Rs 0.50 Per Share,STEELCITY
-,-,,Caplin Point Laboratories Limited,12-Mar-2020,2,-,INE475E01018,-,-,13-Mar-2020,EQ, Interim Dividend - Rs 2.10 Per Share,CAPLIPOINT
-,-,,GOVERNMENT OF INDIA,12-Mar-2020,100,-,IN0020190024,-,-,13-Mar-2020,GS, Interest Payment,762GS2039
-,-,,Polycab India Limited,12-Mar-2020,10,-,INE455K01017,-,-,14-Mar-2020,EQ, Interim Dividend - Rs 7 Per Share,POLYCAB
-,-,,Man Infraconstruction Limited,12-Mar-2020,2,-,INE949H01015,-,-,13-Mar-2020,EQ, Interim Dividend - Rs 0.55 Per Share,MANINFRA
-,-,,Sirca Paints India Limited,12-Mar-2020,10,-,INE792Z01011,-,-,13-Mar-2020,EQ, Interim Dividend - Re 1.50 Per Sh,SIRCA
-,-,,Kalpataru Projects International Limited,12-Mar-2020,2,-,INE220B01022,-,-,13-Mar-2020,EQ, Interim Dividend - Rs 3.5 Per Share,KPIL
-,-,,Sudarshan Chemical Industries Limited,12-Mar-2020,2,-,INE659A01015,-,-,13-Mar-2020,EQ, Interim Dividend - Rs 5.8 Per Share Special Dividend - Rs 0.50 Per Share,SUDARSCHEM
-,-,,Vinati Organics Limited,12-Mar-2020,1,-,INE410B01029,-,-,13-Mar-2020,EQ, Interim Dividend - Rs 5 Per Share,VINATIORGA
-,-,,Deccan Cements Limited,12-Mar-2020,5,-,INE583C01013,-,-,13-Mar-2020,EQ, Interim Dividend - Rs 4 Per Share,DECCANCE
-,-,,India Motor Parts and Accessories Limited,12-Mar-2020,10,-,INE547E01014,-,-,13-Mar-2020,EQ, Interim Dividend - Rs 10 Per Share,IMPAL
-,-,,Indiamart Intermesh Limited,12-Mar-2020,10,-,INE933S01016,-,-,13-Mar-2020,EQ, Interim Dividend - Rs 10 Per Share,INDIAMART
-,-,,Chambal Fertilizers & Chemicals Limited,12-Mar-2020,10,-,INE085A01013,-,-,13-Mar-2020,EQ, Interim Dividend - Rs 4 Per Share,CHAMBLFERT
-,-,,Music Broadcast Limited,12-Mar-2020,2,-,INE919I01016,-,-,13-Mar-2020,EQ, Bonus 1:4,RADIOCITY
-,-,,Samvardhana Motherson International Limited,12-Mar-2020,1,-,INE775A01035,-,-,14-Mar-2020,EQ, Interim Dividend - Rs 1.50 Per Share,MOTHERSON
-,-,,Mishra Dhatu Nigam Limited,12-Mar-2020,10,-,INE099Z01011,-,-,14-Mar-2020,EQ, Interim Dividend - Re 1 Per Share,MIDHANI
-,-,,Kirloskar Ferrous Industries Limited,12-Mar-2020,5,-,INE884B01025,-,-,14-Mar-2020,EQ, Interim Dividend - Rs 2 Per Share,KIRLFER
-,-,,Manappuram Finance Limited,12-Mar-2020,2,-,INE522D01027,-,-,13-Mar-2020,EQ, Interim Dividend - Rs 0.55 Per Share,MANAPPURAM
-,-,,IDFC First Bank Limited,12-Mar-2020,5000,-,INE092T01019,-,-,13-Mar-2020,HD, Interest Payment,IDFCFIRSTB
-,-,,Kalyani Steels Limited,12-Mar-2020,5,-,INE907A01026,-,-,13-Mar-2020,EQ, Interin Dividend - Rs 5 Per Sh,KSL
-,-,,Chembond Material Technologies Limited,13-Mar-2020,5,-,INE995D01025,-,-,16-Mar-2020,EQ, Interim Dividend - Rs 2 Per Share,CHEMBOND
-,-,,Albert David Limited,13-Mar-2020,10,-,INE155C01010,-,-,16-Mar-2020,EQ, Interim Dividend - Rs 7 Per Share,ALBERTDAVD
-,-,,GOVERNMENT OF INDIA,13-Mar-2020,100,-,IN0020170042,-,-,16-Mar-2020,GS, Interest Payment,668GS2031
-,-,,Meghmani Organics Limited,13-Mar-2020,1,-,INE974H01013,-,-,16-Mar-2020,EQ, Interim Dividend - Re 1 Per Share,MEGH
-,-,,Praj Industries Limited,13-Mar-2020,2,-,INE074A01025,-,-,16-Mar-2020,EQ, Interim Dividend - Rs 2.70 Per Share,PRAJIND
-,-,,Automotive Axles Limited,13-Mar-2020,10,-,INE449A01011,-,-,16-Mar-2020,EQ, Interim Dividend - Rs 6 Per Share,AUTOAXLES
-,-,,Remsons Industries Limited,13-Mar-2020,2,-,INE474C01015,-,-,16-Mar-2020,EQ, Interim Dividend - Rs 1.50 Per Share,REMSONSIND
-,-,,Pidilite Industries Limited,13-Mar-2020,1,-,INE318A01026,-,-,16-Mar-2020,EQ, Interim Dividend - Rs 7 Per Share,PIDILITIND
-,-,,Aptech Limited,16-Mar-2020,10,-,INE266F01018,-,-,17-Mar-2020,EQ, Interim Dividend - Rs 4.50 Per Share,APTECHT
-,-,,Adani Ports and Special Economic Zone Limited,16-Mar-2020,2,-,INE742F01042,-,-,17-Mar-2020,EQ, Interim Dividend - Rs 3.20 Per Share,ADANIPORTS
-,-,,Siyaram Silk Mills Limited,16-Mar-2020,2,-,INE076B01010,-,-,17-Mar-2020,EQ, Interim Dividend - Rs 2.40 Per Share,SIYSIL
-,-,,TVS Electronics Limited,16-Mar-2020,10,-,INE236G01019,-,-,17-Mar-2020,EQ, Interim Dividend - Rs 1.50 Per Share,TVSELECT
-,-,,Alphageo (India) Limited,16-Mar-2020,10,-,INE137C01018,-,-,17-Mar-2020,EQ, Interim Dividend - Rs 8 Per Share,ALPHAGEO
-,-,,Marico Limited,16-Mar-2020,1,-,INE196A01026,-,-,17-Mar-2020,EQ, Interim Dividend - Rs 0.75 Per Share,MARICO
-,-,,Orbit Exports Limited,16-Mar-2020,10,-,INE231G01010,-,-,17-Mar-2020,EQ, Interim Dividend - Rs 3 Per Share,ORBTEXP
-,-,,Cupid Limited,16-Mar-2020,1,-,INE509F01011,-,-,17-Mar-2020,EQ, Interim Dividend - Rs 3.5 Per Share,CUPID
-,-,,Deepak Nitrite Limited,16-Mar-2020,2,-,INE288B01011,-,-,17-Mar-2020,EQ, Interim Dividend - Rs 4.50 Per Share,DEEPAKNTR
-,-,,Gujarat Ambuja Exports Limited,16-Mar-2020,1,-,INE036B01022,-,-,17-Mar-2020,EQ, Interim Dividend - Re 1 Per Share,GAEL
-,-,,Shilpa Medicare Limited,16-Mar-2020,1,-,INE790G01023,-,-,17-Mar-2020,EQ, Interim Dividend - Rs 1.10 Per Share,SHILPAMED
-,-,,Suprajit Engineering Limited,16-Mar-2020,1,-,INE399C01030,-,-,17-Mar-2020,EQ, Interim Dividend - Re 1 Per Share,SUPRAJIT
-,-,,Havells India Limited,16-Mar-2020,1,-,INE176B01018,-,-,17-Mar-2020,EQ, Interim Dividend - Rs 4 Per Share,HAVELLS
-,-,,Alembic Pharmaceuticals Limited,16-Mar-2020,2,-,INE901L01018,-,-,17-Mar-2020,EQ, Interim Dividend - Rs 7 Per Share Special Dividend - Rs 3 Per Share,APLLTD
-,-,,Weizmann Limited,16-Mar-2020,10,-,INE080A01014,-,-,17-Mar-2020,EQ, Interim Dividend - Rs 10 Per Share,WEIZMANIND
-,-,,Power Grid Corporation of India Limited,16-Mar-2020,10,-,INE752E01010,-,-,17-Mar-2020,EQ, Interim Dividend - Rs 5.96 Per Share,POWERGRID
-,-,,AIA Engineering Limited,17-Mar-2020,2,-,INE212H01026,-,-,18-Mar-2020,EQ, Interim Dividend - Rs 27 Per Share,AIAENG
-,-,,Welspun Living Limited,17-Mar-2020,1,-,INE192B01031,-,-,18-Mar-2020,EQ, Interim Dividend - Re 1 Per Share,WELSPUNLIV
-,-,,Greenlam Industries Limited,17-Mar-2020,1,-,INE544R01013,-,-,18-Mar-2020,EQ, Interim Dividend - Rs 4 Per Share,GREENLAM
-,-,,TVS Motor Company Limited,17-Mar-2020,1,-,INE494B01015,-,-,18-Mar-2020,EQ, Interim Dividend - Rs 1.40 Per Share,TVSMOTOR
-,-,,GOVERNMENT OF INDIA,17-Mar-2020,100,-,IN0020150028,-,-,18-Mar-2020,GS, Interest Payment,788GS2030
-,-,,Balaji Amines Limited,17-Mar-2020,2,-,INE050E01019,-,-,18-Mar-2020,EQ, Interim Dividend - Rs 2.60 Per Share,BALAMINES
-,-,,Hatsun Agro Product Limited,17-Mar-2020,1,-,INE473B01035,-,-,18-Mar-2020,EQ, Interim Dividend - Rs 2 Per Share,HATSUN
-,-,,Precision Camshafts Limited,17-Mar-2020,10,-,INE484I01029,-,-,18-Mar-2020,EQ, Interim Dividend - Rs 0.95 Per Share,PRECAM
-,-,,Ratnamani Metals & Tubes Limited,17-Mar-2020,2,-,INE703B01027,-,-,18-Mar-2020,EQ, Interim Dividend - Rs 12 Per Share,RATNAMANI
-,-,,TVS Holdings Limited,17-Mar-2020,5,-,INE105A01035,-,-,18-Mar-2020,EQ, Interim Dividend - Rs 31 Per Share,TVSHLTD
-,-,,TVS Srichakra Limited,17-Mar-2020,10,-,INE421C01016,-,-,18-Mar-2020,EQ, Interim Dividend - Rs 20.10 Per Share,TVSSRICHAK
-,-,,Sasken Technologies Limited,17-Mar-2020,10,-,INE231F01020,-,-,18-Mar-2020,EQ, Interim Dividend - Rs 15 Per Share Special Dividend - Rs 35 Per Share,SASKEN
-,-,,Arvind Fashions Limited,17-Mar-2020,4,-,INE955V01021,-,-,18-Mar-2020,EQ, Rights 16:47 @ Premium Rs 146/-,ARVINDFASN
-,-,,The Karnataka Bank Limited,17-Mar-2020,10,-,INE614B01018,-,-,18-Mar-2020,EQ, Bonus 1:10,KTKBANK
-,-,,Godfrey Phillips India Limited,17-Mar-2020,2,-,INE260B01010,-,-,18-Mar-2020,EQ, Interim Dividend - Rs 24 Per Share,GODFRYPHLP
-,-,,Kirloskar Oil Engines Limited,18-Mar-2020,2,-,INE146L01010,-,-,19-Mar-2020,EQ, Interim Dividend - Rs 4.00 Per Share,KIRLOSENG
-,-,,Aspinwall and Company Limited,18-Mar-2020,10,-,INE991I01015,-,-,19-Mar-2020,EQ, Interim Dividend - Rs 2.5 Per Share,ASPINWALL
-,-,,TSF INVESTMENTS LIMITED,18-Mar-2020,5,-,INE202Z01029,-,-,19-Mar-2020,EQ, Interim Dividend - Rs 0.75 Per Share,TSFINV
-,-,,Zensar Technologies Limited,18-Mar-2020,2,-,INE520A01019,-,-,19-Mar-2020,EQ, Interim Dividend - Rs 1.80 Per Share,ZENSARTECH
-,-,,IOL Chemicals and Pharmaceuticals Limited,18-Mar-2020,2,-,INE485C01011,-,-,19-Mar-2020,EQ, Interim Dividend - Rs 3 Per Share,IOLCP
-,-,,Jash Engineering Limited,18-Mar-2020,2,-,INE039O01011,-,-,19-Mar-2020,EQ, Interim Dividend - Rs 1.50 Per Share,JASH
-,-,,Kabra Extrusion Technik Limited,18-Mar-2020,5,-,INE900B01011,-,-,19-Mar-2020,EQ, Interim Dividend - Rs 1.50 Per Share,KABRAEXTRU
-,-,,Nesco Limited,18-Mar-2020,2,-,INE317F01027,-,-,19-Mar-2020,EQ, Interim Dividend - Rs 3 Per Share,NESCO
-,-,,NOCIL Limited,18-Mar-2020,10,-,INE163A01018,-,-,19-Mar-2020,EQ, Interim Dividend - Rs 2.50 Per Share,NOCIL
-,-,,Persistent Systems Limited,18-Mar-2020,5,-,INE262H01013,-,-,19-Mar-2020,EQ, Interim Dividend - Rs 3 Per Share,PERSISTENT
-,-,,GOVERNMENT OF INDIA,18-Mar-2020,100,-,IN0020150069,-,-,19-Mar-2020,GS, Interest Payment,759GS2029
-,-,,Atul Limited,18-Mar-2020,10,-,INE100A01010,-,-,19-Mar-2020,EQ, Interim Dividend - Rs 15 Per Share,ATUL
-,-,,Banco Products (I) Limited,18-Mar-2020,2,-,INE213C01025,-,-,19-Mar-2020,EQ, Interim Dividend - Rs 20 Per Share,BANCOINDIA
-,-,,Burnpur Cement Limited,18-Mar-2020,10,-,INE817H01014,-,-,19-Mar-2020,EQ, Extra Ordinary  General Meeting,BURNPUR
-,-,,Elgi Equipments Limited,18-Mar-2020,1,-,INE285A01027,-,-,19-Mar-2020,EQ, Interim Dividend - Rs 1.65 Per Share,ELGIEQUIP
-,-,,Elgi Rubber Company Limited,18-Mar-2020,1,-,INE819L01012,-,-,19-Mar-2020,EQ, Interim Dividend - Rs 0.16 Per Share,ELGIRUBCO
-,-,,Torrent Pharmaceuticals Limited,18-Mar-2020,5,-,INE685A01028,-,-,19-Mar-2020,EQ, Interim Dividend - Rs 17 Per Share Special Dividend - Rs 15 Per Share,TORNTPHARM
-,-,,The Great Eastern Shipping Company Limited,18-Mar-2020,10,-,INE017A01032,-,-,19-Mar-2020,EQ, Interim Dividend - Rs 5.4 Per Share,GESHIP
-,-,,Jamna Auto Industries Limited,18-Mar-2020,1,-,INE039C01016,-,-,19-Mar-2020,EQ, Interim Dividend - Rs 0.22 Per Share,JAMNAAUTO
-,-,,Savita Oil Technologies Limited,18-Mar-2020,2,-,INE035D01012,-,-,19-Mar-2020,EQ, Interim Dividend - Rs 20 Per Share,SOTL
-,-,,Amara Raja Energy & Mobility Limited,19-Mar-2020,1,-,INE885A01032,-,-,20-Mar-2020,EQ, Interim Dividend - Rs 5 Per Share,ARE&M
-,-,,PSP Projects Limited,19-Mar-2020,10,-,INE488V01015,-,-,21-Mar-2020,EQ, Interim Dividend - Rs 5 Per Share,PSPPROJECT
-,-,,MM Forgings Limited,19-Mar-2020,10,-,INE227C01017,-,-,20-Mar-2020,EQ, Interim Dividend - Rs 5 Per Share,MMFL
-,-,,Eicher Motors Limited,19-Mar-2020,1,-,INE066A01013,-,-,21-Mar-2020,EQ, Interim Dividend - Rs 125 Per Share,EICHERMOT
-,-,,Eris Lifesciences Limited,19-Mar-2020,1,-,INE406M01024,-,-,20-Mar-2020,EQ, Interim Dividend - Rs 2.87 Per Share,ERIS
-,-,,Excel Industries Limited,19-Mar-2020,5,-,INE369A01029,-,-,20-Mar-2020,EQ, Interim Dividend - Rs 10 Per Share,EXCELINDUS
-,-,,Fiem Industries Limited,19-Mar-2020,10,-,INE737H01014,-,-,20-Mar-2020,EQ, Interim Dividend - Rs 10 Per Share,FIEMIND
24-Mar-2020,23-Mar-2020,,Bartronics India Limited,19-Mar-2020,10,-,INE855F01034,-,-,-,EQ, Annual General Meeting,BARTRONICS
-,-,,Gateway Distriparks Limited,19-Mar-2020,10,-,INE852F01015,-,-,20-Mar-2020,EQ, Interim Dividend - Rs 4.5 Per Share,GDL
-,-,,The Andhra Sugars Limited,19-Mar-2020,2,-,INE715B01013,-,-,21-Mar-2020,EQ, Interim Dividend -  Rs 20 Per Share,ANDHRSUGAR
-,-,,IIFL Finance Limited,19-Mar-2020,2,-,INE530B01024,-,-,20-Mar-2020,EQ, Interim Dividend - Rs 2.25 Per Share,IIFL
-,-,,Apex Frozen Foods Limited,19-Mar-2020,10,-,INE346W01013,-,-,21-Mar-2020,EQ, Interim Dividend - Rs 2 Per Share,APEX
-,-,,Jindal Worldwide Limited,19-Mar-2020,1,-,INE247D01013,-,-,21-Mar-2020,EQ, Interim Dividend - Rs 0.05 Per Share,JINDWORLD
-,-,,Jyothy Labs Limited,19-Mar-2020,1,-,INE668F01031,-,-,20-Mar-2020,EQ, Interim Dividend - Rs 3 Per Share,JYOTHYLAB
-,-,,KNR Constructions Limited,19-Mar-2020,2,-,INE634I01011,-,-,20-Mar-2020,EQ, Interim Dividend - Rs 0.50 Per Share,KNRCON
-,-,,20 Microns Limited,19-Mar-2020,5,-,INE144J01019,-,-,21-Mar-2020,EQ, Interim Dividend - Rs 0.60 Per Share,20MICRONS
-,-,,Man Industries (India) Limited,19-Mar-2020,5,-,INE993A01026,-,-,21-Mar-2020,EQ, Interim Dividend - Re 1 Per Share,MANINDS
-,-,,Mold-Tek Technologies Limited,19-Mar-2020,2,-,INE835B01035,-,-,21-Mar-2020,EQ, Interim Dividend - Rs 1.50 Per Share,MOLDTECH
-,-,,Mold-Tek Packaging Limited,19-Mar-2020,5,-,INE893J01011,-,-,21-Mar-2020,EQ, Interim Dividend - Rs 5 Per Share,MOLDTKPAC
-,-,,NCL Industries Limited,19-Mar-2020,10,-,INE732C01016,-,-,20-Mar-2020,EQ, Interim Dividend - Rs 1.5 Per Share,NCLIND
-,-,,CEAT Limited,19-Mar-2020,10,-,INE482A01020,-,-,20-Mar-2020,EQ, Interim Dividend - Rs 12 Per Share,CEATLTD
-,-,,Oriental Aromatics Limited,19-Mar-2020,5,-,INE959C01023,-,-,20-Mar-2020,EQ, Interim Dividend - Rs 2.50 Per Share,OAL
-,-,,Oricon Enterprises Limited,19-Mar-2020,2,-,INE730A01022,-,-,21-Mar-2020,EQ, Interim Dividend - Rs 0.5 Per Share Special Dividend - Rs 0.3 Per Share,ORICONENT
-,-,,Indian Energy Exchange Limited,19-Mar-2020,1,-,INE022Q01012,-,-,21-Mar-2020,EQ, Interim Dividend - Rs 2.50 Per Share,IEX
-,-,,Navneet Education Limited,19-Mar-2020,2,-,INE060A01024,-,-,21-Mar-2020,EQ, Interim Dividend - Rs 0.50 Per Share,NAVNETEDUL
-,-,,KEI Industries Limited,19-Mar-2020,2,-,INE878B01027,-,-,20-Mar-2020,EQ, Interim Dividend -  Rs 1.50 Per Share,KEI
-,-,,National Fertilizers Limited,19-Mar-2020,10,-,INE870D01012,-,-,20-Mar-2020,EQ, Interim Dividend -  Rs 0.95 Per Share,NFL
-,-,,GOVERNMENT OF INDIA,19-Mar-2020,100,-,IN0020070051,-,-,20-Mar-2020,GS, Interest Payment,813GS2022
-,-,,GOVERNMENT OF INDIA,19-Mar-2020,100,-,IN0020070069,-,-,20-Mar-2020,GS, Interest Payment,828GS2027
-,-,,GOVERNMENT OF INDIA,19-Mar-2020,100,-,IN0020070077,-,-,20-Mar-2020,GS, Interest Payment,833GS2032
-,-,,Tata Consultancy Services Limited,19-Mar-2020,1,-,INE467B01029,-,-,20-Mar-2020,EQ, Interim Dividend - Rs 12 Per Share,TCS
-,-,,Somany Ceramics Limited,19-Mar-2020,2,-,INE355A01010,-,-,21-Mar-2020,EQ, Interim Dividend - Rs 2 Per Share,SOMANYCERA
-,-,,Delta Corp Limited,19-Mar-2020,1,-,INE124G01033,-,-,20-Mar-2020,EQ, Interim Dividend - Rs 0.75 Per Share,DELTACORP
-,-,,Granules India Limited,19-Mar-2020,1,-,INE101D01012,-,-,20-Mar-2020,EQ, Buyback,GRANULES
-,-,,Transport Corporation of India Limited,19-Mar-2020,2,-,INE688A01022,-,-,21-Mar-2020,EQ, Interim Dividend - Re 1 Per Share,TCI
-,-,,TCI Express Limited,19-Mar-2020,2,-,INE586V01016,-,-,21-Mar-2020,EQ, Interim Dividend - Re 1 Per Share,TCIEXP
-,-,,JK Lakshmi Cement Limited,19-Mar-2020,5,-,INE786A01032,-,-,21-Mar-2020,EQ, Interim Dividend - Rs 2.5 Per Share,JKLAKSHMI
-,-,,Blue Star Limited,19-Mar-2020,2,-,INE472A01039,-,-,20-Mar-2020,EQ, Interim Dividend - Rs 10 Per Share,BLUESTARCO
-,-,,Zydus Wellness Limited,19-Mar-2020,2,-,INE768C01010,-,-,21-Mar-2020,EQ, Interim Dividend - Rs 5 Per Share,ZYDUSWELL
-,-,,Tribhovandas Bhimji Zaveri Limited,19-Mar-2020,10,-,INE760L01018,-,-,20-Mar-2020,EQ, Interim Dividend - Re 1 Per Share,TBZ
-,-,,FDC Limited,19-Mar-2020,1,-,INE258B01022,-,-,21-Mar-2020,EQ, Interim Dividend - Rs 0.80 Per Share,FDC
-,-,,PNC Infratech Limited,19-Mar-2020,2,-,INE195J01011,-,-,20-Mar-2020,EQ, Interim Dividend - Rs 0.50 Per Share,PNCINFRA
-,-,,Asahi India Glass Limited,19-Mar-2020,1,-,INE439A01020,-,-,21-Mar-2020,EQ, Interim Dividend - Re 1 Per Share,ASAHIINDIA
-,-,,Insecticides (India) Limited,19-Mar-2020,10,-,INE070I01018,-,-,20-Mar-2020,EQ, Interim Dividend - Rs 4 Per Share,INSECTICID
-,-,,BEML Limited,19-Mar-2020,5,-,INE258A01016,-,-,21-Mar-2020,EQ, Interim Dividend -  Rs 2.5 Per Share,BEML
-,-,,KPIT Technologies Limited,19-Mar-2020,10,-,INE04I401011,-,-,20-Mar-2020,EQ, Interim Dividend - Rs 0.45 Per Share,KPITTECH
-,-,,Aries Agro Limited,19-Mar-2020,10,-,INE298I01015,-,-,21-Mar-2020,EQ, Interim Dividend - Rs 0.50 Per Share,ARIES
-,-,,West Coast Paper Mills Limited,19-Mar-2020,2,-,INE976A01021,-,-,20-Mar-2020,EQ, Interim Dividend - Rs 5 Per Share,WSTCSTPAPR
-,-,,Cipla Limited,19-Mar-2020,2,-,INE059A01026,-,-,20-Mar-2020,EQ, Interim Dividend - Rs 3 Per Share Special Dividend - Re 1 Per Share,CIPLA
-,-,,Coal India Limited,19-Mar-2020,10,-,INE522F01014,-,-,20-Mar-2020,EQ, Interim Dividend - Rs 12 Per Share,COALINDIA
-,-,,Ashok Leyland Limited,19-Mar-2020,1,-,INE208A01029,-,-,20-Mar-2020,EQ, Interim Dividend -Rs 0.50 Per Share,ASHOKLEY
-,-,,Saksoft Limited,19-Mar-2020,1,-,INE667G01015,-,-,21-Mar-2020,EQ, Interim Dividend - Rs 2.50 Per Share,SAKSOFT
-,-,,Nilkamal Limited,19-Mar-2020,10,-,INE310A01015,-,-,21-Mar-2020,EQ, Interim Dividend - Rs 10 Per Share,NILKAMAL
-,-,,Prestige Estates Projects Limited,19-Mar-2020,10,-,INE811K01011,-,-,21-Mar-2020,EQ, Interim Dividend - Rs 1.50 Per Share,PRESTIGE
-,-,,SPR Auto Technologies Limited,19-Mar-2020,10,-,INE526E01018,-,-,20-Mar-2020,EQ, Interim Dividend - Rs 3 Per Share,SHRIPISTON
-,-,,Action Construction Equipment Limited,20-Mar-2020,2,-,INE731H01025,-,-,23-Mar-2020,EQ, Interim Dividend Rs - 0.50 Per Share,ACE
-,-,,AksharChem India Limited,20-Mar-2020,10,-,INE542B01011,-,-,23-Mar-2020,EQ, Interim Dividend - Rs 3.5 Per Share,AKSHARCHEM
-,-,,Geojit Financial Services Limited,20-Mar-2020,1,-,INE007B01023,-,-,23-Mar-2020,EQ, Interim Dividend - Rs 1.50 Per Share,GEOJITFSL
-,-,,GOVERNMENT OF INDIA,20-Mar-2020,100,-,IN0020120047,-,-,23-Mar-2020,GS, Interest Payment,82GS2025
-,-,,Menon Bearings Limited,20-Mar-2020,1,-,INE071D01025,-,-,23-Mar-2020,EQ, Interim Dividend - Rs 1.25 Per Share,MENONBE
-,-,,Thermax Limited,20-Mar-2020,2,-,INE152A01029,-,-,23-Mar-2020,EQ, Interim Dividend - Rs 7 Per Share,THERMAX
-,-,,Control Print Limited,20-Mar-2020,10,-,INE663B01015,-,-,23-Mar-2020,EQ, Interim Dividend - Rs 4.50 Per Share,CONTROLPR
-,-,,Garware Technical Fibres Limited,20-Mar-2020,10,-,INE276A01018,-,-,23-Mar-2020,EQ, Interim Dividend -Rs 7 Per Share Special Dividend - Rs 10 Per Share,GARFIBRES
-,-,,Visaka Industries Limited,20-Mar-2020,2,-,INE392A01013,-,-,23-Mar-2020,EQ, Interim Dividend - Rs 5 Per Share,VISAKAIND
-,-,,Alicon Castalloy Limited,23-Mar-2020,5,-,INE062D01024,-,-,24-Mar-2020,EQ, Interim Dividend - Rs 1.25 Per Share,ALICON
-,-,,Shankara Building Products Limited,23-Mar-2020,10,-,INE274V01019,-,-,25-Mar-2020,EQ, Interim Dividend - Rs 2 Per Share,SHANKARA
-,-,,GOVERNMENT OF INDIA,23-Mar-2020,100,-,IN0020020247,-,-,24-Mar-2020,GS, Interest Payment,601GS2028
-,-,,Mastek Limited,23-Mar-2020,5,-,INE759A01021,-,-,25-Mar-2020,EQ, Interim Dividend - Rs 5 Per Share,MASTEK
-,-,,Indian Oil Corporation Limited,23-Mar-2020,10,-,INE242A01010,-,-,25-Mar-2020,EQ, Interim Dividend - Rs 4.25 Per Share,IOC
-,-,,Aurum PropTech Limited,23-Mar-2020,5,-,INE898S01029,-,-,24-Mar-2020,EQ, Interim Dividend - Rs 2 Per Share,AURUM
-,-,,Kirloskar Industries Limited,23-Mar-2020,10,-,INE250A01039,-,-,25-Mar-2020,EQ, Interim Dividend- Rs 10 Per Share,KIRLOSIND
-,-,,Allcargo Logistics Limited,23-Mar-2020,2,-,INE418H01029,-,-,24-Mar-2020,EQ, Interim Dividend - Rs 3 Per Share,ALLCARGO
-,-,,Brigade Enterprises Limited,23-Mar-2020,10,-,INE791I01019,-,-,24-Mar-2020,EQ, Interim Dividend - Re 1 Per Share,BRIGADE
-,-,,Zydus Lifesciences Limited,23-Mar-2020,1,-,INE010B01027,-,-,24-Mar-2020,EQ, Interim Dividend - Rs 3.50 Per Share,ZYDUSLIFE
-,-,,Galaxy Surfactants Limited,23-Mar-2020,10,-,INE600K01018,-,-,24-Mar-2020,EQ, Interim Dividend - Rs 8 Per Share Special Dividend -Rs 6 Per Share,GALAXYSURF
-,-,,Graphite India Limited,23-Mar-2020,2,-,INE371A01025,-,-,25-Mar-2020,EQ, Interim Dividend - Rs 2 Per Share,GRAPHITE
-,-,,Prince Pipes And Fittings Limited,23-Mar-2020,10,-,INE689W01016,-,-,24-Mar-2020,EQ, Interim Dividend- Re 1 Per Share,PRINCEPIPE
-,-,,Muthoot Finance Limited,23-Mar-2020,10,-,INE414G01012,-,-,25-Mar-2020,EQ, Interim Dividend - Rs 15 Per Share,MUTHOOTFIN
-,-,,Oil & Natural Gas Corporation Limited,23-Mar-2020,5,-,INE213A01011,-,-,24-Mar-2020,EQ, Interim Dividend - Rs 5 Per Share,ONGC
-,-,,RBL Bank Limited,23-Mar-2020,10,-,INE976G01028,-,-,25-Mar-2020,EQ, Interim Dividend - Rs 1.50 Per Share,RBLBANK
-,-,,Thangamayil Jewellery Limited,23-Mar-2020,10,-,INE085J01014,-,-,24-Mar-2020,EQ, Interim Dividend - Rs 5 Per Share,THANGAMAYL
-,-,,Bharat Petroleum Corporation Limited,23-Mar-2020,10,-,INE029A01011,-,-,24-Mar-2020,EQ, Interim Dividend - Rs 16.50 Per Share,BPCL
-,-,,V.S.T Tillers Tractors Limited,23-Mar-2020,10,-,INE764D01017,-,-,25-Mar-2020,EQ, Interim Dividend - Rs 15 Per Share,VSTTILLERS
-,-,,Adani Enterprises Limited,23-Mar-2020,1,-,INE423A01024,-,-,25-Mar-2020,EQ, Interim Dividend - Re 1 Per Share,ADANIENT
-,-,,Fineotex Chemical Limited,23-Mar-2020,1,-,INE045J01018,-,-,24-Mar-2020,EQ, Interim Dividend - Rs 0.05 Per Share,FCL
-,-,,Laurus Labs Limited,23-Mar-2020,2,-,INE947Q01010,-,-,25-Mar-2020,EQ, Interim Dividend - Rs 1.50 Per Share,LAURUSLABS
-,-,,Hindustan Aeronautics Limited,23-Mar-2020,5,-,INE066F01012,-,-,24-Mar-2020,EQ, Interim Dividend - Rs 33.25 Per Share,HAL
-,-,,Dhani Services Limited,23-Mar-2020,2,-,INE274G01010,-,-,24-Mar-2020,EQ, Interim Dividend - Rs 2.25 Per Share,DHANI
-,-,,Cyient Limited,23-Mar-2020,5,-,INE136B01020,-,-,24-Mar-2020,EQ, Interim Dividend Rs - 9 Per Share,CYIENT
-,-,,GOVERNMENT OF INDIA,23-Mar-2020,100,-,IN0020030071,-,-,24-Mar-2020,GS, Interest Payment,597GS2025
-,-,,Larsen & Toubro Limited,24-Mar-2020,2,-,INE018A01030,-,-,26-Mar-2020,EQ, Interim Dividend - Rs 10 Per Share,LT
-,-,,PPAP Automotive Limited,24-Mar-2020,10,-,INE095I01015,-,-,26-Mar-2020,EQ, Interim Dividend - Rs 2 Per Share,PPAP
-,-,,RPG Life Sciences Limited,24-Mar-2020,8,-,INE105J01010,-,-,26-Mar-2020,EQ, Interim Dividend - Rs 4 Per Share,RPGLIFE
-,-,,Dixon Technologies (India) Limited,24-Mar-2020,2,-,INE935N01012,-,-,26-Mar-2020,EQ, Interim Dividend - Rs 4 Per Share,DIXON
-,-,,Nucleus Software Exports Limited,24-Mar-2020,10,-,INE096B01018,-,-,26-Mar-2020,EQ, Interim Dividend - Rs 9 Per Share,NUCLEUS
-,-,,The United Nilgiri Tea Estates Company Limited,24-Mar-2020,10,-,INE458F01011,-,-,26-Mar-2020,EQ, Interim Dividend - Re 1 Per Share,UNITEDTEA
-,-,,India Nippon Electricals Limited,24-Mar-2020,5,-,INE092B01017,-,-,26-Mar-2020,EQ, Interim Dividend - Rs 3.75 Per Share,INDNIPPON
-,-,,Lumax Industries Limited,24-Mar-2020,10,-,INE162B01018,-,-,26-Mar-2020,EQ, Interim Dividend - Rs 17.50 Per Share,LUMAXIND
03-Apr-2020,27-Mar-2020,,Digjam Limited,24-Mar-2020,10,-,INE731U01010,-,-,-,EQ, Annual General Meeting,DIGJAMLTD
-,-,,GHCL Limited,24-Mar-2020,10,-,INE539A01019,-,-,26-Mar-2020,EQ, Interim Dividend - Rs 3 Per Share,GHCL
-,-,,Vaibhav Global Limited,26-Mar-2020,2,-,INE884A01019,-,-,27-Mar-2020,EQ, Interim Dividend - Rs 19.74 Per Share,VAIBHAVGBL
-,-,,ZF Commercial Vehicle Control Systems India Limited,26-Mar-2020,5,-,INE342J01019,-,-,27-Mar-2020,EQ, Interim Dividend-  Rs 10 Per Share,ZFCVINDIA
-,-,,NTPC Limited,26-Mar-2020,10,-,INE733E01010,-,-,27-Mar-2020,EQ, Interim Dividend - Rs 0.50 Per Hsare,NTPC
-,-,,S H Kelkar and Company Limited,26-Mar-2020,10,-,INE500L01026,-,-,27-Mar-2020,EQ, Interim Dividend - Rs 0.95 Per Share,SHK
-,-,,SMS Pharmaceuticals Limited,26-Mar-2020,1,-,INE812G01017,-,-,28-Mar-2020,EQ, Interim Dividend - Rs 0.25 Per Share,SMSPHARMA
-,-,,Emami Limited,26-Mar-2020,1,-,INE548C01024,-,-,27-Mar-2020,EQ, Interim Dividend - Rs 2 Per Share,EMAMILTD
-,-,,Housing & Urban Development Corporation Limited,26-Mar-2020,10,-,INE031A07873,-,-,28-Mar-2020,EQ, Interim Dividend - Rs 0.75 Per Share,HUDCO
-,-,,Sharda Motor Industries Limited,26-Mar-2020,2,-,INE597I01010,-,-,27-Mar-2020,EQ, Demerger,SHARDAMOTR
-,-,,Sun TV Network Limited,26-Mar-2020,5,-,INE424H01027,-,-,27-Mar-2020,EQ, Interim Dividend - Rs 12.50 Per Share,SUNTV
-,-,,Adani Total Gas Limited,26-Mar-2020,1,-,INE399L01023,-,-,27-Mar-2020,EQ, Interim Dividend - Rs 0.25 Per Share,ATGL
-,-,,Amber Enterprises India Limited,26-Mar-2020,10,-,INE371P01015,-,-,27-Mar-2020,EQ, Interim Dividend - Rs 1.60 Per Share,AMBER
-,-,,City Union Bank Limited,26-Mar-2020,1,-,INE491A01021,-,-,27-Mar-2020,EQ, Interim Dividend - Rs 0.50 Per Share,CUB
-,-,,L&T Finance Limited,26-Mar-2020,10,-,INE498L01015,-,-,28-Mar-2020,EQ, Interim Dividend - Rs 0.90 Per Share,LTF
-,-,,Garden Reach Shipbuilders & Engineers Limited,26-Mar-2020,10,-,INE382Z01011,-,-,27-Mar-2020,EQ, Interim Dividend - Rs 5.74 Per Share,GRSE
-,-,,ACC Limited,27-Mar-2020,10,-,INE012A01025,-,-,30-Mar-2020,EQ, Dividend - Rs 14 Per Share,ACC
-,-,,GOVERNMENT OF INDIA,27-Mar-2020,100,-,IN0020130053,-,-,30-Mar-2020,GS, Interest Payment,92GS2030
10-Apr-2020,03-Apr-2020,,Varun Beverages Limited,30-Mar-2020,2,-,INE200M01013,-,-,-,EQ, Annual General Meeting,VBL
-,-,,Hexaware Technologies Limited,30-Mar-2020,2,-,INE093A01033,-,-,01-Apr-2020,EQ, Dividend - Rs 2.50 Per Share,HEXAWARE
-,-,,Government of India,31-Mar-2020,100,-,IN0020190362,-,-,04-Apr-2020,GS, Interest Payment,645GS2029
-,-,,Tips Music Limited,31-Mar-2020,1,-,INE716B01029,-,-,03-Apr-2020,EQ, Buyback,TIPSMUSIC
08-Apr-2020,07-Apr-2020,,Crisil Limited,31-Mar-2020,1,-,INE007A01017,-,-,-,EQ, Annual General Meeting/Dividend Rs 13 Per Share,CRISIL
-,-,,NACL Industries Limited,31-Mar-2020,1,-,INE295D01020,-,-,04-Apr-2020,EQ, Interim Dividend - Rs 0.10 Per Share,NACLIND
-,-,,GOVERNMENT OF INDIA,06-Jan-2022,100,-,IN0020170174,-,-,07-Jan-2022,GS,Interest Payment,717GS2028
-,-,,Mazagon Dock Shipbuilders Limited,06-Jan-2022,5,-,INE249Z01012,-,-,07-Jan-2022,EQ,Interim Dividend - Rs 7.10 Per Share,MAZDOCK
-,-,,GOVERNMENT OF INDIA,06-Jan-2022,100,-,IN0020120039,-,-,07-Jan-2022,GS,Interest Payment,833GS2026
-,-,,Indian Metals & Ferro Alloys Limited,07-Jan-2022,10,-,INE919H01018,-,-,10-Jan-2022,EQ,Bonus 1:1,IMFA
-,-,,GOVERNMENT OF INDIA,07-Jan-2022,100,-,IN0020150093,-,-,10-Jan-2022,GS,Interest Payment,759GS2026
-,-,,IPCA Laboratories Limited,10-Jan-2022,1,-,INE571A01020,-,-,11-Jan-2022,EQ,Face Value Split (Sub-Division) - From Rs 2/- Per Share To Re 1/- Per Share,IPCALAB
-,-,,GMR AIRPORTS LIMITED,11-Jan-2022,1,-,INE776C01039,-,-,12-Jan-2022,EQ,Demerger,GMRAIRPORT
-,-,,Sarthak Metals Limited,12-Jan-2022,10,-,INE017W01010,-,-,13-Jan-2022,EQ,Interim Dividend - Re 1 Per Share,SMLT
-,-,,Ajanta Pharma Limited,13-Jan-2022,2,-,INE031B01015,-,-,14-Jan-2022,EQ,Buyback,AJANTPHARM
-,-,,Samvardhana Motherson International Limited,14-Jan-2022,1,-,INE775A01035,-,-,17-Jan-2022,EQ,Demerger,MOTHERSON
-,-,,Info Edge (India) Limited,17-Jan-2022,2,-,INE663F01024,-,-,18-Jan-2022,EQ,Interim Dividend - Rs 8 Per Sh,NAUKRI
-,-,,Hinduja Global Solutions Limited,17-Jan-2022,10,-,INE170I01016,-,-,18-Jan-2022,EQ,Interim Dividend - Rs 150 Per Share,HGS
-,-,,One Point One Solutions Limited,18-Jan-2022,2,-,INE840Y01011,-,-,19-Jan-2022,EQ,Face Value Split (Sub-Division) - From Rs 10/- Per Share To Rs 2/- Per Share,ONEPOINT
-,-,,One Point One Solutions Limited,18-Jan-2022,2,-,INE840Y01011,-,-,19-Jan-2022,EQ,Bonus 1:2,ONEPOINT
-,-,,Anand Rathi Wealth Limited,19-Jan-2022,5,-,INE463V01026,-,-,20-Jan-2022,EQ,Interim Dividend - Rs 5 Per Share,ANANDRATHI
-,-,,Tata Consultancy Services Limited,19-Jan-2022,1,-,INE467B01029,-,-,20-Jan-2022,EQ,Interim Dividend - Rs 7 Per Share,TCS
04-Feb-2022,22-Jan-2022,,Siemens Limited,20-Jan-2022,2,-,INE003A01024,-,-,-,EQ,Dividend - Rs 8 Per Share,SIEMENS
-,-,,HCL Technologies Limited,20-Jan-2022,2,-,INE860A01027,-,-,22-Jan-2022,EQ,Interim Dividend - Rs 10 Per Share,HCLTECH
-,-,,Auri Grow India Limited,20-Jan-2022,1,-,INE925Y01036,-,-,21-Jan-2022,EQ,Bonus 1:1,AURIGROW
-,-,,Railtel Corporation Of India Limited,20-Jan-2022,10,-,INE0DD101019,-,-,21-Jan-2022,EQ,Interim Dividend - Rs 1.75 Per Share,RAILTEL
-,-,,Wipro Limited,21-Jan-2022,2,-,INE075A01022,-,-,24-Jan-2022,EQ,Interim Dividend - Re 1 Per Share,WIPRO
-,-,,Angel One Limited,24-Jan-2022,1,-,INE732I01013,-,-,25-Jan-2022,EQ,Interim Dividend - Rs 7 Per Share,ANGELONE
-,-,,KPI Green Energy Limited,24-Jan-2022,5,-,INE542W01017,-,-,25-Jan-2022,EQ,Interim Dividend - Rs 0.40 Per Share,KPIGREEN
-,-,,CESC Limited,24-Jan-2022,1,-,INE486A01013,-,-,25-Jan-2022,EQ,Interim Dividend - Rs 4.50 Per Share,CESC
-,-,,DCM Shriram Limited,24-Jan-2022,2,-,INE499A01024,-,-,26-Jan-2022,EQ,Interim Dividend - Rs 5.20 Per Share,DCMSHRIRAM
-,-,,GOVERNMENT OF INDIA,25-Jan-2022,100,-,IN0020180488,-,-,27-Jan-2022,GS,Interest Payment,732GS2024
-,-,,GOVERNMENT OF INDIA,25-Jan-2022,100,-,IN0020140045,-,-,27-Jan-2022,GS,Interest Payment,84GS2024
-,-,,L&T Technology Services Limited,25-Jan-2022,2,-,INE010V01017,-,-,27-Jan-2022,EQ,Interim Dividend - Rs 10 Per Share,LTTS
-,-,,Lagnam Spintex Limited,27-Jan-2022,10,-,INE548Z01017,-,-,28-Jan-2022,EQ,Interim Dividend - Rs 0.50 Per Share,LAGNAM
-,-,,Bhansali Engineering Polymers Limited,27-Jan-2022,1,-,INE922A01025,-,-,28-Jan-2022,EQ,Interim Dividend - Re 1  Per Share,BEPL
-,-,,Persistent Systems Limited,27-Jan-2022,5,-,INE262H01013,-,-,29-Jan-2022,EQ,Interim Dividend - Rs 20 Per Share,PERSISTENT
-,-,,Shrem Invit,28-Jan-2022,100,-,INE0GTI23014,-,-,31-Jan-2022,IV,Dividend - Rs 1.25 Per Unit/Interst Amount - Rs 0.646 Per Unit/Return On Capital - Rs 1.554 Per Unit,SHREMINVIT
-,-,,Ramkrishna Forgings Limited,28-Jan-2022,2,-,INE399G01015,-,-,31-Jan-2022,EQ,Interim Dividend - Rs 0.50 Per Share,RKFORGE
-,-,,CCL Products (India) Limited,31-Jan-2022,2,-,INE421D01014,-,-,01-Feb-2022,EQ,Interim Dividend - Rs 3 Per Share,CCL
-,-,,Saregama India Limited,31-Jan-2022,1,-,INE979A01017,-,-,01-Feb-2022,EQ,Interim Dividend - Rs 30 Per Share,SAREGAMA
-,-,,Visaka Industries Limited,31-Jan-2022,2,-,INE392A01013,-,-,01-Feb-2022,EQ,Interim Dividend - Rs  7 Per Share,VISAKAIND
-,-,,Mastek Limited,31-Jan-2022,5,-,INE759A01021,-,-,01-Feb-2022,EQ,Interim Dividend - Rs 7 Per Share,MASTEK
-,-,,GOVERNMENT OF INDIA,31-Jan-2022,100,-,IN0020070036,-,-,01-Feb-2022,GS,Interest Payment,826GS2027
-,-,,GOVERNMENT OF INDIA,31-Jan-2022,100,-,IN0020070028,-,-,01-Feb-2022,GS,Interest Payment,808GS2022
-,-,,GOVERNMENT OF INDIA,31-Jan-2022,100,-,IN0020070044,-,-,01-Feb-2022,GS,Interest Payment,832GS2032
-,-,,Government of India,01-Feb-2022,100,-,IN0020200153,-,-,02-Feb-2022,GS,Interest Payment,577GS2030
-,-,,Orient Electric Limited,01-Feb-2022,1,-,INE142Z01019,-,-,02-Feb-2022,EQ,Interim Dividend - Rs 0.75  Per Share,ORIENTELEC
-,-,,IndiGrid Infrastructure Trust,01-Feb-2022,100,-,INE219X23014,-,-,02-Feb-2022,IV,Interest Amount - Rs 2.66 Per Unit / Return On Capital - Rs 0.52 Per Unit,INDIGRID
-,-,,PCBL Chemical Limited,01-Feb-2022,1,-,INE602A01023,-,-,02-Feb-2022,EQ,Interim Dividend - Rs 10 Per Share,PCBL
-,-,,Torrent Pharmaceuticals Limited,02-Feb-2022,5,-,INE685A01028,-,-,03-Feb-2022,EQ,Interim Dividend - Rs 25 Per Share,TORNTPHARM
-,-,,Sharda Cropchem Limited,02-Feb-2022,10,-,INE221J01015,-,-,03-Feb-2022,EQ,Interim Dividend - Rs 3 Per Share,SHARDACROP
14-Feb-2022,04-Feb-2022,,Nakoda Group of Industries Limited,02-Feb-2022,10,-,INE236Y01012,-,-,-,EQ,Extra Ordinary General Meeting,NGIL
-,-,,Container Corporation of India Limited,02-Feb-2022,5,-,INE111A01017,-,-,03-Feb-2022,EQ,Interim Dividend - Rs 2 Per Share,CONCOR
-,-,,Wendt (India) Limited,02-Feb-2022,10,-,INE274C01019,-,-,03-Feb-2022,EQ,Interim Dividend - Rs 20 Per Share,WENDT
-,-,,Share India Securities Limited,02-Feb-2022,2,-,INE932X01018,-,-,03-Feb-2022,EQ,Interim Dividend - Rs 2 Per Share,SHAREINDIA
-,-,,COSMO FIRST LIMITED,02-Feb-2022,10,-,INE757A01017,-,-,03-Feb-2022,EQ,Interim Dividend - Rs 10 Per Share,COSMOFIRST
-,-,,POWERGRID Infrastructure Investment Trust,02-Feb-2022,100,-,INE0GGX23010,-,-,03-Feb-2022,IV,Interest Income - Rs 1.99 Per Unit/ Dividend - Re 1 Per Unit/Treasury Income Re. 0.01 Per Unit,PGINVIT
-,-,,Accelya Solutions India Limited,03-Feb-2022,10,-,INE793A01012,-,-,04-Feb-2022,EQ,Interim Dividend - Rs 17 Per Share,ACCELYA
-,-,,Kirloskar Ferrous Industries Limited,03-Feb-2022,5,-,INE884B01025,-,-,04-Feb-2022,EQ,Interim Dividend - Rs 2.50 Per Share,KIRLFER
-,-,,Aakash Exploration Services Limited,03-Feb-2022,1,-,INE087Z01016,-,-,04-Feb-2022,EQ,Face Value Split (Sub-Division) - From Rs 10/- Per Share To Re 1/- Per Share,AAKASH
-,-,,Indian Energy Exchange Limited,03-Feb-2022,1,-,INE022Q01012,-,-,04-Feb-2022,EQ,Interim Dividend - Re 1 Per Share,IEX
-,-,,Bigbloc Construction Limited,03-Feb-2022,2,-,INE412U01017,-,-,04-Feb-2022,EQ,Interim Dividend - Rs 0.10 Per Share,BIGBLOC
-,-,,Integra Essentia Limited,03-Feb-2022,1,-,INE418N01035,-,-,04-Feb-2022,EQ,Face Value Split (Sub-Division) - From Rs 3/- Per Share To Re 1/- Per Share,ESSENTIA
-,-,,SRF Limited,03-Feb-2022,10,-,INE647A01010,-,-,04-Feb-2022,EQ,Interim Dividend - Rs 4.75 Per Share,SRF
-,-,,Motilal Oswal Financial Services Limited,03-Feb-2022,1,-,INE338I01027,-,-,04-Feb-2022,EQ,Interim Dividend - Rs 7 Per Share,MOTILALOFS
-,-,,Zensar Technologies Limited,03-Feb-2022,2,-,INE520A01019,-,-,04-Feb-2022,EQ,Interim Dividend - Rs 1.50 Per Share,ZENSARTECH
-,-,,IIFL Capital Services Limited,03-Feb-2022,2,-,INE489L01022,-,-,04-Feb-2022,EQ,Interim Dividend - Rs 3 Per Share,IIFLCAPS
-,-,,Greenpanel Industries Limited,03-Feb-2022,1,-,INE08ZM01014,-,-,04-Feb-2022,EQ,Interim Dividend - Rs 1.50 Per Share,GREENPANEL
-,-,,Global Education Limited,03-Feb-2022,2,-,INE291W01011,-,-,05-Feb-2022,EQ,Interim Dividend - Rs 2 Per Share,GLOBAL
-,-,,Symphony Limited,03-Feb-2022,2,-,INE225D01019,-,-,04-Feb-2022,EQ,Interim Dividend - Re 1 Per Share,SYMPHONY
-,-,,NTPC Limited,03-Feb-2022,10,-,INE733E01010,-,-,05-Feb-2022,EQ,Interim Dividend - Rs 4 Per Share,NTPC
-,-,,Vaibhav Global Limited,03-Feb-2022,2,-,INE884A01019,-,-,05-Feb-2022,EQ,Interim Dividend - Rs 1.50 Per Share,VAIBHAVGBL
-,-,,Thangamayil Jewellery Limited,03-Feb-2022,10,-,INE085J01014,-,-,04-Feb-2022,EQ,Interim Dividend - Rs 5 Per Share,THANGAMAYL
-,-,,TCI Express Limited,03-Feb-2022,2,-,INE586V01016,-,-,05-Feb-2022,EQ,Interim Dividend - Rs 3 Per Share,TCIEXP
-,-,,Transport Corporation of India Limited,03-Feb-2022,2,-,INE688A01022,-,-,04-Feb-2022,EQ,Interim Dividend - Rs 2 Per Share,TCI
-,-,,La Opala RG Limited,03-Feb-2022,2,-,INE059D01012,-,-,04-Feb-2022,EQ,Interim Dividend - Rs  1.50 Per Share,LAOPALA
-,-,,IIFL Finance Limited,03-Feb-2022,2,-,INE530B01024,-,-,04-Feb-2022,EQ,Interim Dividend - Rs 3.50 Per Share,IIFL
-,-,,Siyaram Silk Mills Limited,04-Feb-2022,2,-,INE076B01010,-,-,07-Feb-2022,EQ,Interim Dividend - Rs 3 Per Share,SIYSIL
-,-,,Embassy Office Parks REIT,04-Feb-2022,300,-,INE041025011,-,-,07-Feb-2022,RR,Distribution,EMBASSY
-,-,,Marico Limited,04-Feb-2022,1,-,INE196A01026,-,-,07-Feb-2022,EQ,Interim Dividend - Rs 6.25 Per Share,MARICO
-,-,,Chambal Fertilizers & Chemicals Limited,04-Feb-2022,10,-,INE085A01013,-,-,07-Feb-2022,EQ,Interim Dividend - Rs 4.50 Per Share,CHAMBLFERT
-,-,,AvenuesAI Limited,07-Feb-2022,1,-,INE483S01020,-,-,08-Feb-2022,EQ,Interim Dividend - Rs 0.05 Per Share,CCAVENUE
-,-,,ROUTE MOBILE LIMITED,07-Feb-2022,10,-,INE450U01017,-,-,08-Feb-2022,EQ,Interim Dividend - Rs 3 Per Share,ROUTE
-,-,,Control Print Limited,07-Feb-2022,10,-,INE663B01015,-,-,08-Feb-2022,EQ,Interim Dividend - Rs 4 Per Share,CONTROLPR
-,-,,Exide Industries Limited,07-Feb-2022,1,-,INE302A01020,-,-,08-Feb-2022,EQ,Interim Dividend - Rs 2 Per Share,EXIDEIND
-,-,,KEI Industries Limited,07-Feb-2022,2,-,INE878B01027,-,-,08-Feb-2022,EQ,Interim Dividend - Rs 2.50 Per Share,KEI
-,-,,Kewal Kiran Clothing Limited,07-Feb-2022,10,-,INE401H01017,-,-,08-Feb-2022,EQ,Interim Dividend - Rs 4 Per Share,KKCL
-,-,,Coforge Limited,07-Feb-2022,2,-,INE591G01017,-,-,08-Feb-2022,EQ,Interim Dividend - Rs 13 Per Share,COFORGE
-,-,,NIIT Limited,08-Feb-2022,2,-,INE161A01038,-,-,09-Feb-2022,EQ,Interim Dividend - Rs 3 Per Share,NIITLTD
-,-,,SPR Auto Technologies Limited,08-Feb-2022,10,-,INE526E01018,-,-,09-Feb-2022,EQ,Interim Dividend - Rs 6 Per Share,SHRIPISTON
-,-,,GOVERNMENT OF INDIA,08-Feb-2022,100,-,IN0020040039,-,-,09-Feb-2022,GS,Interest Payment,75GS2034
-,-,,Blue Dart Express Limited,08-Feb-2022,10,-,INE233B01017,-,-,09-Feb-2022,EQ,Interim Dividend - Rs 25 Per Share,BLUEDART
-,-,,Gravita India Limited,08-Feb-2022,2,-,INE024L01019,-,-,09-Feb-2022,EQ,Interim Dividend - Rs 3 Per Share,GRAVITA
-,-,,BirlaNu Limited,08-Feb-2022,10,-,INE557A01011,-,-,09-Feb-2022,EQ,Interim Dividend - Rs 20 Per Share,BIRLANU
-,-,,Schaeffler India Limited,08-Feb-2022,2,-,INE513A01014,-,-,09-Feb-2022,EQ,Face Value Split (Sub-Division) - From Rs 10/- Per Share To Rs 2/- Per Share,SCHAEFFLER
-,-,,Procter & Gamble Hygiene and Health Care Limited,08-Feb-2022,10,-,INE179A01014,-,-,09-Feb-2022,EQ,Interim Dividend - Rs 95 Per Share,PGHH
-,-,,Sun Pharmaceutical Industries Limited,09-Feb-2022,1,-,INE044A01028,-,-,10-Feb-2022,EQ,Interim Dividend - Rs 7 Per Share,SUNPHARMA
-,-,,Orient Cement Limited,09-Feb-2022,1,-,INE876N01018,-,-,10-Feb-2022,EQ,Interim Dividend - Rs 0.75 Per Share,ORIENTCEM
-,-,,Indian Oil Corporation Limited,09-Feb-2022,10,-,INE242A01010,-,-,10-Feb-2022,EQ,Interim Dividend - Rs  4 Per Share,IOC
-,-,,Bharat Electronics Limited,09-Feb-2022,1,-,INE263A01016,-,-,10-Feb-2022,EQ,Interim Dividend - Rs 1.50 Per Share,BEL
-,-,,Aarti Drugs Limited,09-Feb-2022,10,-,INE767A01016,-,-,10-Feb-2022,EQ,Interim Dividend - Re 1  Per Share,AARTIDRUGS
-,-,,GPT Infraprojects Limited,09-Feb-2022,10,-,INE390G01014,-,-,10-Feb-2022,EQ,Interim Dividend - Rs 1.50 Per Share,GPTINFRA
-,-,,Gillette India Limited,09-Feb-2022,10,-,INE322A01010,-,-,10-Feb-2022,EQ,Interim Dividend - Rs 33 Per Share,GILLETTE
-,-,,GMM Pfaudler Limited,10-Feb-2022,2,-,INE541A01023,-,-,11-Feb-2022,EQ,Interim Dividend - Re 1 Per Share,GMMPFAUDLR
-,-,,MAS Financial Services Limited,10-Feb-2022,10,-,INE348L01012,-,-,12-Feb-2022,EQ,Interim Dividend - Rs 1.25 Per Share,MASFIN
-,-,,Nitin Spinners Limited,10-Feb-2022,10,-,INE229H01012,-,-,11-Feb-2022,EQ,Interim Dividend - Rs 1.50 Per Share,NITINSPIN
-,-,,Shivalik Bimetal Controls Limited,10-Feb-2022,2,-,INE386D01027,-,-,12-Feb-2022,EQ,Interim Dividend - Rs 0.50 Per Share,SBCL
-,-,,SHREE CEMENT LIMITED,10-Feb-2022,10,-,INE070A01015,-,-,12-Feb-2022,EQ,Interim Dividend - Rs 45 Per Share,SHREECEM
-,-,,Alkem Laboratories Limited,10-Feb-2022,2,-,INE540L01014,-,-,12-Feb-2022,EQ,Interim Dividend - Rs 30 Per Sh,ALKEM
-,-,,Bajaj Consumer Care Limited,10-Feb-2022,1,-,INE933K01021,-,-,12-Feb-2022,EQ,Interim Dividend - Rs 4 Per Share,BAJAJCON
-,-,,Emami Limited,10-Feb-2022,1,-,INE548C01024,-,-,11-Feb-2022,EQ,Interim Dividend - Rs 4 Per Share,EMAMILTD
-,-,,Torrent Power Limited,10-Feb-2022,10,-,INE813H01021,-,-,11-Feb-2022,EQ,Interim Dividend - Rs 9 Per Share,TORNTPOWER
-,-,,VRL Logistics Limited,10-Feb-2022,10,-,INE366I01010,-,-,11-Feb-2022,EQ,Interim Dividend - Rs 8 Per Share,VRLLOG
-,-,,Bharat Petroleum Corporation Limited,10-Feb-2022,10,-,INE029A01011,-,-,11-Feb-2022,EQ,Interim Dividend - Rs 5 Per Share,BPCL
-,-,,LT Foods Limited,10-Feb-2022,1,-,INE818H01020,-,-,11-Feb-2022,EQ,Interim Dividend - Rs 0.50 Per Share,LTFOODS
-,-,,KPIT Technologies Limited,10-Feb-2022,10,-,INE04I401011,-,-,11-Feb-2022,EQ,Interim Dividend - Rs 1.25 Per Share,KPITTECH
-,-,,NACL Industries Limited,10-Feb-2022,1,-,INE295D01020,-,-,11-Feb-2022,EQ,Interim Dividend - Rs 0.15 Per Share,NACLIND
-,-,,TTK Prestige Limited,10-Feb-2022,1,-,INE690A01010,-,-,12-Feb-2022,EQ,Interim Dividend - Rs 2.50 Per Share,TTKPRESTIG
-,-,,Cholamandalam Investment and Finance Company Limited,10-Feb-2022,2,-,INE121A01016,-,-,11-Feb-2022,EQ,Interim Dividend - Rs 1.30 Per Share,CHOLAFIN
-,-,,Dhanuka Agritech Limited,10-Feb-2022,2,-,INE435G01025,-,-,12-Feb-2022,EQ,Interim Dividend - Rs 8 Per Share,DHANUKA
-,-,,Greenlam Industries Limited,10-Feb-2022,1,-,INE544R01013,-,-,11-Feb-2022,EQ,Face Value Split (Sub-Division) - From Rs 5/- Per Share To Re 1/- Per Share,GREENLAM
-,-,,Jubilant Ingrevia Limited,10-Feb-2022,1,-,INE0BY001018,-,-,11-Feb-2022,EQ,Interim Dividend - Rs 2.50 Per Sh,JUBLINGREA
-,-,,Apcotex Industries Limited,10-Feb-2022,2,-,INE116A01016,-,-,11-Feb-2022,EQ,Interim Dividend - Rs 2 Per Share,APCOTEXIND
21-Feb-2022,14-Feb-2022,,SPML Infra Limited,10-Feb-2022,2,-,INE937A01023,-,-,-,EQ,Extra Ordinary General Meeting,SPMLINFRA
-,-,,IRB InvIT Fund,10-Feb-2022,102,-,INE183W23014,-,-,12-Feb-2022,IV,Interest Amount - Rs 1.20 Per Unit/ Return On Capital - Rs 1.20 Per Unit,IRBINVIT
-,-,,Balrampur Chini Mills Limited,11-Feb-2022,1,-,INE119A01028,-,-,14-Feb-2022,EQ,Interim Dividend - Rs 2.50 Per Share,BALRAMCHIN
-,-,,Sona BLW Precision Forgings Limited,11-Feb-2022,10,-,INE073K01018,-,-,14-Feb-2022,EQ,Interim Dividend - Rs 0.77 Per Share,SONACOMS
-,-,,GOVERNMENT OF INDIA,11-Feb-2022,100,-,IN0020060078,-,-,14-Feb-2022,GS,Interest Payment,824GS2027
-,-,,GOVERNMENT OF INDIA,11-Feb-2022,100,-,IN0020060086,-,-,14-Feb-2022,GS,Interest Payment,828GS2032
-,-,,CARYSIL LIMITED,11-Feb-2022,2,-,INE482D01024,-,-,14-Feb-2022,EQ,Interim Dividend - Rs 1.20 Per Share,CARYSIL
-,-,,BLS International Services Limited,11-Feb-2022,1,-,INE153T01019,-,-,14-Feb-2022,EQ,Interim Dividend - Re 1 Per Share,BLS
-,-,,Coromandel International Limited,14-Feb-2022,1,-,INE169A01023,-,-,15-Feb-2022,EQ,Interim Dividend - Rs 6 Per Share,COROMANDEL
-,-,,TSF INVESTMENTS LIMITED,14-Feb-2022,5,-,INE202Z01029,-,-,15-Feb-2022,EQ,Special Dividend - Re 1 Per Share,TSFINV
-,-,,Shanthi Gears Limited,14-Feb-2022,1,-,INE631A01022,-,-,15-Feb-2022,EQ,Interim Dividend - Rs 2.50 Per Share,SHANTIGEAR
-,-,,Precision Wires India Limited,14-Feb-2022,1,-,INE372C01011,-,-,15-Feb-2022,EQ,Interim Dividend - Rs 0.45 Per Share,PRECWIRE
-,-,,PI Industries Limited,14-Feb-2022,1,-,INE603J01014,-,-,15-Feb-2022,EQ,Interim Dividend - Rs 3 Per Share,PIIND
-,-,,ITC Limited,14-Feb-2022,1,-,INE154A01025,-,-,15-Feb-2022,EQ,Interim Dividend - Rs 5.25 Per Share,ITC
-,-,,Minda Corporation Limited,15-Feb-2022,2,-,INE842C01013,-,-,16-Feb-2022,EQ,Interim Dividend - Rs 0.30 Per Share,MINDACORP
-,-,,Cohance Lifesciences Limited,15-Feb-2022,1,-,INE03QK01018,-,-,16-Feb-2022,EQ,Interim Dividend - Re 1 Per Share/ Special Dividend - Rs 2 Per Share,COHANCE
-,-,,IOL Chemicals and Pharmaceuticals Limited,15-Feb-2022,2,-,INE485C01011,-,-,16-Feb-2022,EQ,Interim Dividend - Rs 4 Per Share,IOLCP
-,-,,Mindspace Business Parks REIT,15-Feb-2022,275,-,INE0CCU25019,-,-,16-Feb-2022,RR,Interest Amount - Rs 0.32 Per Unit/ Dividend - Rs 4.31 Per Unit/ Other Income - Rs 0.01 Per Unit,MINDSPACE
-,-,,C.E. Info Systems Limited,15-Feb-2022,2,-,INE0BV301023,-,-,16-Feb-2022,EQ,Interim Dividend - Rs 2 Per Share,MAPMYINDIA
-,-,,Aarti Industries Limited,15-Feb-2022,5,-,INE769A01020,-,-,16-Feb-2022,EQ,Interim Dividend - Re 1 Per Share,AARTIIND
-,-,,REC Limited,15-Feb-2022,10,-,INE020B01018,-,-,16-Feb-2022,EQ,Interim Dividend - Rs 6 Per Share,RECLTD
-,-,,Dalmia Bharat Sugar and Industries Limited,15-Feb-2022,2,-,INE495A01022,-,-,16-Feb-2022,EQ,Interim Dividend - Rs 3 Per Share,DALMIASUG
-,-,,AVT Natural Products Limited,16-Feb-2022,1,-,INE488D01013,-,-,17-Feb-2022,EQ,Interim Dividend - Rs 0.40 Per Share,AVTNPL
-,-,,Engineers India Limited,16-Feb-2022,5,-,INE510A01010,-,-,17-Feb-2022,EQ,Interim Dividend - Rs 2 Per Share,ENGINERSIN
-,-,,Power Grid Corporation of India Limited,16-Feb-2022,10,-,INE752E01010,-,-,17-Feb-2022,EQ,Interim Dividend - Rs 5.50 Per Share,POWERGRID
-,-,,UNO Minda Limited,16-Feb-2022,2,-,INE405E01023,-,-,17-Feb-2022,EQ,Interim Dividend - Rs 0.50 Per Share,UNOMINDA
-,-,,Mahanagar Gas Limited,17-Feb-2022,10,-,INE002S01010,-,-,18-Feb-2022,EQ,Interim Dividend - Rs 9.50 Per Share,MGL
-,-,,National Aluminium Company Limited,17-Feb-2022,5,-,INE139A01026,-,-,18-Feb-2022,EQ,Interim Dividend - Rs 3 Per Share,NATIONALUM
-,-,,NMDC Limited,17-Feb-2022,1,-,INE584A01023,-,-,18-Feb-2022,EQ,Interim Dividend - Rs 5.73 Per Share,NMDC
-,-,,Renaissance Global Limited,17-Feb-2022,2,-,INE722H01016,-,-,18-Feb-2022,EQ,Interim Dividend - Rs 5.50 Per Share,RGL
-,-,,Sundaram Finance Limited,17-Feb-2022,10,-,INE660A01013,-,-,18-Feb-2022,EQ,Interim Dividend - Rs 10 Per Share,SUNDARMFIN
-,-,,Tube Investments of India Limited,17-Feb-2022,1,-,INE974X01010,-,-,18-Feb-2022,EQ,Interim Dividend - Rs 2 Per Share,TIINDIA
-,-,,MRF Limited,17-Feb-2022,10,-,INE883A01011,-,-,18-Feb-2022,EQ,Interim Dividend - Rs 3 Per Share,MRF
25-Feb-2022,21-Feb-2022,,GVK Power & Infrastructure Limited,17-Feb-2022,1,-,INE251H01024,-,-,-,EQ,Annual General Meeting,GVKPIL
-,-,,United Drilling Tools Limited,17-Feb-2022,10,-,INE961D01019,-,-,19-Feb-2022,EQ,Interim Dividend - Rs 0.90 Per Share,UNIDT
25-Feb-2022,19-Feb-2022,,BEML Limited,17-Feb-2022,5,-,INE258A01016,-,-,-,EQ,Extra Ordinary General Meeting,BEML
-,-,,Computer Age Management Services Limited,17-Feb-2022,2,-,INE596I01012,-,-,18-Feb-2022,EQ,Interim Dividend - Rs 10.75 Per Share,CAMS
-,-,,Antelopus Selan Energy Limited,17-Feb-2022,10,-,INE818A01017,-,-,19-Feb-2022,EQ,Interim Dividend - Rs 5 Per Share,ANTELOPUS
-,-,,FDC Limited,17-Feb-2022,1,-,INE258B01022,-,-,19-Feb-2022,EQ,Buy Back,FDC
-,-,,Hindustan Aeronautics Limited,17-Feb-2022,5,-,INE066F01012,-,-,18-Feb-2022,EQ,Interim Dividend - Rs 26 Per Share,HAL
-,-,,Page Industries Limited,17-Feb-2022,10,-,INE761H01022,-,-,18-Feb-2022,EQ,Interim Dividend - Rs 100 Per Share,PAGEIND
-,-,,Firstsource Solutions Limited,17-Feb-2022,10,-,INE684F01012,-,-,18-Feb-2022,EQ,Interim Dividend - Rs 3.50 Per Share,FSL
-,-,,MOIL Limited,17-Feb-2022,10,-,INE490G01020,-,-,19-Feb-2022,EQ,Interim Divdend,MOIL
-,-,,Esab India Limited,17-Feb-2022,10,-,INE284A01012,-,-,18-Feb-2022,EQ,Interim Dividend - Rs 18 Per Share,ESABINDIA
-,-,,Sun TV Network Limited,17-Feb-2022,5,-,INE424H01027,-,-,18-Feb-2022,EQ,Interim Dividend - Rs 2.50 Per Share,SUNTV
-,-,,Aegis Logistics Limited,17-Feb-2022,1,-,INE208C01025,-,-,18-Feb-2022,EQ,Interim Divdend - Rs 2 Per Share,AEGISLOG
-,-,,Goldiam International Limited,17-Feb-2022,2,-,INE025B01017,-,-,18-Feb-2022,EQ,Interim Dividend - Rs 3 Per Share,GOLDIAM
-,-,,Granules India Limited,17-Feb-2022,1,-,INE101D01012,-,-,18-Feb-2022,EQ,Interim Dividend - Rs 0.25 Per Share,GRANULES
-,-,,Indian Railway Catering And Tourism Corporation Limited,17-Feb-2022,2,-,INE335Y01012,-,-,18-Feb-2022,EQ,Interim Dividend - Rs 2 Per Share,IRCTC
-,-,,JM Financial Limited,17-Feb-2022,1,-,INE780C01023,-,-,18-Feb-2022,EQ,Interim Dividend - Rs 0.50 Per Share,JMFINANCIL
-,-,,K.P.R. Mill Limited,17-Feb-2022,1,-,INE930H01015,-,-,19-Feb-2022,EQ,Buyback,KPRMILL
-,-,,Maan Aluminium Limited,18-Feb-2022,5,-,INE215I01019,-,-,21-Feb-2022,EQ,Interim Dividend - Re 1 Per Share,MAANALU
-,-,,Pitti Engineering Limited,18-Feb-2022,5,-,INE450D01021,-,-,21-Feb-2022,EQ,Interim Dividend - Rs 0.40 Per Share,PITTIENG
-,-,,Government of India,18-Feb-2022,100,-,IN0020200401,-,-,21-Feb-2022,GS,Interest Payment,676GS2061
-,-,,Virescent Renewable Energy Trust,18-Feb-2022,100,-,INE0GYU23027,-,-,21-Feb-2022,IV,Interest And Principal Debt Repayment - Rs 9.9905 Per Unit,VIRESCENT
-,-,,Amrutanjan Health Care Limited,18-Feb-2022,1,-,INE098F01015,-,-,21-Feb-2022,EQ,Interim Dividend - Re 1 Per Share,AMRUTANJAN
-,-,,Gulf Oil Lubricants India Limited,18-Feb-2022,2,-,INE635Q01029,-,-,21-Feb-2022,EQ,Buy Back,GULFOILLUB
-,-,,Shyam Metalics and Energy Limited,18-Feb-2022,10,-,INE810G01011,-,-,21-Feb-2022,EQ,Interim Dividend - Rs 2.25 Per Share,SHYAMMETL
-,-,,Talbros Automotive Components Limited,18-Feb-2022,2,-,INE187D01011,-,-,21-Feb-2022,EQ,Interim Dividend - Re 1 Per Share,TALBROAUTO
-,-,,Brookfield India Real Estate Trust,18-Feb-2022,275,-,INE0FDU25010,-,-,21-Feb-2022,RR,Dividend - Rs 0.10 Per Unit/Interest Amount - Rs 3.28 Per Unit/Repayment Of Spv Debt - Rs 1.59 Per Unit/Fixed Deposit Interest -Rs 0.03 Per Unit,BIRET
-,-,,Aurobindo Pharma Limited,18-Feb-2022,1,-,INE406A01029,-,-,21-Feb-2022,EQ,Interim Dividend - Rs 1.50 Per Share,AUROPHARMA
-,-,,Metropolis Healthcare Limited,21-Feb-2022,2,-,INE112L01020,-,-,22-Feb-2022,EQ,Interim Dividend - Rs. 8 Per Share,METROPOLIS
-,-,,Hindware Home Innovation Limited,21-Feb-2022,2,-,INE05AN01011,-,-,22-Feb-2022,EQ,Interim Dividend - Rs 0.50 Per Share,HINDWAREAP
-,-,,Oil & Natural Gas Corporation Limited,21-Feb-2022,5,-,INE213A01011,-,-,22-Feb-2022,EQ,Interim Dividend - Rs 1.75 Per Share,ONGC
-,-,,Sundram Fasteners Limited,21-Feb-2022,1,-,INE387A01021,-,-,22-Feb-2022,EQ,Interim Dividend - Rs 6.45 Per Share,SUNDRMFAST
-,-,,Veedol Corporation Limited,21-Feb-2022,2,-,INE484C01030,-,-,22-Feb-2022,EQ,Interim Dividend - Rs 20 Per Share,VEEDOL
-,-,,JBM Auto Limited,21-Feb-2022,1,-,INE927D01010,-,-,22-Feb-2022,EQ,Face Value Split (Sub-Division) - From Rs 5/- Per Share To Rs 2/- Per Share,JBMA
-,-,,Balkrishna Industries Limited,21-Feb-2022,2,-,INE787D01018,-,-,22-Feb-2022,EQ,Interim Dividend - Rs 4 Per Share/Special Dividend - Rs 12 Per Share,BALKRISIND
-,-,,Ircon International Limited,21-Feb-2022,2,-,INE962Y01013,-,-,22-Feb-2022,EQ,Interim Dividend - Rs 0.70 Per Share,IRCON
-,-,,HERCULES INVESTMENTS LIMITED,21-Feb-2022,1,-,INE688E01024,-,-,22-Feb-2022,EQ,Interim Dividend - Rs 0.75 Per Share,HERCULES
-,-,,India Nippon Electricals Limited,21-Feb-2022,5,-,INE092B01017,-,-,22-Feb-2022,EQ,Interim Dividend - Rs 6.25 Per Shar,INDNIPPON
-,-,,Kirloskar Oil Engines Limited,21-Feb-2022,2,-,INE146L01010,-,-,22-Feb-2022,EQ,Interim Dividend - Rs 1.50 Per Share,KIRLOSENG
-,-,,Carborundum Universal Limited,21-Feb-2022,1,-,INE120A01026,-,-,22-Feb-2022,EQ,Interim Dividend - Rs 1.50 Per Share,CARBORUNIV
-,-,,Cochin Shipyard Limited,21-Feb-2022,5,-,INE704P01017,-,-,22-Feb-2022,EQ,Interim Dividend - Rs 7 Per Share,COCHINSHIP
-,-,,Cummins India Limited,21-Feb-2022,2,-,INE298A01020,-,-,22-Feb-2022,EQ,Interim Dividend - Rs 8 Per Share,CUMMINSIND
-,-,,Hero MotoCorp Limited,21-Feb-2022,2,-,INE158A01026,-,-,22-Feb-2022,EQ,Interim Dividend - Rs 60 Per Share,HEROMOTOCO
-,-,,SJVN Limited,21-Feb-2022,10,-,INE002L01015,-,-,22-Feb-2022,EQ,Interim Dividend - Rs 1.15 Per Share,SJVN
-,-,,Coal India Limited,21-Feb-2022,10,-,INE522F01014,-,-,22-Feb-2022,EQ,Interim Dividend - Rs 5 Per Share,COALINDIA
-,-,,Mtar Technologies Limited,21-Feb-2022,10,-,INE864I01014,-,-,22-Feb-2022,EQ,Interim Dividend - Rs 3 Per Share,MTARTECH
-,-,,Mayur Uniquoters Ltd,22-Feb-2022,5,-,INE040D01012,-,-,23-Feb-2022,EQ,Buyback,MAYURUNIQ
-,-,,Hinduja Global Solutions Limited,22-Feb-2022,10,-,INE170I01016,-,-,23-Feb-2022,EQ,Bonus 1:1,HGS
-,-,,Mstc Limited,22-Feb-2022,10,-,INE255X01014,-,-,23-Feb-2022,EQ,Interim Dividend - Rs 6.50 Per Share,MSTCLTD
-,-,,NHPC Limited,22-Feb-2022,10,-,INE848E01016,-,-,23-Feb-2022,EQ,Interim Dividend - Rs 1.31 Per Share,NHPC
-,-,,Oil India Limited,22-Feb-2022,10,-,INE274J01014,-,-,23-Feb-2022,EQ,Interim Dividend - Rs 5.75 Per Sh,OIL
-,-,,SBC Exports Limited,22-Feb-2022,1,-,INE04AK01010,-,-,23-Feb-2022,EQ,Face Value Split (Sub-Division) - From Rs 10/- Per Share To Re 1/- Per Share,SBC
-,-,,Hinduja Global Solutions Limited,22-Feb-2022,10,-,INE170I01016,-,-,23-Feb-2022,EQ,Interim Dividend - Rs 28 Per Share,HGS
-,-,,Suprajit Engineering Limited,22-Feb-2022,1,-,INE399C01030,-,-,23-Feb-2022,EQ,Interim Dividend - Rs 0.90 Per Share,SUPRAJIT
-,-,,Tata Consultancy Services Limited,22-Feb-2022,1,-,INE467B01029,-,-,23-Feb-2022,EQ,Buyback,TCS
-,-,,Trent Limited,22-Feb-2022,1,-,INE849A01012,-,-,23-Feb-2022,EQ,Interim Dividend - Rs 0.60 Per Share,TRENT
-,-,,JSW Dulux Limited,22-Feb-2022,10,-,INE133A01011,-,-,23-Feb-2022,EQ,Interim Dividend - Rs 40 Per Share,JSWDULUX
-,-,,NCL Industries Limited,22-Feb-2022,10,-,INE732C01016,-,-,23-Feb-2022,EQ,Interim Dividend - Rs 1.50 Per Share,NCLIND
-,-,,Garden Reach Shipbuilders & Engineers Limited,22-Feb-2022,10,-,INE382Z01011,-,-,23-Feb-2022,EQ,Interim Dividend - Rs 4.95 Per Share,GRSE
-,-,,SBC Exports Limited,22-Feb-2022,1,-,INE04AK01010,-,-,23-Feb-2022,EQ,Bonus 1:1,SBC
-,-,,Hikal Limited,23-Feb-2022,2,-,INE475B01014,-,-,24-Feb-2022,EQ,Interim Dividend - Rs 1.20 Per Share,HIKAL
-,-,,JB Chemicals & Pharmaceuticals Limited,23-Feb-2022,1,-,INE572A01028,-,-,24-Feb-2022,EQ,Interim Dividend - Rs 8.50 Per Share,JBCHEPHARM
-,-,,MODISON LIMITED,23-Feb-2022,1,-,INE737D01021,-,-,24-Feb-2022,EQ,Interim Dividend - Re 1 Per Share,MODISONLTD
-,-,,DCM Shriram Industries Limited,23-Feb-2022,2,-,INE843D01027,-,-,24-Feb-2022,EQ,Interim Dividend - Re 1 Per Share,DCMSRIND
01-Mar-2022,25-Feb-2022,,Parenteral Drugs (India) Limited,23-Feb-2022,10,-,INE904D01019,-,-,-,EQ,Extra Ordinary General Meeting,PDPL
-,-,,Ashiana Housing Limited,23-Feb-2022,2,-,INE365D01013,-,-,24-Feb-2022,EQ,Interim Dividend - Rs 0.40 Per Share,ASHIANA
-,-,,Bharat Dynamics Limited,23-Feb-2022,5,-,INE171Z01018,-,-,24-Feb-2022,EQ,Interim Dividend - Rs 7.30 Per Share,BDL
-,-,,Manappuram Finance Limited,24-Feb-2022,2,-,INE522D01027,-,-,25-Feb-2022,EQ,Int Dividend - Rs 0.75 Per Share,MANAPPURAM
-,-,,MOIL Limited,24-Feb-2022,10,-,INE490G01020,-,-,26-Feb-2022,EQ,Interim Dividend - Rs 3 Per Share,MOIL
-,-,,Natco Pharma Limited,24-Feb-2022,2,-,INE987B01018,-,-,25-Feb-2022,EQ,Interim Dividend - Rs 2 Per Share,NATCOPHARM
-,-,,Nureca Limited,24-Feb-2022,10,-,INE0DSF01015,-,-,25-Feb-2022,EQ,Interim Dividend - Rs 3 Per Share,NURECA
-,-,,Polyplex Corporation Limited,24-Feb-2022,10,-,INE633B01018,-,-,25-Feb-2022,EQ,Interim Dividend - Rs 35 Per Share,POLYPLEX
-,-,,Rama Steel Tubes Limited,24-Feb-2022,1,-,INE230R01019,-,-,25-Feb-2022,EQ,Interim Dividend - Rs 0.50 Per Share,RAMASTEEL
05-Mar-2022,27-Feb-2022,,Geekay Wires Limited,24-Feb-2022,1,-,INE669X01016,-,-,-,EQ,Extra Ordinary General Meeting,GEEKAYWIRE
-,-,,GOVERNMENT OF INDIA,24-Feb-2022,100,-,IN0020039031,-,-,25-Feb-2022,GS,Interest Payment,587GS2022
-,-,,Government of India,24-Feb-2022,100,-,IN0020200187,-,-,25-Feb-2022,GS,Interest Payment,68GS2060
-,-,,GOVERNMENT OF INDIA,24-Feb-2022,100,-,IN0020020106,-,-,25-Feb-2022,GS,Interest Payment,795GS2032
04-Mar-2022,26-Feb-2022,,Servotech Renewable Power System Limited,24-Feb-2022,1,-,INE782X01017,-,-,-,EQ,Extra Ordinary General Meeting,SERVOTECH
-,-,,Steel City Securities Limited,24-Feb-2022,10,-,INE395H01011,-,-,25-Feb-2022,EQ,Interest Dividend - Re 1 Per Share,STEELCITY
-,-,,Mrs. Bectors Food Specialities Limited,24-Feb-2022,2,-,INE495P01012,-,-,25-Feb-2022,EQ,Interim Dividend - Rs 1.25 Per Share,BECTORFOOD
-,-,,The Sandesh Limited,24-Feb-2022,10,-,INE583B01015,-,-,25-Feb-2022,EQ,Interim Dividend - Rs 5 Per Share,SANDESH
-,-,,Accuracy Shipping Limited,25-Feb-2022,1,-,INE648Z01015,-,-,28-Feb-2022,EQ,Interim Dividend - Rs 0.25 Per Share,ACCURACY
-,-,,Power Finance Corporation Limited,25-Feb-2022,10,-,INE134E01011,-,-,28-Feb-2022,EQ,Interim Dividend - Rs 6 Per Share,PFC
-,-,,Easy Trip Planners Limited,28-Feb-2022,1,-,INE07O001018,-,-,02-Mar-2022,EQ,Bonus 1:1,EASEMYTRIP
-,-,,GOVERNMENT OF INDIA,03-Mar-2022,100,-,IN0020160035,-,-,04-Mar-2022,GS,Interest Payment,697GS2026
-,-,,Arshiya Limited,03-Mar-2022,2,-,INE968D01022,-,-,04-Mar-2022,EQ,Demerger,ARSHIYA
-,-,,Supreme Engineering Limited,03-Mar-2022,1,-,INE319Z01013,-,-,04-Mar-2022,EQ,Face Value Split (Sub-Division) - From Rs 10/- Per Share To Re 1/- Per Share,SUPREMEENG
-,-,,GOVERNMENT OF INDIA,04-Mar-2022,100,-,IN0020050012,-,-,07-Mar-2022,GS,Interest Payment,74GS2035
-,-,,VIP Industries Limited,08-Mar-2022,2,-,INE054A01019,-,-,09-Mar-2022,EQ,Interim Dividend,VIPIND
-,-,,GOVERNMENT OF INDIA,08-Mar-2022,100,-,IN0020010081,-,-,09-Mar-2022,GS,Interest Payment,1018GS2026
-,-,,Wockhardt Limited,08-Mar-2022,5,-,INE049B01025,-,-,09-Mar-2022,EQ,Rights 3:10@ Premium Rs 220 Per Share,WOCKPHARMA
-,-,,Vedanta Limited,09-Mar-2022,1,-,INE205A01025,-,-,10-Mar-2022,EQ,Interim Dividend,VEDL
-,-,,EID Parry India Limited,10-Mar-2022,1,-,INE126A01023,-,-,11-Mar-2022,EQ,Interim Dividend - Rs 5.50 Per Sh,EIDPARRY
-,-,,GOVERNMENT OF INDIA,10-Mar-2022,100,-,IN0020190024,-,-,11-Mar-2022,GS,Interest Payment,762GS2039
-,-,,Vishal Fabrics Limited,10-Mar-2022,5,-,INE755Q01025,-,-,11-Mar-2022,EQ,Bonus 2:1,VISHAL
-,-,,Shriram Finance Limited,11-Mar-2022,2,-,INE721A01013,-,-,14-Mar-2022,EQ,Interim Dividend - Rs 12 Per Share,SHRIRAMFIN
-,-,,Government of India,11-Mar-2022,100,-,IN0020200245,-,-,14-Mar-2022,GS,Interest Payment,622GS2035
-,-,,DIC India Limited,14-Mar-2022,10,-,INE303A01010,-,-,15-Mar-2022,EQ,Dividend - Rs 3 Per Share/Special Dividend - Rs 2 Per Sh,DICIND
-,-,,GOVERNMENT OF INDIA,14-Mar-2022,100,-,IN0020170042,-,-,15-Mar-2022,GS,Interest Payment,668GS2031
-,-,,Ramkrishna Forgings Limited,14-Mar-2022,2,-,INE399G01015,-,-,15-Mar-2022,EQ,Face Value Split (Sub-Division) - From Rs 10/- Per Share To Rs 2/- Per Share,RKFORGE
-,-,,Arihant Capital Markets Limited,14-Mar-2022,1,-,INE420B01028,-,-,15-Mar-2022,EQ,Interim Dividend - Rs 0.75 Per Share,ARIHANTCAP
-,-,,NLC India Limited,14-Mar-2022,10,-,INE589A01014,-,-,15-Mar-2022,EQ,Interim Dividend - Rs 1.50 Per Share,NLCINDIA
-,-,,AvenuesAI Limited,14-Mar-2022,1,-,INE483S01020,-,-,15-Mar-2022,EQ,Bonus 1:1,CCAVENUE
-,-,,Rajratan Global Wire Limited,15-Mar-2022,2,-,INE451D01011,-,-,16-Mar-2022,EQ,Face Value Split (Sub-Division) - From Rs 10/- Per Share To Rs 2/- Per Share,RAJRATAN
-,-,,TVS Electronics Limited,15-Mar-2022,10,-,INE236G01019,-,-,16-Mar-2022,EQ,Interim Dividend - Rs 2 Per Share,TVSELECT
-,-,,Brightcom Group Limited,15-Mar-2022,2,-,INE425B01027,-,-,16-Mar-2022,EQ,Bonus 2:3,BCG
-,-,,Metro Brands Limited,16-Mar-2022,5,-,INE317I01021,-,-,19-Mar-2022,EQ,Interim Dividend - Rs 1.50 Per Share,METROBRAND
24-Mar-2022,18-Mar-2022,,K.M.Sugar Mills Limited,16-Mar-2022,2,-,INE157H01023,-,-,-,EQ,Entra Ordinary General Meeting,KMSUGAR
-,-,,Shriram City Union Finance Limited,16-Mar-2022,10,-,INE722A01011,-,-,17-Mar-2022,EQ,Interim Dividend - Rs 27 Per Share,SHRIRAMCIT
-,-,,GOVERNMENT OF INDIA,16-Mar-2022,100,-,IN0020070077,-,-,19-Mar-2022,GS,Interest Payment,833GS2032
-,-,,GOVERNMENT OF INDIA,16-Mar-2022,100,-,IN0020070069,-,-,19-Mar-2022,GS,Interest Payment,828GS2027
-,-,,GOVERNMENT OF INDIA,16-Mar-2022,100,-,IN0020070051,-,-,19-Mar-2022,GS,Interest Payment,813GS2022
-,-,,GOVERNMENT OF INDIA,16-Mar-2022,100,-,IN0020150028,-,-,17-Mar-2022,GS,Interest Payment,788GS2030
-,-,,DRC Systems India Limited,16-Mar-2022,1,-,INE03RS01019,-,-,17-Mar-2022,EQ,Face Value Split (Sub-Division) - From Rs 10/- Per Share To Re 1/- Per Share,DRCSYSTEMS
-,-,,GOVERNMENT OF INDIA,16-Mar-2022,100,-,IN0020150069,-,-,17-Mar-2022,GS,Interest Payment,759GS2029
-,-,,JINDAL STEEL LIMITED,16-Mar-2022,1,-,INE749A01030,-,-,19-Mar-2022,EQ,Interim Dividend - Re 1 Per Share,JINDALSTEL
-,-,,Agro Phos India Limited,16-Mar-2022,10,-,INE740V01019,-,-,18-Mar-2022,EQ,Interim Dividend - Rs 0.25 Per Share,AGROPHOS
-,-,,Sun TV Network Limited,17-Mar-2022,5,-,INE424H01027,-,-,21-Mar-2022,EQ,Interim Dividend - Rs 5 Per Share,SUNTV
-,-,,GAIL (India) Limited,21-Mar-2022,10,-,INE129A01019,-,-,22-Mar-2022,EQ,Interim Dividend - Rs 5  Per Share,GAIL
-,-,,GOVERNMENT OF INDIA,21-Mar-2022,100,-,IN0020120047,-,-,22-Mar-2022,GS,Interest Payment,82GS2025
-,-,,BSE Limited,21-Mar-2022,2,-,INE118H01025,-,-,22-Mar-2022,EQ,Bonus 2:1,BSE
31-Mar-2022,24-Mar-2022,,Valecha Engineering Limited,22-Mar-2022,10,-,INE624C01015,-,-,-,EQ,Annual General Meeting,VALECHAENG
-,-,,Bcl Industries Limited,22-Mar-2022,1,-,INE412G01016,-,-,23-Mar-2022,EQ,Interim Dividend - Rs 2 Per Share,BCLIND
-,-,,GOVERNMENT OF INDIA,22-Mar-2022,100,-,IN0020030071,-,-,23-Mar-2022,GS,Interest Payment,597GS2025
-,-,,GOVERNMENT OF INDIA,22-Mar-2022,100,-,IN0020020247,-,-,23-Mar-2022,GS,Interest Payment,601GS2028
30-Mar-2022,24-Mar-2022,,DCW Limited,22-Mar-2022,2,-,INE500A01029,-,-,-,EQ,Extra Ordinary General Meeting,DCW
-,-,,Mishra Dhatu Nigam Limited,22-Mar-2022,10,-,INE099Z01011,-,-,23-Mar-2022,EQ,Interim Dividend - Rs 1.56 Per Share,MIDHANI
-,-,,Mold-Tek Technologies Limited,23-Mar-2022,2,-,INE835B01035,-,-,24-Mar-2022,EQ,Interim Dividend - Rs 1.70 Per Share,MOLDTECH
-,-,,The United Nilgiri Tea Estates Company Limited,24-Mar-2022,10,-,INE458F01011,-,-,25-Mar-2022,EQ,Interim Dividend - Re 1 Per Share,UNITEDTEA
-,-,,Auri Grow India Limited,24-Mar-2022,1,-,INE925Y01036,-,-,25-Mar-2022,EQ,Face Value Split (Sub-Division) - From Rs 10/- Per Share To Re 1/- Per Share,AURIGROW
-,-,,Allcargo Logistics Limited,24-Mar-2022,2,-,INE418H01029,-,-,25-Mar-2022,EQ,Interim Dividend - Rs 3 Per Share,ALLCARGO
-,-,,RITES Limited,24-Mar-2022,10,-,INE320J01015,-,-,25-Mar-2022,EQ,Interim Dividend - Rs 7.50 Per Share,RITES
-,-,,Rail Vikas Nigam Limited,24-Mar-2022,10,-,INE415G01027,-,-,25-Mar-2022,EQ,Interim Dividend Re 1.58 Per Share,RVNL
-,-,,Vardhman Textiles Limited,24-Mar-2022,2,-,INE825A01012,-,-,26-Mar-2022,EQ,Face Value Split (Sub-Division) - From Rs 10/- Per Share To Rs 2/- Per Share,VTL
-,-,,Nandan Denim Limited,24-Mar-2022,1,-,INE875G01030,-,-,25-Mar-2022,EQ,Bonus 2:1,NDL
-,-,,Bharat Electronics Limited,24-Mar-2022,1,-,INE263A01016,-,-,26-Mar-2022,EQ,Interim Dividend - Rs 1.50 Per Share,BEL
-,-,,GOVERNMENT OF INDIA,25-Mar-2022,100,-,IN0020130053,-,-,28-Mar-2022,GS,Interest Payment,92GS2030
04-Apr-2022,29-Mar-2022,,Century Extrusions Limited,25-Mar-2022,1,-,INE281A01026,-,-,-,EQ,Extra Ordinary General Meeting,CENTEXT
-,-,,TVS Motor Company Limited,25-Mar-2022,1,-,INE494B01015,-,-,28-Mar-2022,EQ,Interim Dividend - Rs 3.75 Per Share,TVSMOTOR
04-Apr-2022,29-Mar-2022,,Tijaria Polypipes Limited,25-Mar-2022,10,-,INE440L01017,-,-,-,EQ,Extra Ordinary General Meeting,TIJARIA
-,-,,Steel Authority of India Limited,28-Mar-2022,10,-,INE114A01011,-,-,29-Mar-2022,EQ,Interim Dividend - Rs  2.50 Per Share,SAIL
-,-,,Goldiam International Limited,28-Mar-2022,2,-,INE025B01017,-,-,29-Mar-2022,EQ,Face Value Split (Sub-Division) - From Rs 10/- Per Share To Rs 2/- Per Share,GOLDIAM
-,-,,Housing & Urban Development Corporation Limited,29-Mar-2022,10,-,INE031A07873,-,-,30-Mar-2022,EQ,Interim Dividend - Rs 0.75 Per Share,HUDCO
-,-,,BEML Limited,29-Mar-2022,5,-,INE258A01016,-,-,30-Mar-2022,EQ,Interim Dividend - Rs 5 Per Share,BEML
07-Apr-2022,31-Mar-2022,,Varun Beverages Limited,29-Mar-2022,2,-,INE200M01013,-,-,-,EQ,Annual General Meeting,VBL
-,-,,TVS Holdings Limited,29-Mar-2022,5,-,INE105A01035,-,-,30-Mar-2022,EQ,Interim Dividend - Rs 44 Per Share,TVSHLTD
-,-,,SBI Life Insurance Company Limited,29-Mar-2022,10,-,INE123W01016,-,-,30-Mar-2022,EQ,Interim Dividend - Rs 2 Per Share,SBILIFE
-,-,,Suumaya Industries Limited,30-Mar-2022,10,-,INE591Q01016,-,-,01-Apr-2022,EQ,Bonus 1:1,SUULD
-,-,,Ambuja Cements Limited,30-Mar-2022,2,-,INE079A01024,-,-,01-Apr-2022,EQ,Dividend - Rs 6.30 Per Share,AMBUJACEM
02-Apr-2022,01-Apr-2022,,Crisil Limited,30-Mar-2022,1,-,INE007A01017,-,-,-,EQ,Annual General Meeting/Dividend - Rs 15  Per Share/ Special Dividend - Rs 7 Per Share,CRISIL
-,-,,Dhampur Sugar Mills Limited,30-Mar-2022,10,-,INE041A01016,-,-,31-Mar-2022,EQ,Interim Dividend - Rs 6 Per Share,DHAMPURSUG
-,-,,Nakoda Group of Industries Limited,30-Mar-2022,10,-,INE236Y01012,-,-,01-Apr-2022,EQ,Rights 1:4@ Premium Rs 110/-,NGIL
-,-,,SBI Cards and Payment Services Limited,30-Mar-2022,10,-,INE018E01016,-,-,31-Mar-2022,EQ,Interim Dividend - Rs 2.50 Per Share,SBICARD
-,-,,Government of India,31-Mar-2022,100,-,IN0020190362,-,-,04-Apr-2022,GS,Interest Payment,645GS2029
-,-,,Gujarat Fluorochemicals Limited,31-Mar-2022,1,-,INE09N301011,-,-,04-Apr-2022,EQ,Interim Dividend - Rs 2 Per Share,FLUOROCHEM
09-Jan-2023,03-Jan-2023,,Tijaria Polypipes Limited,02-Jan-2023,10,-,INE440L01017,-,-,-,EQ,Extra Ordinary General Meeting,TIJARIA
-,-,,Shriram Finance Limited,03-Jan-2023,2,-,INE721A01013,-,-,04-Jan-2023,EQ,Interim Dividend - Rs 15 Per Share,SHRIRAMFIN
-,-,,SecUR Credentials Limited,04-Jan-2023,10,-,INE195Y01010,-,-,04-Jan-2023,EQ,Bonus 3:1,SECURCRED
-,-,,GOVERNMENT OF INDIA,05-Jan-2023,100,-,IN0020170174,-,-,07-Jan-2023,GS,Interest Payment,717GS2028
-,-,,GOVERNMENT OF INDIA,05-Jan-2023,100,-,IN0020120039,-,-,07-Jan-2023,GS,Interest Payment,833GS2026
-,-,,Jagran Prakashan Limited,06-Jan-2023,2,-,INE199G01027,-,-,06-Jan-2023,EQ,Buy Back,JAGRAN
-,-,,Supreme Petrochem Limited,06-Jan-2023,2,-,INE663A01025,-,-,06-Jan-2023,EQ,Face Value Split (Sub-Division) - From Rs 4/- Per Share To Rs 2/- Per Share,SPLPETRO
-,-,,Rama Steel Tubes Limited,06-Jan-2023,1,-,INE230R01019,-,-,06-Jan-2023,EQ,Bonus 4:1,RAMASTEEL
-,-,,GOVERNMENT OF INDIA,09-Jan-2023,100,-,IN0020150093,-,-,10-Jan-2023,GS,Interest Payment,759GS2026
-,-,,Government of India,10-Jan-2023,100,-,IN0020210095,-,-,11-Jan-2023,GS,Interest Payment,610GS2031
-,-,,Jet Freight Logistics Limited,11-Jan-2023,5,-,INE982V01017,-,-,11-Jan-2023,EQ,Rights 1:1 @ Premium Rs 11.25/-,JETFREIGHT
-,-,,Welspun Enterprises Limited,11-Jan-2023,10,-,INE625G01013,-,-,11-Jan-2023,EQ,Special Dividend - Rs 7.50 Per Share,WELENT
-,-,,GOVERNMENT OF INDIA,12-Jan-2023,100,-,IN0020180454,-,-,13-Jan-2023,GS,Interest Payment,726GS2029
-,-,,Music Broadcast Limited,13-Jan-2023,2,-,INE919I01016,-,-,13-Jan-2023,EQ,Scheme Of Arrangement - Bonus Ncrps 1:10,RADIOCITY
-,-,,Indowind Energy Limited,13-Jan-2023,10,-,INE227G01018,-,-,13-Jan-2023,EQ,Rights 2:5@ Premium Rs 2/-,INDOWIND
-,-,,Government of India,13-Jan-2023,100,-,IN0020210244,-,-,16-Jan-2023,GS,Interest Payment,654GS2032
-,-,,Vishnu Chemicals Limited,13-Jan-2023,2,-,INE270I01014,-,-,13-Jan-2023,EQ,Face Value Split (Sub-Division) - From Rs 10/- Per Share To Rs 2/- Per Share,VISHNU
-,-,,Tata Consultancy Services Limited,16-Jan-2023,1,-,INE467B01029,-,-,17-Jan-2023,EQ,Interim Dividend - Rs 8 Per Share Special Dividend - Rs 67 Per Share,TCS
-,-,,GOVERNMENT OF INDIA,17-Jan-2023,100,-,IN0020080050,-,-,18-Jan-2023,GS,Interest Payment,683GS2039
-,-,,Aarti Surfactants Limited,17-Jan-2023,10,-,INE09EO01013,-,-,17-Jan-2023,EQ,Rights 2:17 @ Premium Rs 545/-,AARTISURF
-,-,,KPI Green Energy Limited,18-Jan-2023,5,-,INE542W01017,-,-,18-Jan-2023,EQ,Bonus 1:1,KPIGREEN
-,-,,HCL Technologies Limited,19-Jan-2023,2,-,INE860A01027,-,-,20-Jan-2023,EQ,Interim Dividend - Rs 10 Per Share,HCLTECH
-,-,,Heritage Foods Limited,20-Jan-2023,5,-,INE978A01019,-,-,20-Jan-2023,EQ,Rights 1:1 @ Premium Rs 0/-,HERITGFOOD
-,-,,Shradha Realty Limited,20-Jan-2023,2,-,INE715Y01015,-,-,21-Jan-2023,EQ,Face Value Split (Sub-Division) - From Rs 10/- Per Share To Rs 5/- Per Share,SHRADHA
28-Jan-2023,22-Jan-2023,,Spacenet Enterprises India Limited,20-Jan-2023,1,-,INE970N01027,-,-,-,EQ,Extra-Ordinary General Meeting,SPCENET
-,-,,Shradha Realty Limited,20-Jan-2023,2,-,INE715Y01015,-,-,21-Jan-2023,EQ,Interim Dividend - Re 2 Per Share,SHRADHA
-,-,,GVP Infotech Limited,23-Jan-2023,2,-,INE382T01030,-,-,23-Jan-2023,EQ,Face Value Split (Sub-Division) - From Rs 10/- Per Share To Rs 2/- Per Share,GVPTECH
-,-,,Wipro Limited,24-Jan-2023,2,-,INE075A01022,-,-,25-Jan-2023,EQ,Interim Dividend - Re  1 Per Share,WIPRO
-,-,,Precision Wires India Limited,24-Jan-2023,1,-,INE372C01011,-,-,24-Jan-2023,EQ,Extra Ordinary General Meeting,PRECWIRE
-,-,,Shrem Invit,24-Jan-2023,100,-,INE0GTI23014,-,-,25-Jan-2023,IV,Dividend - Rs 0.404 Per Unit/Interst Amount - Rs 0.424 Per Unit/Return On Capital - Rs 2.572 Per Unit,SHREMINVIT
-,-,,Angel One Limited,24-Jan-2023,1,-,INE732I01013,-,-,24-Jan-2023,EQ,Interim Dividend - Rs  9.60 Per Share,ANGELONE
-,-,,Persistent Systems Limited,25-Jan-2023,5,-,INE262H01013,-,-,27-Jan-2023,EQ,Interim Dividend - Rs 28 Per Share,PERSISTENT
-,-,,GOVERNMENT OF INDIA,25-Jan-2023,100,-,IN0020180488,-,-,27-Jan-2023,GS,Interest Payment,732GS2024
02-Feb-2023,26-Jan-2023,,IMP Powers Limited,25-Jan-2023,10,-,INE065B01013,-,-,-,EQ,Annual General Meeting,INDLMETER
-,-,,Havells India Limited,25-Jan-2023,1,-,INE176B01018,-,-,28-Jan-2023,EQ,Interim Dividend - Rs 3 Per Share,HAVELLS
-,-,,National Aluminium Company Limited,25-Jan-2023,5,-,INE139A01026,-,-,27-Jan-2023,EQ,Interim Dividend - Re 1 Per Share,NATIONALUM
-,-,,GOVERNMENT OF INDIA,25-Jan-2023,100,-,IN0020140045,-,-,27-Jan-2023,GS,Interest Payment,84GS2024
-,-,,Metro Brands Limited,27-Jan-2023,5,-,INE317I01021,-,-,28-Jan-2023,EQ,Interim Dividend - Rs 2.50 Per Share,METROBRAND
-,-,,Surya Roshni Limited,27-Jan-2023,5,-,INE335A01012,-,-,27-Jan-2023,EQ,Interim Dividend - Rs 3 Per Share,SURYAROSNI
-,-,,POWERGRID Infrastructure Investment Trust,30-Jan-2023,100,-,INE0GGX23010,-,-,30-Jan-2023,IV,Interest- Rs 2.01 Per Unit/Taxable Dividend - Rs 0.43 Per Unit/Exempt Dividend- Rs 0.25 Per Unit/Spv Debt- Rs 0.30 Per Unit/Treasury Income Rs 0.01 Per Unit,PGINVIT
-,-,,Hindustan Zinc Limited,30-Jan-2023,2,-,INE267A01017,-,-,30-Jan-2023,EQ,Interim Dividend - Rs 13 Per Share,HINDZINC
-,-,,Banaras Beads Limited,30-Jan-2023,10,-,INE655B01011,-,-,30-Jan-2023,EQ,Interim Dividend - Rs  2 Per Share,BANARBEADS
-,-,,360 ONE WAM LIMITED,30-Jan-2023,1,-,INE466L01020,-,-,30-Jan-2023,EQ,Interim Dividend - Rs 17 Per Share,360ONE
-,-,,Ramkrishna Forgings Limited,31-Jan-2023,2,-,INE399G01015,-,-,31-Jan-2023,EQ,Interim Dividend - Re 0.50 Per Share,RKFORGE
-,-,,Wendt (India) Limited,31-Jan-2023,10,-,INE274C01019,-,-,31-Jan-2023,EQ,Interim Dividend - Rs 30 Per Share,WENDT
-,-,,IndiGrid Infrastructure Trust,31-Jan-2023,100,-,INE219X23014,-,-,31-Jan-2023,IV,Distribution- Rs 3.30 Comprising Interest Payment- Rs 2.8042 Per Unit / Principal Payment- Rs 0.4958 Per Unit,INDIGRID
-,-,,CCL Products (India) Limited,31-Jan-2023,2,-,INE421D01014,-,-,31-Jan-2023,EQ,Interim Dividend - Rs 3 Per Share,CCL
-,-,,LTM Limited,31-Jan-2023,1,-,INE214T01019,-,-,31-Jan-2023,EQ,Interim Dividend - Rs 20 Per Share,LTM
14-Feb-2023,01-Feb-2023,,Siemens Limited,31-Jan-2023,2,-,INE003A01024,-,-,-,EQ,Dividend - Rs 10 Per Share,SIEMENS
-,-,,Thangamayil Jewellery Limited,01-Feb-2023,10,-,INE085J01014,-,-,01-Feb-2023,EQ,Interim Dividend - Rs 6 Per Share,THANGAMAYL
08-Feb-2023,02-Feb-2023,,Zenith Exports Limited,01-Feb-2023,10,-,INE058B01018,-,-,-,EQ,Extra Ordinary General Meeting,ZENITHEXPO
-,-,,Epigral Limited,01-Feb-2023,10,-,INE071N01016,-,-,01-Feb-2023,EQ,Interim Dividend - Rs 2.50 Per Share,EPIGRAL
-,-,,Mastek Limited,01-Feb-2023,5,-,INE759A01021,-,-,01-Feb-2023,EQ,Interim Dividend - Rs 7 Per Share,MASTEK
-,-,,GOVERNMENT OF INDIA,01-Feb-2023,100,-,IN0020070036,-,-,01-Feb-2023,GS,Interest Payment,826GS2027
-,-,,GOVERNMENT OF INDIA,01-Feb-2023,100,-,IN0020070044,-,-,01-Feb-2023,GS,Interest Payment,832GS2032
-,-,,DCM Shriram Limited,01-Feb-2023,2,-,INE499A01024,-,-,01-Feb-2023,EQ,Interim Dividend - Rs 5.80 Per Share,DCMSHRIRAM
-,-,,TVS Motor Company Limited,02-Feb-2023,1,-,INE494B01015,-,-,02-Feb-2023,EQ,Interim Dividend - Rs 5 Per Share,TVSMOTOR
-,-,,Saregama India Limited,02-Feb-2023,1,-,INE979A01017,-,-,02-Feb-2023,EQ,Interim Dividend - Rs 3 Per Share,SAREGAMA
-,-,,VIP Industries Limited,02-Feb-2023,2,-,INE054A01019,-,-,02-Feb-2023,EQ,Interim Dividend - Rs 2 Per Share,VIPIND
-,-,,Government of India,02-Feb-2023,100,-,IN0020200153,-,-,02-Feb-2023,GS,Interest Payment,577GS2030
-,-,,Accelya Solutions India Limited,02-Feb-2023,10,-,INE793A01012,-,-,02-Feb-2023,EQ,Interim Dividend - Rs 35 Per Share,ACCELYA
-,-,,Embassy Office Parks REIT,03-Feb-2023,300,-,INE041025011,-,-,03-Feb-2023,RR,Dividend - Rs 2.23 Per Unit/Interst Amount - Re 0.69 Per Unit/Proceeds Of Amortization - Rs 2.39 Per Unit,EMBASSY
-,-,,Servotech Renewable Power System Limited,03-Feb-2023,1,-,INE782X01017,-,-,03-Feb-2023,EQ,Interim Dividend - Re 0.20 Per Share,SERVOTECH
-,-,,Vaibhav Global Limited,03-Feb-2023,2,-,INE884A01019,-,-,03-Feb-2023,EQ,Interim Dividend - Rs 1.50 Per Share,VAIBHAVGBL
-,-,,Vedanta Limited,03-Feb-2023,1,-,INE205A01025,-,-,04-Feb-2023,EQ,Interim Dividend - Rs 12.50 Per Share,VEDL
-,-,,IIFL Capital Services Limited,03-Feb-2023,2,-,INE489L01022,-,-,03-Feb-2023,EQ,Interim Dividend - Rs 3 Per Share,IIFLCAPS
-,-,,KEI Industries Limited,03-Feb-2023,2,-,INE878B01027,-,-,03-Feb-2023,EQ,Interim Dividend - Rs 3 Per Share,KEI
-,-,,Motilal Oswal Financial Services Limited,03-Feb-2023,1,-,INE338I01027,-,-,04-Feb-2023,EQ,Interim Dividend - Rs 7 Per Share,MOTILALOFS
-,-,,Steelcast Limited,03-Feb-2023,1,-,INE124E01020,-,-,03-Feb-2023,EQ,Interim Dividend - Rs 1.80 Per Share,STEELCAS
-,-,,TVS Holdings Limited,03-Feb-2023,5,-,INE105A01035,-,-,03-Feb-2023,EQ,Interim Dividend - Rs 59 Per Share,TVSHLTD
-,-,,Torrent Pharmaceuticals Limited,03-Feb-2023,5,-,INE685A01028,-,-,03-Feb-2023,EQ,Interim Dividend - Rs 14 Per Share,TORNTPHARM
-,-,,Zensar Technologies Limited,03-Feb-2023,2,-,INE520A01019,-,-,03-Feb-2023,EQ,Interim Dividend - Rs 1.50 Per Share,ZENSARTECH
-,-,,NTPC Limited,03-Feb-2023,10,-,INE733E01010,-,-,04-Feb-2023,EQ,Interim Dividend - Rs 4.25 Per Share,NTPC
-,-,,Control Print Limited,03-Feb-2023,10,-,INE663B01015,-,-,03-Feb-2023,EQ,Interim Dividend - Rs 4 Per Share,CONTROLPR
-,-,,Coforge Limited,03-Feb-2023,2,-,INE591G01017,-,-,03-Feb-2023,EQ,Interim Dividend - Rs 19 Per Sh,COFORGE
-,-,,Servotech Renewable Power System Limited,03-Feb-2023,1,-,INE782X01017,-,-,03-Feb-2023,EQ,Face Value Split (Sub-Division) - From Rs 10/- Per Share To Rs 2/- Per Share,SERVOTECH
-,-,,Mindspace Business Parks REIT,06-Feb-2023,275,-,INE0CCU25019,-,-,06-Feb-2023,RR,Distribution Rs 4.80 Per Unit Comprising Of Dividend - Rs 4.37 Per Unit/Interest Amount - Re 0.43 Per Unit,MINDSPACE
-,-,,Siyaram Silk Mills Limited,06-Feb-2023,2,-,INE076B01010,-,-,06-Feb-2023,EQ,Interim Dividend - Rs 3 Per Share,SIYSIL
-,-,,Patel Engineering Limited,06-Feb-2023,1,-,INE244B01030,-,-,06-Feb-2023,EQ,Rights 1:2@ Premium Rs 11.60/-,PATELENG
-,-,,Manomay Tex India Limited,06-Feb-2023,10,-,INE784W01015,-,-,06-Feb-2023,EQ,Extra Ordinary General Meeting,MANOMAY
-,-,,Container Corporation of India Limited,06-Feb-2023,5,-,INE111A01017,-,-,06-Feb-2023,EQ,Interim Dividend - Rs 4 Per Share,CONCOR
-,-,,Sona BLW Precision Forgings Limited,06-Feb-2023,10,-,INE073K01018,-,-,06-Feb-2023,EQ,Interim Dividend - Rs 1.28 Per Share,SONACOMS
-,-,,Sharda Cropchem Limited,07-Feb-2023,10,-,INE221J01015,-,-,07-Feb-2023,EQ,Interim Dividend - Rs 3 Per Share,SHARDACROP
-,-,,Apcotex Industries Limited,07-Feb-2023,2,-,INE116A01016,-,-,07-Feb-2023,EQ,Interim Dividend - Rs 2 Per Share,APCOTEXIND
-,-,,SRF Limited,07-Feb-2023,10,-,INE647A01010,-,-,07-Feb-2023,EQ,Interim Dividend - Rs 3.60 Per Share,SRF
-,-,,IIFL Finance Limited,07-Feb-2023,2,-,INE530B01024,-,-,07-Feb-2023,EQ,Interim Dividend - Rs  4 Per Share,IIFL
-,-,,Transport Corporation of India Limited,07-Feb-2023,2,-,INE688A01022,-,-,07-Feb-2023,EQ,Interim Dividend - Rs 2.50 Per Share,TCI
-,-,,Indraprastha Gas Limited,07-Feb-2023,2,-,INE203G01019,-,-,07-Feb-2023,EQ,Interim Dividend - Rs 3 Per Share,IGL
-,-,,ROUTE MOBILE LIMITED,07-Feb-2023,10,-,INE450U01017,-,-,07-Feb-2023,EQ,Interim Dividend - Rs 6 Per Share,ROUTE
-,-,,TCI Express Limited,08-Feb-2023,2,-,INE586V01016,-,-,08-Feb-2023,EQ,Interim Dividend - Rs 3 Per Share,TCIEXP
-,-,,Sun Pharmaceutical Industries Limited,08-Feb-2023,1,-,INE044A01028,-,-,08-Feb-2023,EQ,Interim Dividend - Rs 7.50 Per Share,SUNPHARMA
-,-,,Shanthi Gears Limited,08-Feb-2023,1,-,INE631A01022,-,-,08-Feb-2023,EQ,Interim Dividend - Rs 3 Per Share,SHANTIGEAR
-,-,,Railtel Corporation Of India Limited,08-Feb-2023,10,-,INE0DD101019,-,-,08-Feb-2023,EQ,Interim Dividend - Rs 1.50 Per Share,RAILTEL
-,-,,Radiant Cash Management Services Limited,08-Feb-2023,1,-,INE855R01021,-,-,08-Feb-2023,EQ,Interim Dividend - Re 1 Per Share,RADIANTCMS
-,-,,Power Grid Corporation of India Limited,08-Feb-2023,10,-,INE752E01010,-,-,08-Feb-2023,EQ,Interim Dividend - Rs 5 Per Share,POWERGRID
-,-,,MOIL Limited,08-Feb-2023,10,-,INE490G01020,-,-,08-Feb-2023,EQ,Interim Dividend - Rs 3 Per Share,MOIL
-,-,,Kajaria Ceramics Limited,08-Feb-2023,1,-,INE217B01028,-,-,08-Feb-2023,EQ,Interim Dividend - Rs 6 Per Share,KAJARIACER
-,-,,Procter & Gamble Hygiene and Health Care Limited,08-Feb-2023,10,-,INE179A01014,-,-,08-Feb-2023,EQ,Interim Dividend - Rs 80 Per Share,PGHH
-,-,,BirlaNu Limited,08-Feb-2023,10,-,INE557A01011,-,-,08-Feb-2023,EQ,Interim Dividend - Rs 20 Per Share,BIRLANU
-,-,,Coal India Limited,08-Feb-2023,10,-,INE522F01014,-,-,08-Feb-2023,EQ,Interim Dividend - Rs 5.25 Per Share,COALINDIA
-,-,,Anupam Rasayan India Limited,08-Feb-2023,10,-,INE930P01018,-,-,08-Feb-2023,EQ,Interim Dividend - Re 0.60 Per Share,ANURAS
-,-,,Aarti Drugs Limited,08-Feb-2023,10,-,INE767A01016,-,-,08-Feb-2023,EQ,Interim Dividend - Rs 1 Per Share,AARTIDRUGS
-,-,,Raj Oil Mills Limited,09-Feb-2023,10,-,INE294G01026,-,-,09-Feb-2023,EQ,Rights 1:1 @ Premium Rs 20/-,ROML
-,-,,Orient Electric Limited,09-Feb-2023,1,-,INE142Z01019,-,-,09-Feb-2023,EQ,Interim Dividend - Re 0.75  Per Share,ORIENTELEC
-,-,,India Motor Parts and Accessories Limited,09-Feb-2023,10,-,INE547E01014,-,-,09-Feb-2023,EQ,Interim Dividend - Rs 9 Per Share,IMPAL
-,-,,Greenpanel Industries Limited,09-Feb-2023,1,-,INE08ZM01014,-,-,09-Feb-2023,EQ,Interim Dividend - Rs 1.50 Per Share,GREENPANEL
-,-,,Gillette India Limited,09-Feb-2023,10,-,INE322A01010,-,-,09-Feb-2023,EQ,Interim Dividend - Rs 35 Per Share,GILLETTE
-,-,,GOVERNMENT OF INDIA,09-Feb-2023,100,-,IN0020040039,-,-,09-Feb-2023,GS,Interest Payment,75GS2034
-,-,,REC Limited,09-Feb-2023,10,-,INE020B01018,-,-,09-Feb-2023,EQ,Interim Dividend - Rs 3.25 Per Share,RECLTD
-,-,,Bharat Electronics Limited,10-Feb-2023,1,-,INE263A01016,-,-,10-Feb-2023,EQ,Interim Dividend - Re 0.60 Per Share,BEL
-,-,,CARE Ratings Limited,10-Feb-2023,10,-,INE752H01013,-,-,10-Feb-2023,EQ,Interim Dividend - Rs 10 Per Share,CARERATING
-,-,,Cholamandalam Investment and Finance Company Limited,10-Feb-2023,2,-,INE121A01016,-,-,10-Feb-2023,EQ,Interim Dividend - Rs 1.30 Per Share,CHOLAFIN
-,-,,Clean Science and Technology Limited,10-Feb-2023,1,-,INE227W01023,-,-,10-Feb-2023,EQ,Interim Dividend - Rs 2 Per Share,CLEAN
-,-,,The Great Eastern Shipping Company Limited,10-Feb-2023,10,-,INE017A01032,-,-,10-Feb-2023,EQ,Interim Dividend - Rs 7.20 Per Share,GESHIP
-,-,,Carborundum Universal Limited,10-Feb-2023,1,-,INE120A01026,-,-,10-Feb-2023,EQ,Interim Dividend - Rs 1.50 Per Share,CARBORUNIV
-,-,,GPT Infraprojects Limited,10-Feb-2023,10,-,INE390G01014,-,-,10-Feb-2023,EQ,Interim Dividend - Re 1 Per Share,GPTINFRA
-,-,,MAS Financial Services Limited,10-Feb-2023,10,-,INE348L01012,-,-,11-Feb-2023,EQ,Interim Dividend - Rs 1.80 Per Share,MASFIN
-,-,,NACL Industries Limited,10-Feb-2023,1,-,INE295D01020,-,-,10-Feb-2023,EQ,Interim Dividend - Re 0.15 Per Share,NACLIND
-,-,,PCBL Chemical Limited,10-Feb-2023,1,-,INE602A01023,-,-,10-Feb-2023,EQ,Interim Dividend - Rs 5.50 Per Share,PCBL
-,-,,Jubilant Ingrevia Limited,10-Feb-2023,1,-,INE0BY001018,-,-,10-Feb-2023,EQ,Interim Dividend - Rs 2.50 Per Share,JUBLINGREA
-,-,,KPIT Technologies Limited,10-Feb-2023,10,-,INE04I401011,-,-,10-Feb-2023,EQ,Interim Dividend - Rs 1.45 Per Share,KPITTECH
-,-,,Orient Cement Limited,10-Feb-2023,1,-,INE876N01018,-,-,10-Feb-2023,EQ,Interim Dividend - Re 0.50 Per Share,ORIENTCEM
-,-,,Sportking India Limited,10-Feb-2023,1,-,INE885H01011,-,-,10-Feb-2023,EQ,Buyback,SPORTKING
-,-,,Valiant Organics Limited,10-Feb-2023,10,-,INE565V01010,-,-,10-Feb-2023,EQ,Interim Dividend - Re 1 Per Share,VALIANTORG
-,-,,VRL Logistics Limited,10-Feb-2023,10,-,INE366I01010,-,-,10-Feb-2023,EQ,Buy Back,VRLLOG
17-Feb-2023,13-Feb-2023,,Vivimed Labs Limited,10-Feb-2023,2,-,INE526G01013,-,-,-,EQ,Annual General Meeting,VIVIMEDLAB
-,-,,IRB InvIT Fund,10-Feb-2023,102,-,INE183W23014,-,-,11-Feb-2023,IV,Interest Amount - Rs 1.75 Per Unit/ Return On Capital - Re 0.25 Per Unit,IRBINVIT
-,-,,Emami Limited,13-Feb-2023,1,-,INE548C01024,-,-,13-Feb-2023,EQ,Interim Dividend - Rs 4 Per Share,EMAMILTD
-,-,,IDFC Limited,13-Feb-2023,10,-,INE043D01016,-,-,13-Feb-2023,EQ,Special Dividend - Rs 11 Per Share,IDFC
-,-,,Engineers India Limited,13-Feb-2023,5,-,INE510A01010,-,-,13-Feb-2023,EQ,Interim Dividend - Rs  2 Per Share,ENGINERSIN
-,-,,Welspun Enterprises Limited,13-Feb-2023,10,-,INE625G01013,-,-,13-Feb-2023,EQ,Buy Back,WELENT
-,-,,Sun TV Network Limited,13-Feb-2023,5,-,INE424H01027,-,-,13-Feb-2023,EQ,Interim Dividend - Rs  3.75 Per Share,SUNTV
-,-,,TV Today Network Limited,13-Feb-2023,5,-,INE038F01029,-,-,13-Feb-2023,EQ,Special Interim Dividend - Rs 67 Per Share,TVTODAY
-,-,,Procter & Gamble Health Limited,13-Feb-2023,10,-,INE199A01012,-,-,13-Feb-2023,EQ,Interim Dividend - Rs  45 Per Share,PGHL
-,-,,K.P.R. Mill Limited,14-Feb-2023,1,-,INE930H01015,-,-,14-Feb-2023,EQ,Interim Dividend - Rs 2 Per Share,KPRMILL
-,-,,Mahanagar Gas Limited,14-Feb-2023,10,-,INE002S01010,-,-,14-Feb-2023,EQ,Interim Dividend - Rs 10 Per Share,MGL
-,-,,TSF INVESTMENTS LIMITED,14-Feb-2023,5,-,INE202Z01029,-,-,14-Feb-2023,EQ,Interim Dividend - Rs 1.50 Per Share,TSFINV
-,-,,Hikal Limited,14-Feb-2023,2,-,INE475B01014,-,-,14-Feb-2023,EQ,Interim Dividend - Re 0.60 Per Share,HIKAL
-,-,,GOVERNMENT OF INDIA,14-Feb-2023,100,-,IN0020060078,-,-,14-Feb-2023,GS,Interest Payment,824GS2027
-,-,,GOVERNMENT OF INDIA,14-Feb-2023,100,-,IN0020060086,-,-,14-Feb-2023,GS,Interest Payment,828GS2032
-,-,,Gateway Distriparks Limited,14-Feb-2023,10,-,INE079J01017,-,-,14-Feb-2023,EQ,Interim Dividend - Re 0.75 Per Share,GATEWAY
-,-,,Wheels India Limited,14-Feb-2023,10,-,INE715A01015,-,-,14-Feb-2023,EQ,Interim Dividend - Rs 3 Per Share,WHEELS
-,-,,Aarti Industries Limited,15-Feb-2023,5,-,INE769A01020,-,-,15-Feb-2023,EQ,Interim Dividend - Re 1 Per Share,AARTIIND
-,-,,Computer Age Management Services Limited,15-Feb-2023,2,-,INE596I01012,-,-,15-Feb-2023,EQ,Interim Dividend - Rs  10.50 Per Share,CAMS
-,-,,ITC Limited,15-Feb-2023,1,-,INE154A01025,-,-,15-Feb-2023,EQ,Interim Dividend - Rs  6 Per Share,ITC
-,-,,Kothari Petrochemicals Limited,15-Feb-2023,10,-,INE720A01015,-,-,15-Feb-2023,EQ,Interim Dividend - Re  0.50 Per Share,KOTHARIPET
-,-,,Vertis Infrastructure Trust,15-Feb-2023,100,-,INE0KXY23015,-,-,15-Feb-2023,IV,Interest- Rs 1.9938 Per Unit/Dividend - Rs 1.3634 Per Unit/Return Of Capital- Rs 1.4534 Per Unit/Other Income Re 0.0269 Per Unit,VERTIS
-,-,,Tube Investments of India Limited,15-Feb-2023,1,-,INE974X01010,-,-,15-Feb-2023,EQ,Interim Dividend - Rs 2 Per Share,TIINDIA
-,-,,Vaxtex Cotfab Limited,15-Feb-2023,1,-,INE098201010,-,-,15-Feb-2023,EQ,Face Value Split (Sub-Division) - From Rs 2/- Per Share To Re 1/- Per Share,VCL
-,-,,Brookfield India Real Estate Trust,15-Feb-2023,275,-,INE0FDU25010,-,-,15-Feb-2023,RR,Distribution Rs 5 Per Unit Comprising Of Dividend - Re 0.10 Per Unit/Interest Amount - Rs 2.27 Per Unit/Repayment Of Spv Debt - Rs 2.60 Per Unit/Interest On Fixed Deposits- Re 0.03 Per Unit,BIRET
-,-,,Dalmia Bharat Sugar and Industries Limited,15-Feb-2023,2,-,INE495A01022,-,-,15-Feb-2023,EQ,Interim Dividend - Rs 3 Per Share,DALMIASUG
-,-,,Manappuram Finance Limited,15-Feb-2023,2,-,INE522D01027,-,-,15-Feb-2023,EQ,Interim Dividend - Re 0.75 Per Share,MANAPPURAM
-,-,,Accuracy Shipping Limited,15-Feb-2023,1,-,INE648Z01015,-,-,15-Feb-2023,EQ,Face Value Split (Sub-Division) - From Rs 10/- Per Share To Re 1/- Per Share,ACCURACY
-,-,,National Highways Infra Trust,16-Feb-2023,101,-,INE0H7R23014,-,-,16-Feb-2023,IV,Distribution- Rs 1.4079 Comprising Interest- Rs 1.383 Per Unit/Other Income On Surplus Funds- Rs 0.0249 Per Unit,NHIT
-,-,,Chambal Fertilizers & Chemicals Limited,16-Feb-2023,10,-,INE085A01013,-,-,16-Feb-2023,EQ,Interim Dividend - Rs 4.50 Per Share,CHAMBLFERT
-,-,,SHREE CEMENT LIMITED,16-Feb-2023,10,-,INE070A01015,-,-,16-Feb-2023,EQ,Interim Dividend - Rs   45 Per Share,SHREECEM
-,-,,Maan Aluminium Limited,16-Feb-2023,5,-,INE215I01019,-,-,16-Feb-2023,EQ,Interim Dividend - Re 1 Per Share,MAANALU
-,-,,Kothari Sugars And Chemicals Limited,16-Feb-2023,10,-,INE419A01022,-,-,16-Feb-2023,EQ,Interim Dividend - Re 0.50 Per Share,KOTARISUG
-,-,,Alkem Laboratories Limited,17-Feb-2023,2,-,INE540L01014,-,-,18-Feb-2023,EQ,Interim Dividend - Rs 15 Per Share & Special Dividend Rs 25 Per Share,ALKEM
-,-,,RITES Limited,17-Feb-2023,10,-,INE320J01015,-,-,17-Feb-2023,EQ,Interim Dividend - Rs 6 Per Share,RITES
-,-,,Balkrishna Industries Limited,17-Feb-2023,2,-,INE787D01018,-,-,18-Feb-2023,EQ,Interim Dividend - Rs 4 Per Share,BALKRISIND
-,-,,Mrs. Bectors Food Specialities Limited,17-Feb-2023,2,-,INE495P01012,-,-,17-Feb-2023,EQ,Interim Dividend - Rs  1.25 Per Share,BECTORFOOD
-,-,,BLS International Services Limited,17-Feb-2023,1,-,INE153T01019,-,-,17-Feb-2023,EQ,Interim Dividend - Rs  0.50 Per Share,BLS
-,-,,Cantabil Retail India Limited,17-Feb-2023,2,-,INE068L01016,-,-,17-Feb-2023,EQ,Interim Dividend - Rs 2 Per Share,CANTABIL
-,-,,Capri Global Capital Limited,17-Feb-2023,1,-,INE180C01018,-,-,17-Feb-2023,EQ,Rights 11:64 @ Premium Rs 473/-,CGCL
-,-,,DCW Limited,17-Feb-2023,2,-,INE500A01029,-,-,17-Feb-2023,EQ,Interim Dividend - Re 0.20 Per Share,DCW
-,-,,Firstsource Solutions Limited,17-Feb-2023,10,-,INE684F01012,-,-,17-Feb-2023,EQ,Interim Dividend - Rs  3.50 Per Share,FSL
-,-,,Hero MotoCorp Limited,17-Feb-2023,2,-,INE158A01026,-,-,17-Feb-2023,EQ,Interim Dividend - Rs  65 Per Share,HEROMOTOCO
-,-,,IOL Chemicals and Pharmaceuticals Limited,17-Feb-2023,2,-,INE485C01011,-,-,17-Feb-2023,EQ,Interim Dividend - Rs 4 Per Share,IOLCP
-,-,,Ircon International Limited,17-Feb-2023,2,-,INE962Y01013,-,-,17-Feb-2023,EQ,Interim Dividend - Rs 1.80 Per Share,IRCON
-,-,,SKY GOLD AND DIAMONDS LIMITED,17-Feb-2023,10,-,INE01IU01018,-,-,18-Feb-2023,EQ,Interim Dividend - Re 1 Per Share,SKYGOLD
-,-,,JB Chemicals & Pharmaceuticals Limited,17-Feb-2023,1,-,INE572A01028,-,-,18-Feb-2023,EQ,Interim Dividend - Rs 8.50 Per Share,JBCHEPHARM
-,-,,JK Paper Limited,17-Feb-2023,10,-,INE789E01012,-,-,17-Feb-2023,EQ,Interim Dividend - Rs 4 Per Share,JKPAPER
-,-,,Kirloskar Ferrous Industries Limited,17-Feb-2023,5,-,INE884B01025,-,-,17-Feb-2023,EQ,Interim Dividend - Rs  2.50 Per Share,KIRLFER
-,-,,Minda Corporation Limited,17-Feb-2023,2,-,INE842C01013,-,-,18-Feb-2023,EQ,Interim Dividend - Re 0.40 Per Share,MINDACORP
-,-,,NHPC Limited,17-Feb-2023,10,-,INE848E01016,-,-,17-Feb-2023,EQ,Interim Dividend - Rs 1.40 Per Share,NHPC
-,-,,Page Industries Limited,17-Feb-2023,10,-,INE761H01022,-,-,17-Feb-2023,EQ,Interim Dividend - Rs 60 Per Share,PAGEIND
-,-,,Safari Industries (India) Limited,17-Feb-2023,2,-,INE429E01023,-,-,17-Feb-2023,EQ,Interim Dividend - Rs 1.50 Per Share,SAFARI
-,-,,SJVN Limited,17-Feb-2023,10,-,INE002L01015,-,-,17-Feb-2023,EQ,Interim Dividend - Rs  1.15 Per Share,SJVN
-,-,,Sundaram Finance Limited,17-Feb-2023,10,-,INE660A01013,-,-,17-Feb-2023,EQ,Interim Dividend - Rs 12 Per Share,SUNDARMFIN
-,-,,Oriental InfraTrust,17-Feb-2023,100,-,INE07Z523018,-,-,17-Feb-2023,IV,Distribution - Rs 1.4514 Per Unit Comprising Of Return On Capital - Rs 1.0203 Per Unit/Interest Amount - Rs 0.4311 Per Unit,OSEINTRUST
-,-,,Virescent Renewable Energy Trust,17-Feb-2023,100,-,INE0GYU23027,-,-,18-Feb-2023,IV,Distribution Rs 2.9452 Per Unit Comprising Of Interest Amount - Rs 1.8749 Per Unit/Capital Repayment- Rs 1.0703 Per Unit,VIRESCENT
-,-,,Coromandel International Limited,17-Feb-2023,1,-,INE169A01023,-,-,17-Feb-2023,EQ,Interim Dividend - Rs 6 Per Share,COROMANDEL
-,-,,Aurobindo Pharma Limited,17-Feb-2023,1,-,INE406A01029,-,-,17-Feb-2023,EQ,Interim Dividend - Rs 3 Per Share,AUROPHARMA
-,-,,Bharat Dynamics Limited,20-Feb-2023,5,-,INE171Z01018,-,-,20-Feb-2023,EQ,Interim Dividend - Rs  8.15 Per Share,BDL
-,-,,Garden Reach Shipbuilders & Engineers Limited,20-Feb-2023,10,-,INE382Z01011,-,-,20-Feb-2023,EQ,Interim Dividend - Rs 5.50 Per Share,GRSE
-,-,,TD Power Systems Limited,20-Feb-2023,1,-,INE419M01019,-,-,20-Feb-2023,EQ,Interim Dividend - Re 0.50 Per Share,TDPOWERSYS
-,-,,UNO Minda Limited,20-Feb-2023,2,-,INE405E01023,-,-,20-Feb-2023,EQ,Interim Dividend - Re 0.50 Per Share,UNOMINDA
-,-,,Galaxy Surfactants Limited,20-Feb-2023,10,-,INE600K01018,-,-,20-Feb-2023,EQ,Interim Dividend - Rs 18 Per Share,GALAXYSURF
-,-,,KPI Green Energy Limited,20-Feb-2023,5,-,INE542W01017,-,-,20-Feb-2023,EQ,Interim Dividend - Re 0.20 Per Share,KPIGREEN
-,-,,Shivalik Bimetal Controls Limited,20-Feb-2023,2,-,INE386D01027,-,-,20-Feb-2023,EQ,Interim Dividend - Re 0.50 Per Share,SBCL
-,-,,SPR Auto Technologies Limited,20-Feb-2023,10,-,INE526E01018,-,-,20-Feb-2023,EQ,Interim Dividend - Rs 10 Per Share,SHRIPISTON
-,-,,Steel City Securities Limited,20-Feb-2023,10,-,INE395H01011,-,-,20-Feb-2023,EQ,Interim Dividend - Re 1 Per Share,STEELCITY
-,-,,Esab India Limited,20-Feb-2023,10,-,INE284A01012,-,-,20-Feb-2023,EQ,Interim Dividend - Rs 28 Per Share,ESABINDIA
-,-,,JSW Dulux Limited,21-Feb-2023,10,-,INE133A01011,-,-,21-Feb-2023,EQ,Interim Dividend - Rs 25 Per Share,JSWDULUX
-,-,,AVT Natural Products Limited,21-Feb-2023,1,-,INE488D01013,-,-,21-Feb-2023,EQ,Interim Dividend - Re 0.40 Per Share,AVTNPL
-,-,,Cummins India Limited,21-Feb-2023,2,-,INE298A01020,-,-,21-Feb-2023,EQ,Interim Dividend - Rs 12 Per Share,CUMMINSIND
-,-,,Vishwaraj Sugar Industries Limited,21-Feb-2023,2,-,INE430N01014,-,-,21-Feb-2023,EQ,Interim Dividend - Rs 0.10 Per Share,VISHWARAJ
-,-,,Aeroflex Enterprises Limited,21-Feb-2023,2,-,INE065D01027,-,-,21-Feb-2023,EQ,Interim Dividend - Re 0.10 Per Share,AEROENTER
-,-,,Government of India,21-Feb-2023,100,-,IN0020220060,-,-,21-Feb-2023,GS,Interest Payment,726GS2032
-,-,,Natco Pharma Limited,21-Feb-2023,2,-,INE987B01018,-,-,21-Feb-2023,EQ,Interim Dividend - Rs 1.25 Per Share,NATCOPHARM
-,-,,Anzen India Energy Yield Plus Trust,21-Feb-2023,100,-,INE0MIZ23019,-,-,21-Feb-2023,IV,Distribution - Rs 1.24 Per Unit Comprising Of Interest - Re 0.72 Per Unit / Amortization Spv Level Debt - Re 0.43 Per Unit /Other Income Re 0.09 Per Unit,ANZEN
-,-,,Interise Trust,21-Feb-2023,100,-,INE790Z23019,-,-,21-Feb-2023,IV,Distribution - Rs 4.20 Per Unit Comprising Of Interest - Rs 2.79 Per Unit/Retun Of Capital Rs 0.90 Per Unit/Dividend - Rs 0.44 Per Unit/ Other Income On Surplus Funds - Re 0.07 Per Unit,INTERISE
-,-,,Government of India,21-Feb-2023,100,-,IN0020200401,-,-,21-Feb-2023,GS,Interest Payment,676GS2061
-,-,,MRF Limited,21-Feb-2023,10,-,INE883A01011,-,-,21-Feb-2023,EQ,Interim Dividend - Rs 3 Per Share,MRF
-,-,,Balrampur Chini Mills Limited,22-Feb-2023,1,-,INE119A01028,-,-,22-Feb-2023,EQ,Interim Dividend - Rs 2.50 Per Share,BALRAMCHIN
-,-,,Mstc Limited,22-Feb-2023,10,-,INE255X01014,-,-,22-Feb-2023,EQ,Interim Dividend - Rs 6.30 Per Share,MSTCLTD
-,-,,Cochin Shipyard Limited,22-Feb-2023,5,-,INE704P01017,-,-,22-Feb-2023,EQ,Interim Dividend - Rs 7 Per Share,COCHINSHIP
-,-,,Indian Railway Catering And Tourism Corporation Limited,22-Feb-2023,2,-,INE335Y01012,-,-,22-Feb-2023,EQ,Interim Dividend - Rs 3.50 Per Share,IRCTC
-,-,,Oil India Limited,22-Feb-2023,10,-,INE274J01014,-,-,22-Feb-2023,EQ,Interim Dividend - Rs 10 Per Share,OIL
-,-,,Torrent Power Limited,22-Feb-2023,10,-,INE813H01021,-,-,22-Feb-2023,EQ,Interim Dividend - Rs 09 Per Share / Special Dividend - Rs 13 Per Share,TORNTPOWER
-,-,,IRB Infrastructure Developers Limited,22-Feb-2023,1,-,INE821I01014,-,-,22-Feb-2023,EQ,Face Value Split (Sub-Division) - From Rs 10/- Per Share To Re 1/- Per Share,IRB
-,-,,Veedol Corporation Limited,22-Feb-2023,2,-,INE484C01030,-,-,22-Feb-2023,EQ,Interim Dividend - Rs 10 Per Share,VEEDOL
-,-,,Total Transport Systems Limited,22-Feb-2023,10,-,INE336X01012,-,-,22-Feb-2023,EQ,Interim Dividend - Re 0.75  Per Share,TOTAL
-,-,,United Drilling Tools Limited,22-Feb-2023,10,-,INE961D01019,-,-,22-Feb-2023,EQ,Interim Dividend - Re 0.60 Per Share,UNIDT
02-Mar-2023,23-Feb-2023,,Crown Lifters Limited,22-Feb-2023,10,-,INE491V01019,-,-,-,EQ,Extra Ordinary General Meeting,CROWN
-,-,,DCM Shriram Industries Limited,22-Feb-2023,2,-,INE843D01027,-,-,22-Feb-2023,EQ,Interim Dividend - Re 1 Per Share,DCMSRIND
-,-,,Goldiam International Limited,22-Feb-2023,2,-,INE025B01017,-,-,22-Feb-2023,EQ,Interim Dividend - Rs 2 Per Share,GOLDIAM
-,-,,HERCULES INVESTMENTS LIMITED,22-Feb-2023,1,-,INE688E01024,-,-,22-Feb-2023,EQ,Interim Dividend - Re 0.50 Per Share,HERCULES
-,-,,Bosch Limited,22-Feb-2023,10,-,INE323A01026,-,-,22-Feb-2023,EQ,Interim Dividend - Rs 200 Per Share,BOSCHLTD
-,-,,Suprajit Engineering Limited,23-Feb-2023,1,-,INE399C01030,-,-,23-Feb-2023,EQ,Interim Dividend - Rs 1.05 Per Share,SUPRAJIT
-,-,,Metropolis Healthcare Limited,23-Feb-2023,2,-,INE112L01020,-,-,23-Feb-2023,EQ,Interim Dividend - Rs 8 Per Share,METROPOLIS
-,-,,Kirloskar Oil Engines Limited,23-Feb-2023,2,-,INE146L01010,-,-,23-Feb-2023,EQ,Interim Dividend - Rs 2.50 Per Share,KIRLOSENG
-,-,,NCL Industries Limited,23-Feb-2023,10,-,INE732C01016,-,-,23-Feb-2023,EQ,Interim Dividend - Rs 1.50 Per Share,NCLIND
-,-,,NMDC Limited,24-Feb-2023,1,-,INE584A01023,-,-,24-Feb-2023,EQ,Interim Dividend - Rs 3.75 Per Share,NMDC
-,-,,Apollo Hospitals Enterprise Limited,24-Feb-2023,5,-,INE437A01016,-,-,24-Feb-2023,EQ,Interim Dividend - Rs  6 Per Share,APOLLOHOSP
-,-,,Vinny Overseas Limited,24-Feb-2023,1,-,INE01KI01019,-,-,24-Feb-2023,EQ,Face Value Split (Sub-Division) - From Rs 10/- Per Share To Re 1/- Per Share,VINNY
-,-,,Vinny Overseas Limited,24-Feb-2023,1,-,INE01KI01019,-,-,24-Feb-2023,EQ,Bonus 13:10,VINNY
-,-,,Power Finance Corporation Limited,24-Feb-2023,10,-,INE134E01011,-,-,24-Feb-2023,EQ,Interim Dividend - Rs  3.50 Per Share,PFC
-,-,,Polyplex Corporation Limited,24-Feb-2023,10,-,INE633B01018,-,-,24-Feb-2023,EQ,Interim Dividend - Rs  30 Per Share,POLYPLEX
-,-,,Oil & Natural Gas Corporation Limited,24-Feb-2023,5,-,INE213A01011,-,-,24-Feb-2023,EQ,Interim Dividend - Rs 4 Per Share,ONGC
-,-,,PI Industries Limited,24-Feb-2023,1,-,INE603J01014,-,-,24-Feb-2023,EQ,Interim Dividend - Rs  4.5 Per Share,PIIND
-,-,,CESC Limited,24-Feb-2023,1,-,INE486A01013,-,-,24-Feb-2023,EQ,Interim Dividend - Rs 4.50 Per Share,CESC
-,-,,Precision Wires India Limited,24-Feb-2023,1,-,INE372C01011,-,-,24-Feb-2023,EQ,Interim Dividend - Re 0.30 Per Share,PRECWIRE
-,-,,Satia Industries Limited,24-Feb-2023,1,-,INE170E01015,-,-,24-Feb-2023,EQ,Interim Dividend - Re 0.20 Per Share,SATIA
-,-,,Talbros Automotive Components Limited,24-Feb-2023,2,-,INE187D01011,-,-,24-Feb-2023,EQ,Interim Dividend - Re 1 Per Share,TALBROAUTO
-,-,,Tamilnad Mercantile Bank Limited,24-Feb-2023,10,-,INE668A01016,-,-,24-Feb-2023,EQ,Interim Dividend - Rs 5 Per Share,TMB
-,-,,The Sandesh Limited,24-Feb-2023,10,-,INE583B01015,-,-,24-Feb-2023,EQ,Interim Dividend - Rs  5 Per Share,SANDESH
-,-,,Pitti Engineering Limited,24-Feb-2023,5,-,INE450D01021,-,-,24-Feb-2023,EQ,Interim Dividend - Rs 1.50 Per Share,PITTIENG
-,-,,Amrutanjan Health Care Limited,24-Feb-2023,1,-,INE098F01015,-,-,24-Feb-2023,EQ,Interim Dividend - Re 1 Per Share,AMRUTANJAN
-,-,,Banco Products (I) Limited,24-Feb-2023,2,-,INE213C01025,-,-,25-Feb-2023,EQ,Interim Dividend - Rs 8 Per Share,BANCOINDIA
-,-,,CP Capital Limited,24-Feb-2023,10,-,INE521J01018,-,-,24-Feb-2023,EQ,Interim Dividend - Re 1 Per Share,CPCAP
-,-,,India Nippon Electricals Limited,24-Feb-2023,5,-,INE092B01017,-,-,24-Feb-2023,EQ,Interim Dividend - Rs 9.25 Per Share,INDNIPPON
-,-,,Insecticides (India) Limited,24-Feb-2023,10,-,INE070I01018,-,-,24-Feb-2023,EQ,Interim Dividend - Rs 3 Per Share,INSECTICID
-,-,,Uniparts India Limited,24-Feb-2023,10,-,INE244O01017,-,-,24-Feb-2023,EQ,Interim Dividend - Rs 8.25 Per Share,UNIPARTS
-,-,,BEML Limited,24-Feb-2023,5,-,INE258A01016,-,-,24-Feb-2023,EQ,Interim Dividend - Rs  5 Per Share,BEML
-,-,,NLC India Limited,24-Feb-2023,10,-,INE589A01014,-,-,24-Feb-2023,EQ,Dividend - Rs 1.50 Per Share,NLCINDIA
-,-,,Government of India,27-Feb-2023,100,-,IN0020200187,-,-,27-Feb-2023,GS,Interest Payment,68GS2060
-,-,,GOVERNMENT OF INDIA,27-Feb-2023,100,-,IN0020020106,-,-,27-Feb-2023,GS,Interest Payment,795GS2032
-,-,,Share India Securities Limited,28-Feb-2023,2,-,INE932X01018,-,-,28-Feb-2023,EQ,Rights 1:50 @ Premium Rs 690/- With 17 Warrants For 50 Equity Shares,SHAREINDIA
-,-,,Ujjivan Small Finance Bank Limited,01-Mar-2023,10,-,INE551W01018,-,-,01-Mar-2023,EQ,Interim Dividend - Re 0.75 Per Share,UJJIVANSFB
-,-,,360 ONE WAM LIMITED,02-Mar-2023,1,-,INE466L01020,-,-,02-Mar-2023,EQ,Face Value Split (Sub-Division) - From Rs 2/- Per Share To Re 1/- Per Share,360ONE
-,-,,360 ONE WAM LIMITED,02-Mar-2023,1,-,INE466L01020,-,-,02-Mar-2023,EQ,Bonus 1:1,360ONE
-,-,,Ksolves India Limited,03-Mar-2023,5,-,INE0D6I01015,-,-,04-Mar-2023,EQ,Interim Dividend - Rs 3 Per Share,KSOLVES
-,-,,GOVERNMENT OF INDIA,03-Mar-2023,100,-,IN0020160035,-,-,04-Mar-2023,GS,Interest Payment,697GS2026
10-Mar-2023,04-Mar-2023,,Responsive Industries Limited,03-Mar-2023,1,-,INE688D01026,-,-,-,EQ,Extra Ordinary General Meeting,RESPONIND
-,-,,Hinduja Global Solutions Limited,06-Mar-2023,10,-,INE170I01016,-,-,06-Mar-2023,EQ,Interim Dividend - Rs  2.50 Per Share,HGS
-,-,,Hinduja Global Solutions Limited,06-Mar-2023,10,-,INE170I01016,-,-,06-Mar-2023,EQ,Buy Back,HGS
-,-,,Marico Limited,08-Mar-2023,1,-,INE196A01026,-,-,08-Mar-2023,EQ,Interim Dividend - Rs 4.50 Per Share,MARICO
-,-,,Gokul Agro Resources Limited,08-Mar-2023,1,-,INE314T01025,-,-,08-Mar-2023,EQ,Rights 1:32 @ Premium Rs 90/-,GOKULAGRO
-,-,,GOVERNMENT OF INDIA,08-Mar-2023,100,-,IN0020050012,-,-,08-Mar-2023,GS,Interest Payment,74GS2035
-,-,,GOVERNMENT OF INDIA,10-Mar-2023,100,-,IN0020010081,-,-,10-Mar-2023,GS,Interest Payment,1018GS2026
18-Mar-2023,12-Mar-2023,,Peninsula Land Limited,10-Mar-2023,2,-,INE138A01028,-,-,-,EQ,Extra-Ordinary General Meeting,PENINLAND
-,-,,Government of India,10-Mar-2023,100,-,IN0020220086,-,-,10-Mar-2023,GS,Interest Payment,736GS2052
-,-,,Osia Hyper Retail Limited,13-Mar-2023,1,-,INE06IR01013,-,-,13-Mar-2023,EQ,Face Value Split (Sub-Division) - From Rs 10/- Per Share To Re 1/- Per Share,OSIAHYPER
-,-,,GOVERNMENT OF INDIA,14-Mar-2023,100,-,IN0020190024,-,-,14-Mar-2023,GS,Interest Payment,762GS2039
-,-,,Astral Limited,14-Mar-2023,1,-,INE006I01012,-,-,14-Mar-2023,EQ,Bonus 1:3,ASTRAL
-,-,,Allcargo Logistics Limited,15-Mar-2023,2,-,INE418H01029,-,-,15-Mar-2023,EQ,Interim Dividend - Rs 3.25 Per Share,ALLCARGO
-,-,,CG Power and Industrial Solutions Limited,15-Mar-2023,2,-,INE067A01029,-,-,15-Mar-2023,EQ,Interim Dividend - Rs  1.50 Per Share,CGPOWER
22-Mar-2023,16-Mar-2023,,DIC India Limited,15-Mar-2023,10,-,INE303A01010,-,-,-,EQ,Annual General Meeting/Dividend - Rs 2 Per Share,DICIND
-,-,,Government of India,15-Mar-2023,100,-,IN0020200245,-,-,15-Mar-2023,GS,Interest Payment,622GS2035
-,-,,GOVERNMENT OF INDIA,16-Mar-2023,100,-,IN0020170042,-,-,16-Mar-2023,GS,Interest Payment,668GS2031
-,-,,Medico Remedies Limited,16-Mar-2023,2,-,INE630Y01016,-,-,16-Mar-2023,EQ,Face Value Split (Sub-Division) - From Rs 10/- Per Share To Rs 2/- Per Share,MEDICO
-,-,,SBI Life Insurance Company Limited,16-Mar-2023,10,-,INE123W01016,-,-,16-Mar-2023,EQ,Interim Dividend - Rs 2.50 Per Share,SBILIFE
-,-,,GOVERNMENT OF INDIA,17-Mar-2023,100,-,IN0020150069,-,-,18-Mar-2023,GS,Interest Payment,759GS2029
-,-,,GOVERNMENT OF INDIA,17-Mar-2023,100,-,IN0020150028,-,-,18-Mar-2023,GS,Interest Payment,788GS2030
27-Mar-2023,20-Mar-2023,,Varun Beverages Limited,17-Mar-2023,2,-,INE200M01013,-,-,-,EQ,Annual General Meeting,VBL
-,-,,Hi-Tech Pipes Limited,17-Mar-2023,1,-,INE106T01017,-,-,17-Mar-2023,EQ,Face Value Split (Sub-Division) - From Rs 10/- Per Share To Re 1/- Per Share,HITECH
-,-,,Government of India,17-Mar-2023,100,-,IN0020220094,-,-,18-Mar-2023,GS,Interest Payment,74GS2062
-,-,,Vertis Infrastructure Trust,17-Mar-2023,100,-,INE0KXY23015,-,-,18-Mar-2023,IV,Distribution - 4.8376 Per Unit,VERTIS
-,-,,GOVERNMENT OF INDIA,20-Mar-2023,100,-,IN0020070069,-,-,20-Mar-2023,GS,Interest Payment,828GS2027
-,-,,GOVERNMENT OF INDIA,20-Mar-2023,100,-,IN0020070077,-,-,20-Mar-2023,GS,Interest Payment,833GS2032
26-Mar-2023,21-Mar-2023,,Educomp Solutions Limited,20-Mar-2023,2,-,INE216H01027,-,-,-,EQ,Annual General Meeting,EDUCOMP
-,-,,Ujjivan Financial Services Limited,20-Mar-2023,10,-,INE334L01012,-,-,20-Mar-2023,EQ,Interim Dividend - Rs 5 Per Share,UJJIVAN
-,-,,Hindustan Aeronautics Limited,20-Mar-2023,5,-,INE066F01012,-,-,20-Mar-2023,EQ,Interim Dividend - Rs 20 Per Share,HAL
-,-,,Poddar Pigments Limited,21-Mar-2023,10,-,INE371C01013,-,-,22-Mar-2023,EQ,Interim Dividend - Rs 3.50 Per Share,PODDARMENT
-,-,,KDDL Limited,21-Mar-2023,10,-,INE291D01011,-,-,21-Mar-2023,EQ,Interim Dividend - Rs 2 Per Share,KDDL
-,-,,Housing & Urban Development Corporation Limited,21-Mar-2023,10,-,INE031A07873,-,-,22-Mar-2023,EQ,Interim Dividend - Re 0.75 Per Share,HUDCO
-,-,,GAIL (India) Limited,21-Mar-2023,10,-,INE129A01019,-,-,21-Mar-2023,EQ,Interim Dividend - Rs 4 Per Share,GAIL
-,-,,National Aluminium Company Limited,21-Mar-2023,5,-,INE139A01026,-,-,21-Mar-2023,EQ,Interim Dividend - Rs 2.50 Per Share,NATIONALUM
27-Mar-2023,22-Mar-2023,,Vivimed Labs Limited,21-Mar-2023,2,-,INE526G01013,-,-,-,EQ,Annual General Meeting,VIVIMEDLAB
-,-,,Sun TV Network Limited,21-Mar-2023,5,-,INE424H01027,-,-,21-Mar-2023,EQ,Interim Dividend - Rs 2.50 Per Share,SUNTV
-,-,,GOVERNMENT OF INDIA,23-Mar-2023,100,-,IN0020120047,-,-,23-Mar-2023,GS,Interest Payment,82GS2025
-,-,,Mishra Dhatu Nigam Limited,23-Mar-2023,10,-,INE099Z01011,-,-,23-Mar-2023,EQ,Interim Dividend - Rs 1.68 Per Share,MIDHANI
-,-,,Bharat Electronics Limited,24-Mar-2023,1,-,INE263A01016,-,-,25-Mar-2023,EQ,Interim Dividend - Rs 0.60 Per Share,BEL
-,-,,Alivus Life Sciences Limited,24-Mar-2023,2,-,INE03Q201024,-,-,24-Mar-2023,EQ,Interim Dividend - Rs  21 Per Share,ALIVUS
-,-,,Aditya Birla Sun Life AMC Limited,24-Mar-2023,5,-,INE404A01024,-,-,24-Mar-2023,EQ,Interim Dividend - Rs 5 Per Share,ABSLAMC
31-Mar-2023,25-Mar-2023,,Unitech Limited,24-Mar-2023,2,-,INE694A01020,-,-,-,EQ,Annual General Meeting,UNITECH
-,-,,Steel Authority of India Limited,24-Mar-2023,10,-,INE114A01011,-,-,24-Mar-2023,EQ,Interim Dividend - Re 1 Per Share,SAIL
-,-,,Ajanta Pharma Limited,24-Mar-2023,2,-,INE031B01015,-,-,24-Mar-2023,EQ,Buy Back,AJANTPHARM
-,-,,Styrenix Performance Materials Limited,24-Mar-2023,10,-,INE189B01011,-,-,24-Mar-2023,EQ,Interim Dividend - Rs 80 Per Share,STYRENIX
-,-,,TVS Holdings Limited,24-Mar-2023,5,-,INE105A01035,-,-,24-Mar-2023,EQ,Bonus Ncrps 1:116,TVSHLTD
-,-,,GOVERNMENT OF INDIA,24-Mar-2023,100,-,IN0020020247,-,-,24-Mar-2023,GS,Interest Payment,601GS2028
-,-,,GOVERNMENT OF INDIA,24-Mar-2023,100,-,IN0020030071,-,-,24-Mar-2023,GS,Interest Payment,597GS2025
-,-,,SEPC Limited,29-Mar-2023,10,-,INE964H01014,-,-,29-Mar-2023,EQ,Rights 2:53 @ Premium Rs 0/-,SEPC
-,-,,SBI Cards and Payment Services Limited,29-Mar-2023,10,-,INE018E01016,-,-,29-Mar-2023,EQ,Interim Dividend - Rs 2.50 Per Share,SBICARD
-,-,,Mirza International Limited,29-Mar-2023,2,-,INE771A01026,-,-,29-Mar-2023,EQ,Demerger,MIRZAINT
-,-,,Hindustan Zinc Limited,29-Mar-2023,2,-,INE267A01017,-,-,29-Mar-2023,EQ,Interim Dividend - Rs 26 Per Share,HINDZINC
-,-,,Brand Concepts Limited,29-Mar-2023,10,-,INE977Y01011,-,-,30-Mar-2023,EQ,Interim Dividend - Rs  0.50 Per Share,BCONCEPTS
-,-,,GOVERNMENT OF INDIA,29-Mar-2023,100,-,IN0020130053,-,-,29-Mar-2023,GS,Interest Payment,92GS2030
-,-,,Symphony Limited,29-Mar-2023,2,-,INE225D01019,-,-,29-Mar-2023,EQ,Buy Back,SYMPHONY
-,-,,Dwarikesh Sugar Industries Limited,31-Mar-2023,1,-,INE366A01033,-,-,31-Mar-2023,EQ,Interim Dividend - Rs 2 Per Share,DWARKESH
02-Apr-2023,01-Apr-2023,,Crisil Limited,31-Mar-2023,1,-,INE007A01017,-,-,-,EQ,Annual General Meeting/Dividend - Rs 23 Per Share,CRISIL
-,-,,Angel One Limited,31-Mar-2023,1,-,INE732I01013,-,-,31-Mar-2023,EQ,Interim Dividend - Rs 9.60 Per Share,ANGELONE
-,-,,Indraprastha Gas Limited,31-Mar-2023,2,-,INE203G01019,-,-,31-Mar-2023,EQ,Interim Dividend - Rs 10 Per Share,IGL
-,-,,Shipping Corporation Of India Limited,31-Mar-2023,10,-,INE109A01011,-,-,31-Mar-2023,EQ,Demerger,SCI
-,-,,Godawari Power And Ispat limited,31-Mar-2023,1,-,INE177H01013,-,-,31-Mar-2023,EQ,Buy Back,GPIL
