date,isin,instrument,symbol,series,open,high,low,close,source_file
2019-10-09,INE216A07052,BRITANNIA_2019_8PCT_SECURED_BONUS_DEBENTURE,BRITANNIA,N2,30,31,30,30.8,cm09OCT2019bhav.csv.zip
2019-10-10,INE216A07052,BRITANNIA_2019_8PCT_SECURED_BONUS_DEBENTURE,BRITANNIA,N2,30.8,31,30.8,30.85,cm10OCT2019bhav.csv.zip
2019-10-11,INE216A07052,BRITANNIA_2019_8PCT_SECURED_BONUS_DEBENTURE,BRITANNIA,N2,30.85,35.8,30.8,33.36,cm11OCT2019bhav.csv.zip
2019-10-14,INE216A07052,BRITANNIA_2019_8PCT_SECURED_BONUS_DEBENTURE,BRITANNIA,N2,33.36,35.5,31,31.03,cm14OCT2019bhav.csv.zip
2019-10-15,INE216A07052,BRITANNIA_2019_8PCT_SECURED_BONUS_DEBENTURE,BRITANNIA,N2,31.03,32.2,30.65,32,cm15OCT2019bhav.csv.zip
2019-10-16,INE216A07052,BRITANNIA_2019_8PCT_SECURED_BONUS_DEBENTURE,BRITANNIA,N2,32,32,31.2,31.26,cm16OCT2019bhav.csv.zip
2019-10-17,INE216A07052,BRITANNIA_2019_8PCT_SECURED_BONUS_DEBENTURE,BRITANNIA,N2,31.01,31.65,30.92,31,cm17OCT2019bhav.csv.zip
2019-10-18,INE216A07052,BRITANNIA_2019_8PCT_SECURED_BONUS_DEBENTURE,BRITANNIA,N2,30.87,31.24,30.87,30.9,cm18OCT2019bhav.csv.zip
2019-10-22,INE216A07052,BRITANNIA_2019_8PCT_SECURED_BONUS_DEBENTURE,BRITANNIA,N2,30.75,31.08,30.75,31.01,cm22OCT2019bhav.csv.zip
2019-10-23,INE216A07052,BRITANNIA_2019_8PCT_SECURED_BONUS_DEBENTURE,BRITANNIA,N2,30.93,31.01,30.93,30.97,cm23OCT2019bhav.csv.zip
2019-10-24,INE216A07052,BRITANNIA_2019_8PCT_SECURED_BONUS_DEBENTURE,BRITANNIA,N2,30.95,31.07,30.92,31.03,cm24OCT2019bhav.csv.zip
2019-10-25,INE216A07052,BRITANNIA_2019_8PCT_SECURED_BONUS_DEBENTURE,BRITANNIA,N2,30.99,31.1,30.99,31.04,cm25OCT2019bhav.csv.zip
2019-10-27,INE216A07052,BRITANNIA_2019_8PCT_SECURED_BONUS_DEBENTURE,BRITANNIA,N2,31.1,31.39,31,31.06,cm27OCT2019bhav.csv.zip
2019-10-29,INE216A07052,BRITANNIA_2019_8PCT_SECURED_BONUS_DEBENTURE,BRITANNIA,N2,31,31.2,31,31.05,cm29OCT2019bhav.csv.zip
2019-10-30,INE216A07052,BRITANNIA_2019_8PCT_SECURED_BONUS_DEBENTURE,BRITANNIA,N2,31.1,31.12,30.96,31.03,cm30OCT2019bhav.csv.zip
2019-10-31,INE216A07052,BRITANNIA_2019_8PCT_SECURED_BONUS_DEBENTURE,BRITANNIA,N2,31.02,31.2,31.02,31.06,cm31OCT2019bhav.csv.zip
2019-11-01,INE216A07052,BRITANNIA_2019_8PCT_SECURED_BONUS_DEBENTURE,BRITANNIA,N2,31.03,31.35,31.03,31.2,cm01NOV2019bhav.csv.zip
2019-11-04,INE216A07052,BRITANNIA_2019_8PCT_SECURED_BONUS_DEBENTURE,BRITANNIA,N2,31.01,31.35,31.01,31.13,cm04NOV2019bhav.csv.zip
2019-11-05,INE216A07052,BRITANNIA_2019_8PCT_SECURED_BONUS_DEBENTURE,BRITANNIA,N2,31.11,31.24,31.11,31.12,cm05NOV2019bhav.csv.zip
2019-11-06,INE216A07052,BRITANNIA_2019_8PCT_SECURED_BONUS_DEBENTURE,BRITANNIA,N2,31.12,31.2,31.12,31.17,cm06NOV2019bhav.csv.zip
2019-11-07,INE216A07052,BRITANNIA_2019_8PCT_SECURED_BONUS_DEBENTURE,BRITANNIA,N2,31.25,31.3,31.14,31.16,cm07NOV2019bhav.csv.zip
2019-11-08,INE216A07052,BRITANNIA_2019_8PCT_SECURED_BONUS_DEBENTURE,BRITANNIA,N2,31.16,31.32,31.16,31.16,cm08NOV2019bhav.csv.zip
2019-11-11,INE216A07052,BRITANNIA_2019_8PCT_SECURED_BONUS_DEBENTURE,BRITANNIA,N2,31.2,31.32,31.16,31.21,cm11NOV2019bhav.csv.zip
2019-11-13,INE216A07052,BRITANNIA_2019_8PCT_SECURED_BONUS_DEBENTURE,BRITANNIA,N2,31.25,31.31,31.2,31.22,cm13NOV2019bhav.csv.zip
2019-11-14,INE216A07052,BRITANNIA_2019_8PCT_SECURED_BONUS_DEBENTURE,BRITANNIA,N2,31.22,31.29,31.19,31.19,cm14NOV2019bhav.csv.zip
2019-11-15,INE216A07052,BRITANNIA_2019_8PCT_SECURED_BONUS_DEBENTURE,BRITANNIA,N2,31.22,31.3,31.15,31.15,cm15NOV2019bhav.csv.zip
2019-11-18,INE216A07052,BRITANNIA_2019_8PCT_SECURED_BONUS_DEBENTURE,BRITANNIA,N2,31.17,31.3,31.17,31.18,cm18NOV2019bhav.csv.zip
2019-11-19,INE216A07052,BRITANNIA_2019_8PCT_SECURED_BONUS_DEBENTURE,BRITANNIA,N2,31.01,31.32,31.01,31.22,cm19NOV2019bhav.csv.zip
2019-11-20,INE216A07052,BRITANNIA_2019_8PCT_SECURED_BONUS_DEBENTURE,BRITANNIA,N2,31.21,31.44,31.21,31.35,cm20NOV2019bhav.csv.zip
2019-11-21,INE216A07052,BRITANNIA_2019_8PCT_SECURED_BONUS_DEBENTURE,BRITANNIA,N2,31.23,31.4,31.23,31.34,cm21NOV2019bhav.csv.zip
2019-11-22,INE216A07052,BRITANNIA_2019_8PCT_SECURED_BONUS_DEBENTURE,BRITANNIA,N2,31.35,31.4,31.3,31.35,cm22NOV2019bhav.csv.zip
2019-11-25,INE216A07052,BRITANNIA_2019_8PCT_SECURED_BONUS_DEBENTURE,BRITANNIA,N2,31.34,31.45,31.33,31.39,cm25NOV2019bhav.csv.zip
2019-11-26,INE216A07052,BRITANNIA_2019_8PCT_SECURED_BONUS_DEBENTURE,BRITANNIA,N2,31.39,31.5,31.39,31.41,cm26NOV2019bhav.csv.zip
2019-11-27,INE216A07052,BRITANNIA_2019_8PCT_SECURED_BONUS_DEBENTURE,BRITANNIA,N2,31.31,31.48,31.31,31.41,cm27NOV2019bhav.csv.zip
2019-11-28,INE216A07052,BRITANNIA_2019_8PCT_SECURED_BONUS_DEBENTURE,BRITANNIA,N2,31.41,33.8,31.41,31.52,cm28NOV2019bhav.csv.zip
2019-11-29,INE216A07052,BRITANNIA_2019_8PCT_SECURED_BONUS_DEBENTURE,BRITANNIA,N2,31.16,31.99,31.16,31.52,cm29NOV2019bhav.csv.zip
2019-12-02,INE216A07052,BRITANNIA_2019_8PCT_SECURED_BONUS_DEBENTURE,BRITANNIA,N2,31.99,31.99,31.41,31.5,cm02DEC2019bhav.csv.zip
2019-12-03,INE216A07052,BRITANNIA_2019_8PCT_SECURED_BONUS_DEBENTURE,BRITANNIA,N2,31.4,31.6,31.4,31.57,cm03DEC2019bhav.csv.zip
2019-12-04,INE216A07052,BRITANNIA_2019_8PCT_SECURED_BONUS_DEBENTURE,BRITANNIA,N2,31.51,31.78,31.44,31.53,cm04DEC2019bhav.csv.zip
2019-12-05,INE216A07052,BRITANNIA_2019_8PCT_SECURED_BONUS_DEBENTURE,BRITANNIA,N2,31.5,31.7,31.43,31.49,cm05DEC2019bhav.csv.zip
2019-12-06,INE216A07052,BRITANNIA_2019_8PCT_SECURED_BONUS_DEBENTURE,BRITANNIA,N2,31.47,31.75,31.16,31.36,cm06DEC2019bhav.csv.zip
2019-12-09,INE216A07052,BRITANNIA_2019_8PCT_SECURED_BONUS_DEBENTURE,BRITANNIA,N2,31.36,31.5,31.36,31.44,cm09DEC2019bhav.csv.zip
2019-12-10,INE216A07052,BRITANNIA_2019_8PCT_SECURED_BONUS_DEBENTURE,BRITANNIA,N2,31.4,31.74,31.26,31.34,cm10DEC2019bhav.csv.zip
2019-12-11,INE216A07052,BRITANNIA_2019_8PCT_SECURED_BONUS_DEBENTURE,BRITANNIA,N2,31.5,31.51,31.31,31.36,cm11DEC2019bhav.csv.zip
2019-12-12,INE216A07052,BRITANNIA_2019_8PCT_SECURED_BONUS_DEBENTURE,BRITANNIA,N2,31.25,31.5,31.25,31.35,cm12DEC2019bhav.csv.zip
2019-12-13,INE216A07052,BRITANNIA_2019_8PCT_SECURED_BONUS_DEBENTURE,BRITANNIA,N2,31.5,31.5,31.31,31.32,cm13DEC2019bhav.csv.zip
2019-12-16,INE216A07052,BRITANNIA_2019_8PCT_SECURED_BONUS_DEBENTURE,BRITANNIA,N2,31.31,31.95,31.31,31.39,cm16DEC2019bhav.csv.zip
2019-12-17,INE216A07052,BRITANNIA_2019_8PCT_SECURED_BONUS_DEBENTURE,BRITANNIA,N2,31.32,31.48,31.3,31.36,cm17DEC2019bhav.csv.zip
2019-12-18,INE216A07052,BRITANNIA_2019_8PCT_SECURED_BONUS_DEBENTURE,BRITANNIA,N2,31.31,31.47,31.31,31.35,cm18DEC2019bhav.csv.zip
2019-12-19,INE216A07052,BRITANNIA_2019_8PCT_SECURED_BONUS_DEBENTURE,BRITANNIA,N2,31.35,31.45,31.35,31.4,cm19DEC2019bhav.csv.zip
2019-12-20,INE216A07052,BRITANNIA_2019_8PCT_SECURED_BONUS_DEBENTURE,BRITANNIA,N2,31.4,31.5,31.38,31.42,cm20DEC2019bhav.csv.zip
2019-12-23,INE216A07052,BRITANNIA_2019_8PCT_SECURED_BONUS_DEBENTURE,BRITANNIA,N2,31.4,31.97,31.32,31.59,cm23DEC2019bhav.csv.zip
2019-12-24,INE216A07052,BRITANNIA_2019_8PCT_SECURED_BONUS_DEBENTURE,BRITANNIA,N2,31.41,31.9,31.41,31.49,cm24DEC2019bhav.csv.zip
2019-12-26,INE216A07052,BRITANNIA_2019_8PCT_SECURED_BONUS_DEBENTURE,BRITANNIA,N2,31.49,31.49,31.41,31.46,cm26DEC2019bhav.csv.zip
2019-12-27,INE216A07052,BRITANNIA_2019_8PCT_SECURED_BONUS_DEBENTURE,BRITANNIA,N2,31.46,31.69,31.35,31.47,cm27DEC2019bhav.csv.zip
2019-12-30,INE216A07052,BRITANNIA_2019_8PCT_SECURED_BONUS_DEBENTURE,BRITANNIA,N2,31.32,31.99,31.32,31.49,cm30DEC2019bhav.csv.zip
2019-12-31,INE216A07052,BRITANNIA_2019_8PCT_SECURED_BONUS_DEBENTURE,BRITANNIA,N2,31.74,31.74,31.47,31.57,cm31DEC2019bhav.csv.zip
2020-01-01,INE216A07052,BRITANNIA_2019_8PCT_SECURED_BONUS_DEBENTURE,BRITANNIA,N2,31.46,31.78,31.46,31.51,cm01JAN2020bhav.csv.zip
2020-01-02,INE216A07052,BRITANNIA_2019_8PCT_SECURED_BONUS_DEBENTURE,BRITANNIA,N2,31.51,31.6,31.47,31.52,cm02JAN2020bhav.csv.zip
2020-01-03,INE216A07052,BRITANNIA_2019_8PCT_SECURED_BONUS_DEBENTURE,BRITANNIA,N2,31.52,31.6,31.51,31.51,cm03JAN2020bhav.csv.zip
2020-01-06,INE216A07052,BRITANNIA_2019_8PCT_SECURED_BONUS_DEBENTURE,BRITANNIA,N2,31.52,31.52,31.31,31.39,cm06JAN2020bhav.csv.zip
2020-01-07,INE216A07052,BRITANNIA_2019_8PCT_SECURED_BONUS_DEBENTURE,BRITANNIA,N2,31.32,31.6,31.32,31.5,cm07JAN2020bhav.csv.zip
2020-01-08,INE216A07052,BRITANNIA_2019_8PCT_SECURED_BONUS_DEBENTURE,BRITANNIA,N2,31.32,31.75,31.31,31.58,cm08JAN2020bhav.csv.zip
2020-01-09,INE216A07052,BRITANNIA_2019_8PCT_SECURED_BONUS_DEBENTURE,BRITANNIA,N2,31.79,31.79,31.52,31.71,cm09JAN2020bhav.csv.zip
2020-01-10,INE216A07052,BRITANNIA_2019_8PCT_SECURED_BONUS_DEBENTURE,BRITANNIA,N2,31.43,31.77,31.43,31.61,cm10JAN2020bhav.csv.zip
2020-01-13,INE216A07052,BRITANNIA_2019_8PCT_SECURED_BONUS_DEBENTURE,BRITANNIA,N2,31.31,31.78,31.31,31.56,cm13JAN2020bhav.csv.zip
2020-01-14,INE216A07052,BRITANNIA_2019_8PCT_SECURED_BONUS_DEBENTURE,BRITANNIA,N2,31.5,31.59,31.5,31.51,cm14JAN2020bhav.csv.zip
2020-01-15,INE216A07052,BRITANNIA_2019_8PCT_SECURED_BONUS_DEBENTURE,BRITANNIA,N2,31.4,31.6,31.4,31.56,cm15JAN2020bhav.csv.zip
2020-01-16,INE216A07052,BRITANNIA_2019_8PCT_SECURED_BONUS_DEBENTURE,BRITANNIA,N2,31.55,31.78,31.55,31.58,cm16JAN2020bhav.csv.zip
2020-01-17,INE216A07052,BRITANNIA_2019_8PCT_SECURED_BONUS_DEBENTURE,BRITANNIA,N2,31.55,31.78,31.55,31.56,cm17JAN2020bhav.csv.zip
2020-01-20,INE216A07052,BRITANNIA_2019_8PCT_SECURED_BONUS_DEBENTURE,BRITANNIA,N2,31.4,31.8,31.4,31.63,cm20JAN2020bhav.csv.zip
2020-01-21,INE216A07052,BRITANNIA_2019_8PCT_SECURED_BONUS_DEBENTURE,BRITANNIA,N2,31.46,31.79,31.46,31.7,cm21JAN2020bhav.csv.zip
2020-01-22,INE216A07052,BRITANNIA_2019_8PCT_SECURED_BONUS_DEBENTURE,BRITANNIA,N2,31.61,31.74,31.61,31.69,cm22JAN2020bhav.csv.zip
2020-01-23,INE216A07052,BRITANNIA_2019_8PCT_SECURED_BONUS_DEBENTURE,BRITANNIA,N2,31.5,31.79,31.5,31.73,cm23JAN2020bhav.csv.zip
2020-01-24,INE216A07052,BRITANNIA_2019_8PCT_SECURED_BONUS_DEBENTURE,BRITANNIA,N2,31.61,31.93,31.61,31.8,cm24JAN2020bhav.csv.zip
2020-01-27,INE216A07052,BRITANNIA_2019_8PCT_SECURED_BONUS_DEBENTURE,BRITANNIA,N2,31.51,31.94,31.51,31.71,cm27JAN2020bhav.csv.zip
2020-01-28,INE216A07052,BRITANNIA_2019_8PCT_SECURED_BONUS_DEBENTURE,BRITANNIA,N2,31.53,31.84,31.53,31.67,cm28JAN2020bhav.csv.zip
2020-01-29,INE216A07052,BRITANNIA_2019_8PCT_SECURED_BONUS_DEBENTURE,BRITANNIA,N2,31.98,31.98,31.66,31.69,cm29JAN2020bhav.csv.zip
2020-01-30,INE216A07052,BRITANNIA_2019_8PCT_SECURED_BONUS_DEBENTURE,BRITANNIA,N2,31.69,31.89,31.5,31.69,cm30JAN2020bhav.csv.zip
2020-01-31,INE216A07052,BRITANNIA_2019_8PCT_SECURED_BONUS_DEBENTURE,BRITANNIA,N2,31.65,31.93,31.55,31.68,cm31JAN2020bhav.csv.zip
2020-02-03,INE216A07052,BRITANNIA_2019_8PCT_SECURED_BONUS_DEBENTURE,BRITANNIA,N2,31.5,31.96,31.5,31.72,cm03FEB2020bhav.csv.zip
2020-02-04,INE216A07052,BRITANNIA_2019_8PCT_SECURED_BONUS_DEBENTURE,BRITANNIA,N2,31.5,32,31.31,31.82,cm04FEB2020bhav.csv.zip
2020-02-05,INE216A07052,BRITANNIA_2019_8PCT_SECURED_BONUS_DEBENTURE,BRITANNIA,N2,31.51,32,31.41,31.77,cm05FEB2020bhav.csv.zip
2020-02-06,INE216A07052,BRITANNIA_2019_8PCT_SECURED_BONUS_DEBENTURE,BRITANNIA,N2,31.41,32.1,31.41,31.96,cm06FEB2020bhav.csv.zip
2020-02-07,INE216A07052,BRITANNIA_2019_8PCT_SECURED_BONUS_DEBENTURE,BRITANNIA,N2,31.51,32.15,31.51,31.81,cm07FEB2020bhav.csv.zip
2020-02-10,INE216A07052,BRITANNIA_2019_8PCT_SECURED_BONUS_DEBENTURE,BRITANNIA,N2,32.2,32.2,31.52,31.95,cm10FEB2020bhav.csv.zip
2020-02-11,INE216A07052,BRITANNIA_2019_8PCT_SECURED_BONUS_DEBENTURE,BRITANNIA,N2,31.51,31.99,31.51,31.93,cm11FEB2020bhav.csv.zip
2020-02-12,INE216A07052,BRITANNIA_2019_8PCT_SECURED_BONUS_DEBENTURE,BRITANNIA,N2,32,32.1,31.56,31.96,cm12FEB2020bhav.csv.zip
2020-02-13,INE216A07052,BRITANNIA_2019_8PCT_SECURED_BONUS_DEBENTURE,BRITANNIA,N2,31.7,32.19,31.7,32.01,cm13FEB2020bhav.csv.zip
2020-02-14,INE216A07052,BRITANNIA_2019_8PCT_SECURED_BONUS_DEBENTURE,BRITANNIA,N2,31.7,32.19,31.7,31.96,cm14FEB2020bhav.csv.zip
2020-02-17,INE216A07052,BRITANNIA_2019_8PCT_SECURED_BONUS_DEBENTURE,BRITANNIA,N2,31.7,32,31.7,31.92,cm17FEB2020bhav.csv.zip
2020-02-18,INE216A07052,BRITANNIA_2019_8PCT_SECURED_BONUS_DEBENTURE,BRITANNIA,N2,31.55,31.99,31.55,31.96,cm18FEB2020bhav.csv.zip
2020-02-19,INE216A07052,BRITANNIA_2019_8PCT_SECURED_BONUS_DEBENTURE,BRITANNIA,N2,31.75,32.15,31.75,31.94,cm19FEB2020bhav.csv.zip
2020-02-20,INE216A07052,BRITANNIA_2019_8PCT_SECURED_BONUS_DEBENTURE,BRITANNIA,N2,31.9,32,31.71,31.92,cm20FEB2020bhav.csv.zip
2020-02-24,INE216A07052,BRITANNIA_2019_8PCT_SECURED_BONUS_DEBENTURE,BRITANNIA,N2,31.7,32.15,31.6,31.98,cm24FEB2020bhav.csv.zip
2020-02-25,INE216A07052,BRITANNIA_2019_8PCT_SECURED_BONUS_DEBENTURE,BRITANNIA,N2,31.6,32.05,31.6,32.02,cm25FEB2020bhav.csv.zip
2020-02-26,INE216A07052,BRITANNIA_2019_8PCT_SECURED_BONUS_DEBENTURE,BRITANNIA,N2,31.98,32.02,31.9,31.98,cm26FEB2020bhav.csv.zip
2020-02-27,INE216A07052,BRITANNIA_2019_8PCT_SECURED_BONUS_DEBENTURE,BRITANNIA,N2,31.76,32.1,31.76,31.97,cm27FEB2020bhav.csv.zip
2020-02-28,INE216A07052,BRITANNIA_2019_8PCT_SECURED_BONUS_DEBENTURE,BRITANNIA,N2,31.51,32.05,31.51,31.99,cm28FEB2020bhav.csv.zip
2020-03-02,INE216A07052,BRITANNIA_2019_8PCT_SECURED_BONUS_DEBENTURE,BRITANNIA,N2,31.91,32.19,31.91,32,cm02MAR2020bhav.csv.zip
2020-03-03,INE216A07052,BRITANNIA_2019_8PCT_SECURED_BONUS_DEBENTURE,BRITANNIA,N2,31.8,32.1,31.8,32,cm03MAR2020bhav.csv.zip
2020-03-04,INE216A07052,BRITANNIA_2019_8PCT_SECURED_BONUS_DEBENTURE,BRITANNIA,N2,32,32.15,31.88,32.01,cm04MAR2020bhav.csv.zip
2020-03-05,INE216A07052,BRITANNIA_2019_8PCT_SECURED_BONUS_DEBENTURE,BRITANNIA,N2,32.01,32.25,31.7,32.1,cm05MAR2020bhav.csv.zip
2020-03-06,INE216A07052,BRITANNIA_2019_8PCT_SECURED_BONUS_DEBENTURE,BRITANNIA,N2,31,32.2,31,32.11,cm06MAR2020bhav.csv.zip
2020-03-09,INE216A07052,BRITANNIA_2019_8PCT_SECURED_BONUS_DEBENTURE,BRITANNIA,N2,31.51,32.17,31.51,32.05,cm09MAR2020bhav.csv.zip
2020-03-11,INE216A07052,BRITANNIA_2019_8PCT_SECURED_BONUS_DEBENTURE,BRITANNIA,N2,31.55,32.17,31.55,32.05,cm11MAR2020bhav.csv.zip
2020-03-12,INE216A07052,BRITANNIA_2019_8PCT_SECURED_BONUS_DEBENTURE,BRITANNIA,N2,31.15,32.14,31.15,32.01,cm12MAR2020bhav.csv.zip
2020-03-13,INE216A07052,BRITANNIA_2019_8PCT_SECURED_BONUS_DEBENTURE,BRITANNIA,N2,31.15,32.4,30.25,32.25,cm13MAR2020bhav.csv.zip
2020-03-16,INE216A07052,BRITANNIA_2019_8PCT_SECURED_BONUS_DEBENTURE,BRITANNIA,N2,32.2,32.2,31.35,31.86,cm16MAR2020bhav.csv.zip
2020-03-17,INE216A07052,BRITANNIA_2019_8PCT_SECURED_BONUS_DEBENTURE,BRITANNIA,N2,32.2,32.2,31.5,31.75,cm17MAR2020bhav.csv.zip
2020-03-18,INE216A07052,BRITANNIA_2019_8PCT_SECURED_BONUS_DEBENTURE,BRITANNIA,N2,31.31,31.85,31.31,31.34,cm18MAR2020bhav.csv.zip
2020-03-19,INE216A07052,BRITANNIA_2019_8PCT_SECURED_BONUS_DEBENTURE,BRITANNIA,N2,31.31,31.74,30.61,31.3,cm19MAR2020bhav.csv.zip
2020-03-20,INE216A07052,BRITANNIA_2019_8PCT_SECURED_BONUS_DEBENTURE,BRITANNIA,N2,31.26,31.5,31.26,31.37,cm20MAR2020bhav.csv.zip
2020-03-23,INE216A07052,BRITANNIA_2019_8PCT_SECURED_BONUS_DEBENTURE,BRITANNIA,N2,30.55,31.35,30.55,31.2,cm23MAR2020bhav.csv.zip
2020-03-24,INE216A07052,BRITANNIA_2019_8PCT_SECURED_BONUS_DEBENTURE,BRITANNIA,N2,30.71,31.85,30.71,31.17,cm24MAR2020bhav.csv.zip
2020-03-25,INE216A07052,BRITANNIA_2019_8PCT_SECURED_BONUS_DEBENTURE,BRITANNIA,N2,34.89,34.89,30,31.08,cm25MAR2020bhav.csv.zip
2020-03-26,INE216A07052,BRITANNIA_2019_8PCT_SECURED_BONUS_DEBENTURE,BRITANNIA,N2,31,32,30.86,31.14,cm26MAR2020bhav.csv.zip
2020-03-27,INE216A07052,BRITANNIA_2019_8PCT_SECURED_BONUS_DEBENTURE,BRITANNIA,N2,30.55,31.95,30.55,31.76,cm27MAR2020bhav.csv.zip
2020-03-30,INE216A07052,BRITANNIA_2019_8PCT_SECURED_BONUS_DEBENTURE,BRITANNIA,N2,31.35,31.7,31.1,31.55,cm30MAR2020bhav.csv.zip
2020-03-31,INE216A07052,BRITANNIA_2019_8PCT_SECURED_BONUS_DEBENTURE,BRITANNIA,N2,34.89,34.89,31.3,31.62,cm31MAR2020bhav.csv.zip
2020-04-01,INE216A07052,BRITANNIA_2019_8PCT_SECURED_BONUS_DEBENTURE,BRITANNIA,N2,31.65,32,31.62,31.67,cm01APR2020bhav.csv.zip
2020-04-03,INE216A07052,BRITANNIA_2019_8PCT_SECURED_BONUS_DEBENTURE,BRITANNIA,N2,32,32,31.56,31.77,cm03APR2020bhav.csv.zip
2020-04-07,INE216A07052,BRITANNIA_2019_8PCT_SECURED_BONUS_DEBENTURE,BRITANNIA,N2,31.77,32.98,31,31.91,cm07APR2020bhav.csv.zip
2020-04-08,INE216A07052,BRITANNIA_2019_8PCT_SECURED_BONUS_DEBENTURE,BRITANNIA,N2,31.1,32.79,31.1,32,cm08APR2020bhav.csv.zip
2020-04-09,INE216A07052,BRITANNIA_2019_8PCT_SECURED_BONUS_DEBENTURE,BRITANNIA,N2,32,32,31.62,31.88,cm09APR2020bhav.csv.zip
2020-04-13,INE216A07052,BRITANNIA_2019_8PCT_SECURED_BONUS_DEBENTURE,BRITANNIA,N2,31.95,32.7,31.11,31.89,cm13APR2020bhav.csv.zip
2020-04-15,INE216A07052,BRITANNIA_2019_8PCT_SECURED_BONUS_DEBENTURE,BRITANNIA,N2,31.6,33.25,31.6,31.98,cm15APR2020bhav.csv.zip
2020-04-16,INE216A07052,BRITANNIA_2019_8PCT_SECURED_BONUS_DEBENTURE,BRITANNIA,N2,31.8,32.45,31.8,32.02,cm16APR2020bhav.csv.zip
2020-04-17,INE216A07052,BRITANNIA_2019_8PCT_SECURED_BONUS_DEBENTURE,BRITANNIA,N2,31.8,32.25,31.7,31.94,cm17APR2020bhav.csv.zip
2020-04-20,INE216A07052,BRITANNIA_2019_8PCT_SECURED_BONUS_DEBENTURE,BRITANNIA,N2,31.95,32.5,31.85,32.34,cm20APR2020bhav.csv.zip
2020-04-21,INE216A07052,BRITANNIA_2019_8PCT_SECURED_BONUS_DEBENTURE,BRITANNIA,N2,31.96,32.34,31.96,32.02,cm21APR2020bhav.csv.zip
2020-04-22,INE216A07052,BRITANNIA_2019_8PCT_SECURED_BONUS_DEBENTURE,BRITANNIA,N2,31.8,32.25,31.8,32.02,cm22APR2020bhav.csv.zip
2020-04-23,INE216A07052,BRITANNIA_2019_8PCT_SECURED_BONUS_DEBENTURE,BRITANNIA,N2,32.02,32.4,31.9,32.16,cm23APR2020bhav.csv.zip
2020-04-24,INE216A07052,BRITANNIA_2019_8PCT_SECURED_BONUS_DEBENTURE,BRITANNIA,N2,32.16,32.5,32.07,32.1,cm24APR2020bhav.csv.zip
2020-04-27,INE216A07052,BRITANNIA_2019_8PCT_SECURED_BONUS_DEBENTURE,BRITANNIA,N2,32.01,32.44,32.01,32.09,cm27APR2020bhav.csv.zip
2020-04-28,INE216A07052,BRITANNIA_2019_8PCT_SECURED_BONUS_DEBENTURE,BRITANNIA,N2,32.09,32.25,32.03,32.17,cm28APR2020bhav.csv.zip
2020-04-29,INE216A07052,BRITANNIA_2019_8PCT_SECURED_BONUS_DEBENTURE,BRITANNIA,N2,32.17,32.42,32.17,32.3,cm29APR2020bhav.csv.zip
2020-04-30,INE216A07052,BRITANNIA_2019_8PCT_SECURED_BONUS_DEBENTURE,BRITANNIA,N2,32.21,32.4,32.2,32.34,cm30APR2020bhav.csv.zip
2020-05-04,INE216A07052,BRITANNIA_2019_8PCT_SECURED_BONUS_DEBENTURE,BRITANNIA,N2,32,32.7,32,32.31,cm04MAY2020bhav.csv.zip
2020-05-05,INE216A07052,BRITANNIA_2019_8PCT_SECURED_BONUS_DEBENTURE,BRITANNIA,N2,32.35,32.8,32.15,32.41,cm05MAY2020bhav.csv.zip
2020-05-06,INE216A07052,BRITANNIA_2019_8PCT_SECURED_BONUS_DEBENTURE,BRITANNIA,N2,32,32.65,32,32.39,cm06MAY2020bhav.csv.zip
2020-05-07,INE216A07052,BRITANNIA_2019_8PCT_SECURED_BONUS_DEBENTURE,BRITANNIA,N2,32.4,34,32.3,32.45,cm07MAY2020bhav.csv.zip
2020-05-08,INE216A07052,BRITANNIA_2019_8PCT_SECURED_BONUS_DEBENTURE,BRITANNIA,N2,32.45,32.45,32.35,32.41,cm08MAY2020bhav.csv.zip
2020-05-11,INE216A07052,BRITANNIA_2019_8PCT_SECURED_BONUS_DEBENTURE,BRITANNIA,N2,32.11,32.45,31.61,32.35,cm11MAY2020bhav.csv.zip
2020-05-12,INE216A07052,BRITANNIA_2019_8PCT_SECURED_BONUS_DEBENTURE,BRITANNIA,N2,31.5,32.5,31.5,32.21,cm12MAY2020bhav.csv.zip
2020-05-13,INE216A07052,BRITANNIA_2019_8PCT_SECURED_BONUS_DEBENTURE,BRITANNIA,N2,32.21,33,32.21,32.6,cm13MAY2020bhav.csv.zip
2020-05-14,INE216A07052,BRITANNIA_2019_8PCT_SECURED_BONUS_DEBENTURE,BRITANNIA,N2,32.35,32.98,32.35,32.5,cm14MAY2020bhav.csv.zip
2020-05-15,INE216A07052,BRITANNIA_2019_8PCT_SECURED_BONUS_DEBENTURE,BRITANNIA,N2,33,33,32.41,32.83,cm15MAY2020bhav.csv.zip
2020-05-18,INE216A07052,BRITANNIA_2019_8PCT_SECURED_BONUS_DEBENTURE,BRITANNIA,N2,32.83,32.94,32.52,32.64,cm18MAY2020bhav.csv.zip
2020-05-19,INE216A07052,BRITANNIA_2019_8PCT_SECURED_BONUS_DEBENTURE,BRITANNIA,N2,32.64,32.88,32.51,32.79,cm19MAY2020bhav.csv.zip
2020-05-20,INE216A07052,BRITANNIA_2019_8PCT_SECURED_BONUS_DEBENTURE,BRITANNIA,N2,32.53,32.91,32.51,32.63,cm20MAY2020bhav.csv.zip
2020-05-21,INE216A07052,BRITANNIA_2019_8PCT_SECURED_BONUS_DEBENTURE,BRITANNIA,N2,32.3,32.65,32.3,32.6,cm21MAY2020bhav.csv.zip
2020-05-22,INE216A07052,BRITANNIA_2019_8PCT_SECURED_BONUS_DEBENTURE,BRITANNIA,N2,30,33,29,32.81,cm22MAY2020bhav.csv.zip
2020-05-26,INE216A07052,BRITANNIA_2019_8PCT_SECURED_BONUS_DEBENTURE,BRITANNIA,N2,32.5,33.1,32.5,32.73,cm26MAY2020bhav.csv.zip
2020-05-27,INE216A07052,BRITANNIA_2019_8PCT_SECURED_BONUS_DEBENTURE,BRITANNIA,N2,32.6,33.09,32.6,32.78,cm27MAY2020bhav.csv.zip
2020-05-28,INE216A07052,BRITANNIA_2019_8PCT_SECURED_BONUS_DEBENTURE,BRITANNIA,N2,32.78,33.7,32.63,32.76,cm28MAY2020bhav.csv.zip
2020-05-29,INE216A07052,BRITANNIA_2019_8PCT_SECURED_BONUS_DEBENTURE,BRITANNIA,N2,32.62,33.48,32.62,32.63,cm29MAY2020bhav.csv.zip
2020-06-01,INE216A07052,BRITANNIA_2019_8PCT_SECURED_BONUS_DEBENTURE,BRITANNIA,N2,32.55,33.69,32,32.69,cm01JUN2020bhav.csv.zip
2020-06-02,INE216A07052,BRITANNIA_2019_8PCT_SECURED_BONUS_DEBENTURE,BRITANNIA,N2,32.05,33.4,32.05,32.68,cm02JUN2020bhav.csv.zip
2020-06-03,INE216A07052,BRITANNIA_2019_8PCT_SECURED_BONUS_DEBENTURE,BRITANNIA,N2,32.5,33.7,32.5,32.72,cm03JUN2020bhav.csv.zip
2020-06-04,INE216A07052,BRITANNIA_2019_8PCT_SECURED_BONUS_DEBENTURE,BRITANNIA,N2,32.65,33.55,32.57,33.07,cm04JUN2020bhav.csv.zip
2020-06-05,INE216A07052,BRITANNIA_2019_8PCT_SECURED_BONUS_DEBENTURE,BRITANNIA,N2,33.07,33.07,32.55,32.62,cm05JUN2020bhav.csv.zip
2020-06-08,INE216A07052,BRITANNIA_2019_8PCT_SECURED_BONUS_DEBENTURE,BRITANNIA,N2,32.6,33,32.6,32.64,cm08JUN2020bhav.csv.zip
2020-06-09,INE216A07052,BRITANNIA_2019_8PCT_SECURED_BONUS_DEBENTURE,BRITANNIA,N2,33.64,33.64,32.7,32.93,cm09JUN2020bhav.csv.zip
2020-06-10,INE216A07052,BRITANNIA_2019_8PCT_SECURED_BONUS_DEBENTURE,BRITANNIA,N2,32.93,33.5,32.64,32.98,cm10JUN2020bhav.csv.zip
2020-06-11,INE216A07052,BRITANNIA_2019_8PCT_SECURED_BONUS_DEBENTURE,BRITANNIA,N2,32.98,32.98,32.81,32.94,cm11JUN2020bhav.csv.zip
2020-06-12,INE216A07052,BRITANNIA_2019_8PCT_SECURED_BONUS_DEBENTURE,BRITANNIA,N2,32.5,32.94,32.5,32.65,cm12JUN2020bhav.csv.zip
2020-06-15,INE216A07052,BRITANNIA_2019_8PCT_SECURED_BONUS_DEBENTURE,BRITANNIA,N2,32.98,32.98,32.61,32.87,cm15JUN2020bhav.csv.zip
2020-06-16,INE216A07052,BRITANNIA_2019_8PCT_SECURED_BONUS_DEBENTURE,BRITANNIA,N2,32.64,32.98,32.64,32.8,cm16JUN2020bhav.csv.zip
2020-06-17,INE216A07052,BRITANNIA_2019_8PCT_SECURED_BONUS_DEBENTURE,BRITANNIA,N2,32.65,32.8,32.63,32.7,cm17JUN2020bhav.csv.zip
2020-06-18,INE216A07052,BRITANNIA_2019_8PCT_SECURED_BONUS_DEBENTURE,BRITANNIA,N2,32.75,32.99,32.55,32.77,cm18JUN2020bhav.csv.zip
2020-06-19,INE216A07052,BRITANNIA_2019_8PCT_SECURED_BONUS_DEBENTURE,BRITANNIA,N2,32.77,33,32.74,32.79,cm19JUN2020bhav.csv.zip
2020-06-22,INE216A07052,BRITANNIA_2019_8PCT_SECURED_BONUS_DEBENTURE,BRITANNIA,N2,32.74,32.9,32.74,32.81,cm22JUN2020bhav.csv.zip
2020-06-23,INE216A07052,BRITANNIA_2019_8PCT_SECURED_BONUS_DEBENTURE,BRITANNIA,N2,32.9,32.99,32.8,32.85,cm23JUN2020bhav.csv.zip
2020-06-24,INE216A07052,BRITANNIA_2019_8PCT_SECURED_BONUS_DEBENTURE,BRITANNIA,N2,32.82,33,32.82,33,cm24JUN2020bhav.csv.zip
2020-06-25,INE216A07052,BRITANNIA_2019_8PCT_SECURED_BONUS_DEBENTURE,BRITANNIA,N2,33,33,32.85,32.93,cm25JUN2020bhav.csv.zip
2020-06-26,INE216A07052,BRITANNIA_2019_8PCT_SECURED_BONUS_DEBENTURE,BRITANNIA,N2,33.2,33.2,32.75,32.95,cm26JUN2020bhav.csv.zip
2020-06-29,INE216A07052,BRITANNIA_2019_8PCT_SECURED_BONUS_DEBENTURE,BRITANNIA,N2,30.5,33.3,30.5,33.09,cm29JUN2020bhav.csv.zip
2020-06-30,INE216A07052,BRITANNIA_2019_8PCT_SECURED_BONUS_DEBENTURE,BRITANNIA,N2,32.73,33.28,32.73,33.07,cm30JUN2020bhav.csv.zip
2020-07-01,INE216A07052,BRITANNIA_2019_8PCT_SECURED_BONUS_DEBENTURE,BRITANNIA,N2,33.05,33.19,33.05,33.08,cm01JUL2020bhav.csv.zip
2020-07-02,INE216A07052,BRITANNIA_2019_8PCT_SECURED_BONUS_DEBENTURE,BRITANNIA,N2,33.28,33.28,33.07,33.1,cm02JUL2020bhav.csv.zip
2020-07-03,INE216A07052,BRITANNIA_2019_8PCT_SECURED_BONUS_DEBENTURE,BRITANNIA,N2,33.1,33.35,33.1,33.19,cm03JUL2020bhav.csv.zip
2020-07-06,INE216A07052,BRITANNIA_2019_8PCT_SECURED_BONUS_DEBENTURE,BRITANNIA,N2,33.1,33.21,33.1,33.14,cm06JUL2020bhav.csv.zip
2020-07-07,INE216A07052,BRITANNIA_2019_8PCT_SECURED_BONUS_DEBENTURE,BRITANNIA,N2,33.5,33.5,33.08,33.08,cm07JUL2020bhav.csv.zip
2020-07-08,INE216A07052,BRITANNIA_2019_8PCT_SECURED_BONUS_DEBENTURE,BRITANNIA,N2,33.12,33.5,32.9,33.08,cm08JUL2020bhav.csv.zip
2020-07-09,INE216A07052,BRITANNIA_2019_8PCT_SECURED_BONUS_DEBENTURE,BRITANNIA,N2,33,33.5,33,33.16,cm09JUL2020bhav.csv.zip
2020-07-10,INE216A07052,BRITANNIA_2019_8PCT_SECURED_BONUS_DEBENTURE,BRITANNIA,N2,33.01,33.45,33.01,33.26,cm10JUL2020bhav.csv.zip
2020-07-13,INE216A07052,BRITANNIA_2019_8PCT_SECURED_BONUS_DEBENTURE,BRITANNIA,N2,33.5,33.55,33.28,33.31,cm13JUL2020bhav.csv.zip
2020-07-14,INE216A07052,BRITANNIA_2019_8PCT_SECURED_BONUS_DEBENTURE,BRITANNIA,N2,33.31,33.39,33.11,33.27,cm14JUL2020bhav.csv.zip
2020-07-15,INE216A07052,BRITANNIA_2019_8PCT_SECURED_BONUS_DEBENTURE,BRITANNIA,N2,33.27,33.49,33.12,33.23,cm15JUL2020bhav.csv.zip
2020-07-16,INE216A07052,BRITANNIA_2019_8PCT_SECURED_BONUS_DEBENTURE,BRITANNIA,N2,33.74,33.74,33.2,33.41,cm16JUL2020bhav.csv.zip
2020-07-17,INE216A07052,BRITANNIA_2019_8PCT_SECURED_BONUS_DEBENTURE,BRITANNIA,N2,32.75,33.85,32.75,33.35,cm17JUL2020bhav.csv.zip
2020-07-20,INE216A07052,BRITANNIA_2019_8PCT_SECURED_BONUS_DEBENTURE,BRITANNIA,N2,32,33.5,32,33.33,cm20JUL2020bhav.csv.zip
2020-07-21,INE216A07052,BRITANNIA_2019_8PCT_SECURED_BONUS_DEBENTURE,BRITANNIA,N2,33,33.7,33,33.6,cm21JUL2020bhav.csv.zip
2020-07-22,INE216A07052,BRITANNIA_2019_8PCT_SECURED_BONUS_DEBENTURE,BRITANNIA,N2,33.6,33.6,33.5,33.5,cm22JUL2020bhav.csv.zip
2020-07-23,INE216A07052,BRITANNIA_2019_8PCT_SECURED_BONUS_DEBENTURE,BRITANNIA,N2,33.74,33.74,33.5,33.53,cm23JUL2020bhav.csv.zip
2020-07-24,INE216A07052,BRITANNIA_2019_8PCT_SECURED_BONUS_DEBENTURE,BRITANNIA,N2,32,33.7,32,33.51,cm24JUL2020bhav.csv.zip
2020-07-27,INE216A07052,BRITANNIA_2019_8PCT_SECURED_BONUS_DEBENTURE,BRITANNIA,N2,33.3,33.7,33.21,33.62,cm27JUL2020bhav.csv.zip
2020-07-28,INE216A07052,BRITANNIA_2019_8PCT_SECURED_BONUS_DEBENTURE,BRITANNIA,N2,33.62,33.7,33.51,33.51,cm28JUL2020bhav.csv.zip
2020-07-29,INE216A07052,BRITANNIA_2019_8PCT_SECURED_BONUS_DEBENTURE,BRITANNIA,N2,33.51,33.73,33.5,33.55,cm29JUL2020bhav.csv.zip
2020-07-30,INE216A07052,BRITANNIA_2019_8PCT_SECURED_BONUS_DEBENTURE,BRITANNIA,N2,33.5,33.73,33.15,33.42,cm30JUL2020bhav.csv.zip
2020-07-31,INE216A07052,BRITANNIA_2019_8PCT_SECURED_BONUS_DEBENTURE,BRITANNIA,N2,33.74,33.74,33.15,33.45,cm31JUL2020bhav.csv.zip
2020-08-03,INE216A07052,BRITANNIA_2019_8PCT_SECURED_BONUS_DEBENTURE,BRITANNIA,N2,33.4,33.7,33.25,33.47,cm03AUG2020bhav.csv.zip
2020-08-04,INE216A07052,BRITANNIA_2019_8PCT_SECURED_BONUS_DEBENTURE,BRITANNIA,N2,32,33.99,32,33.35,cm04AUG2020bhav.csv.zip
2020-08-05,INE216A07052,BRITANNIA_2019_8PCT_SECURED_BONUS_DEBENTURE,BRITANNIA,N2,33.32,33.68,33.15,33.28,cm05AUG2020bhav.csv.zip
2020-08-06,INE216A07052,BRITANNIA_2019_8PCT_SECURED_BONUS_DEBENTURE,BRITANNIA,N2,33.2,33.72,33.17,33.25,cm06AUG2020bhav.csv.zip
2020-08-07,INE216A07052,BRITANNIA_2019_8PCT_SECURED_BONUS_DEBENTURE,BRITANNIA,N2,33.15,33.73,33.15,33.58,cm07AUG2020bhav.csv.zip
2020-08-10,INE216A07052,BRITANNIA_2019_8PCT_SECURED_BONUS_DEBENTURE,BRITANNIA,N2,33.4,33.98,33.35,33.71,cm10AUG2020bhav.csv.zip
2020-08-11,INE216A07052,BRITANNIA_2019_8PCT_SECURED_BONUS_DEBENTURE,BRITANNIA,N2,33.4,33.69,33.2,33.43,cm11AUG2020bhav.csv.zip
2020-08-12,INE216A07052,BRITANNIA_2019_8PCT_SECURED_BONUS_DEBENTURE,BRITANNIA,N2,33.4,33.79,33.3,33.53,cm12AUG2020bhav.csv.zip
2020-08-13,INE216A07052,BRITANNIA_2019_8PCT_SECURED_BONUS_DEBENTURE,BRITANNIA,N2,33.3,33.79,33.3,33.75,cm13AUG2020bhav.csv.zip
2020-08-14,INE216A07052,BRITANNIA_2019_8PCT_SECURED_BONUS_DEBENTURE,BRITANNIA,N2,33.75,34,33.36,33.64,cm14AUG2020bhav.csv.zip
2020-08-17,INE216A07052,BRITANNIA_2019_8PCT_SECURED_BONUS_DEBENTURE,BRITANNIA,N2,33.49,34,33.49,33.66,cm17AUG2020bhav.csv.zip
2020-08-18,INE216A07052,BRITANNIA_2019_8PCT_SECURED_BONUS_DEBENTURE,BRITANNIA,N2,33.08,36,33.08,33.66,cm18AUG2020bhav.csv.zip
2020-08-19,INE216A07052,BRITANNIA_2019_8PCT_SECURED_BONUS_DEBENTURE,BRITANNIA,N2,33.5,34.23,33.5,33.75,cm19AUG2020bhav.csv.zip
2020-08-20,INE216A07052,BRITANNIA_2019_8PCT_SECURED_BONUS_DEBENTURE,BRITANNIA,N2,32,32,31.1,31.35,cm20AUG2020bhav.csv.zip
2020-08-21,INE216A07052,BRITANNIA_2019_8PCT_SECURED_BONUS_DEBENTURE,BRITANNIA,N2,31.11,31.85,31.11,31.33,cm21AUG2020bhav.csv.zip
2020-08-24,INE216A07052,BRITANNIA_2019_8PCT_SECURED_BONUS_DEBENTURE,BRITANNIA,N2,31.15,31.44,31.15,31.33,cm24AUG2020bhav.csv.zip
2020-08-25,INE216A07052,BRITANNIA_2019_8PCT_SECURED_BONUS_DEBENTURE,BRITANNIA,N2,30.51,31.5,30.51,31.34,cm25AUG2020bhav.csv.zip
2020-08-26,INE216A07052,BRITANNIA_2019_8PCT_SECURED_BONUS_DEBENTURE,BRITANNIA,N2,31.2,31.9,31.2,31.58,cm26AUG2020bhav.csv.zip
2020-08-27,INE216A07052,BRITANNIA_2019_8PCT_SECURED_BONUS_DEBENTURE,BRITANNIA,N2,31.42,31.75,31.42,31.71,cm27AUG2020bhav.csv.zip
2020-08-28,INE216A07052,BRITANNIA_2019_8PCT_SECURED_BONUS_DEBENTURE,BRITANNIA,N2,31.89,31.89,31.41,31.67,cm28AUG2020bhav.csv.zip
2020-08-31,INE216A07052,BRITANNIA_2019_8PCT_SECURED_BONUS_DEBENTURE,BRITANNIA,N2,31.67,31.67,31.5,31.51,cm31AUG2020bhav.csv.zip
2020-09-01,INE216A07052,BRITANNIA_2019_8PCT_SECURED_BONUS_DEBENTURE,BRITANNIA,N2,31,31.98,31,31.5,cm01SEP2020bhav.csv.zip
2020-09-02,INE216A07052,BRITANNIA_2019_8PCT_SECURED_BONUS_DEBENTURE,BRITANNIA,N2,31.9,31.9,31.53,31.6,cm02SEP2020bhav.csv.zip
2020-09-03,INE216A07052,BRITANNIA_2019_8PCT_SECURED_BONUS_DEBENTURE,BRITANNIA,N2,31.54,31.9,31.53,31.63,cm03SEP2020bhav.csv.zip
2020-09-04,INE216A07052,BRITANNIA_2019_8PCT_SECURED_BONUS_DEBENTURE,BRITANNIA,N2,31.63,31.87,31.5,31.6,cm04SEP2020bhav.csv.zip
2020-09-07,INE216A07052,BRITANNIA_2019_8PCT_SECURED_BONUS_DEBENTURE,BRITANNIA,N2,31.54,31.79,31.51,31.72,cm07SEP2020bhav.csv.zip
2020-09-08,INE216A07052,BRITANNIA_2019_8PCT_SECURED_BONUS_DEBENTURE,BRITANNIA,N2,31.54,31.89,31.53,31.58,cm08SEP2020bhav.csv.zip
2020-09-09,INE216A07052,BRITANNIA_2019_8PCT_SECURED_BONUS_DEBENTURE,BRITANNIA,N2,32.1,32.1,31.51,31.52,cm09SEP2020bhav.csv.zip
2020-09-10,INE216A07052,BRITANNIA_2019_8PCT_SECURED_BONUS_DEBENTURE,BRITANNIA,N2,31.77,31.82,31.52,31.61,cm10SEP2020bhav.csv.zip
2020-09-11,INE216A07052,BRITANNIA_2019_8PCT_SECURED_BONUS_DEBENTURE,BRITANNIA,N2,31.6,31.82,31.6,31.61,cm11SEP2020bhav.csv.zip
2020-09-14,INE216A07052,BRITANNIA_2019_8PCT_SECURED_BONUS_DEBENTURE,BRITANNIA,N2,31.6,31.85,31.6,31.68,cm14SEP2020bhav.csv.zip
2020-09-15,INE216A07052,BRITANNIA_2019_8PCT_SECURED_BONUS_DEBENTURE,BRITANNIA,N2,31.68,31.95,31.62,31.7,cm15SEP2020bhav.csv.zip
2020-09-16,INE216A07052,BRITANNIA_2019_8PCT_SECURED_BONUS_DEBENTURE,BRITANNIA,N2,31.51,31.96,31.51,31.67,cm16SEP2020bhav.csv.zip
2020-09-17,INE216A07052,BRITANNIA_2019_8PCT_SECURED_BONUS_DEBENTURE,BRITANNIA,N2,32,32,31.62,31.69,cm17SEP2020bhav.csv.zip
2020-09-18,INE216A07052,BRITANNIA_2019_8PCT_SECURED_BONUS_DEBENTURE,BRITANNIA,N2,31.63,31.99,31.63,31.67,cm18SEP2020bhav.csv.zip
2020-09-21,INE216A07052,BRITANNIA_2019_8PCT_SECURED_BONUS_DEBENTURE,BRITANNIA,N2,31.61,31.99,31.5,31.6,cm21SEP2020bhav.csv.zip
2020-09-22,INE216A07052,BRITANNIA_2019_8PCT_SECURED_BONUS_DEBENTURE,BRITANNIA,N2,31.61,31.9,31.56,31.62,cm22SEP2020bhav.csv.zip
2020-09-23,INE216A07052,BRITANNIA_2019_8PCT_SECURED_BONUS_DEBENTURE,BRITANNIA,N2,31.62,31.9,31.6,31.66,cm23SEP2020bhav.csv.zip
2020-09-24,INE216A07052,BRITANNIA_2019_8PCT_SECURED_BONUS_DEBENTURE,BRITANNIA,N2,31.66,31.85,31.5,31.78,cm24SEP2020bhav.csv.zip
2020-09-25,INE216A07052,BRITANNIA_2019_8PCT_SECURED_BONUS_DEBENTURE,BRITANNIA,N2,31.8,31.94,31.6,31.84,cm25SEP2020bhav.csv.zip
2020-09-28,INE216A07052,BRITANNIA_2019_8PCT_SECURED_BONUS_DEBENTURE,BRITANNIA,N2,31.6,31.84,31.6,31.79,cm28SEP2020bhav.csv.zip
2020-09-29,INE216A07052,BRITANNIA_2019_8PCT_SECURED_BONUS_DEBENTURE,BRITANNIA,N2,31.99,31.99,31.7,31.8,cm29SEP2020bhav.csv.zip
2020-09-30,INE216A07052,BRITANNIA_2019_8PCT_SECURED_BONUS_DEBENTURE,BRITANNIA,N2,31.8,31.88,31.67,31.69,cm30SEP2020bhav.csv.zip
2020-10-01,INE216A07052,BRITANNIA_2019_8PCT_SECURED_BONUS_DEBENTURE,BRITANNIA,N2,31.7,31.98,31.61,31.83,cm01OCT2020bhav.csv.zip
2020-10-05,INE216A07052,BRITANNIA_2019_8PCT_SECURED_BONUS_DEBENTURE,BRITANNIA,N2,31.5,31.9,31.5,31.75,cm05OCT2020bhav.csv.zip
2020-10-06,INE216A07052,BRITANNIA_2019_8PCT_SECURED_BONUS_DEBENTURE,BRITANNIA,N2,31.75,31.9,31.65,31.71,cm06OCT2020bhav.csv.zip
2020-10-07,INE216A07052,BRITANNIA_2019_8PCT_SECURED_BONUS_DEBENTURE,BRITANNIA,N2,31.71,31.88,31.67,31.79,cm07OCT2020bhav.csv.zip
2020-10-08,INE216A07052,BRITANNIA_2019_8PCT_SECURED_BONUS_DEBENTURE,BRITANNIA,N2,31.79,31.94,31.71,31.8,cm08OCT2020bhav.csv.zip
2020-10-09,INE216A07052,BRITANNIA_2019_8PCT_SECURED_BONUS_DEBENTURE,BRITANNIA,N2,31.99,31.99,31.72,31.75,cm09OCT2020bhav.csv.zip
2020-10-12,INE216A07052,BRITANNIA_2019_8PCT_SECURED_BONUS_DEBENTURE,BRITANNIA,N2,31.75,31.8,31.7,31.75,cm12OCT2020bhav.csv.zip
2020-10-13,INE216A07052,BRITANNIA_2019_8PCT_SECURED_BONUS_DEBENTURE,BRITANNIA,N2,31.75,31.84,31.72,31.82,cm13OCT2020bhav.csv.zip
2020-10-14,INE216A07052,BRITANNIA_2019_8PCT_SECURED_BONUS_DEBENTURE,BRITANNIA,N2,30,31.84,30,31.81,cm14OCT2020bhav.csv.zip
2020-10-15,INE216A07052,BRITANNIA_2019_8PCT_SECURED_BONUS_DEBENTURE,BRITANNIA,N2,30,31.9,30,31.53,cm15OCT2020bhav.csv.zip
2020-10-16,INE216A07052,BRITANNIA_2019_8PCT_SECURED_BONUS_DEBENTURE,BRITANNIA,N2,31.35,31.78,31.35,31.56,cm16OCT2020bhav.csv.zip
2020-10-19,INE216A07052,BRITANNIA_2019_8PCT_SECURED_BONUS_DEBENTURE,BRITANNIA,N2,30,31.85,30,31.69,cm19OCT2020bhav.csv.zip
2020-10-20,INE216A07052,BRITANNIA_2019_8PCT_SECURED_BONUS_DEBENTURE,BRITANNIA,N2,31.69,31.8,31.6,31.77,cm20OCT2020bhav.csv.zip
2020-10-21,INE216A07052,BRITANNIA_2019_8PCT_SECURED_BONUS_DEBENTURE,BRITANNIA,N2,30.13,32.1,30.13,31.66,cm21OCT2020bhav.csv.zip
2020-10-22,INE216A07052,BRITANNIA_2019_8PCT_SECURED_BONUS_DEBENTURE,BRITANNIA,N2,30.16,31.75,30.16,31.69,cm22OCT2020bhav.csv.zip
2020-10-23,INE216A07052,BRITANNIA_2019_8PCT_SECURED_BONUS_DEBENTURE,BRITANNIA,N2,31,31.69,31,31.66,cm23OCT2020bhav.csv.zip
2020-10-26,INE216A07052,BRITANNIA_2019_8PCT_SECURED_BONUS_DEBENTURE,BRITANNIA,N2,31.99,31.99,31.6,31.6,cm26OCT2020bhav.csv.zip
2020-10-27,INE216A07052,BRITANNIA_2019_8PCT_SECURED_BONUS_DEBENTURE,BRITANNIA,N2,31.6,31.95,31.6,31.78,cm27OCT2020bhav.csv.zip
2020-10-28,INE216A07052,BRITANNIA_2019_8PCT_SECURED_BONUS_DEBENTURE,BRITANNIA,N2,31.8,31.95,31.6,31.83,cm28OCT2020bhav.csv.zip
2020-10-29,INE216A07052,BRITANNIA_2019_8PCT_SECURED_BONUS_DEBENTURE,BRITANNIA,N2,31.66,31.91,31.66,31.75,cm29OCT2020bhav.csv.zip
2020-10-30,INE216A07052,BRITANNIA_2019_8PCT_SECURED_BONUS_DEBENTURE,BRITANNIA,N2,31.66,31.94,31.66,31.79,cm30OCT2020bhav.csv.zip
2020-11-02,INE216A07052,BRITANNIA_2019_8PCT_SECURED_BONUS_DEBENTURE,BRITANNIA,N2,31.5,31.75,31.5,31.71,cm02NOV2020bhav.csv.zip
2020-11-03,INE216A07052,BRITANNIA_2019_8PCT_SECURED_BONUS_DEBENTURE,BRITANNIA,N2,31.71,31.85,31.67,31.71,cm03NOV2020bhav.csv.zip
2020-11-04,INE216A07052,BRITANNIA_2019_8PCT_SECURED_BONUS_DEBENTURE,BRITANNIA,N2,31.71,31.93,31.7,31.71,cm04NOV2020bhav.csv.zip
2020-11-05,INE216A07052,BRITANNIA_2019_8PCT_SECURED_BONUS_DEBENTURE,BRITANNIA,N2,31.71,31.87,31.63,31.72,cm05NOV2020bhav.csv.zip
2020-11-06,INE216A07052,BRITANNIA_2019_8PCT_SECURED_BONUS_DEBENTURE,BRITANNIA,N2,31.57,32,31.57,31.75,cm06NOV2020bhav.csv.zip
2020-11-09,INE216A07052,BRITANNIA_2019_8PCT_SECURED_BONUS_DEBENTURE,BRITANNIA,N2,31.71,31.98,31.71,31.78,cm09NOV2020bhav.csv.zip
2020-11-10,INE216A07052,BRITANNIA_2019_8PCT_SECURED_BONUS_DEBENTURE,BRITANNIA,N2,31.74,31.88,31.74,31.77,cm10NOV2020bhav.csv.zip
2020-11-11,INE216A07052,BRITANNIA_2019_8PCT_SECURED_BONUS_DEBENTURE,BRITANNIA,N2,31.71,31.89,31.71,31.75,cm11NOV2020bhav.csv.zip
2020-11-12,INE216A07052,BRITANNIA_2019_8PCT_SECURED_BONUS_DEBENTURE,BRITANNIA,N2,31.77,31.8,31.73,31.76,cm12NOV2020bhav.csv.zip
2020-11-13,INE216A07052,BRITANNIA_2019_8PCT_SECURED_BONUS_DEBENTURE,BRITANNIA,N2,31.8,31.88,31.75,31.81,cm13NOV2020bhav.csv.zip
2020-11-14,INE216A07052,BRITANNIA_2019_8PCT_SECURED_BONUS_DEBENTURE,BRITANNIA,N2,31.75,31.99,31.75,31.8,cm14NOV2020bhav.csv.zip
2020-11-17,INE216A07052,BRITANNIA_2019_8PCT_SECURED_BONUS_DEBENTURE,BRITANNIA,N2,31.8,31.9,31.76,31.82,cm17NOV2020bhav.csv.zip
2020-11-18,INE216A07052,BRITANNIA_2019_8PCT_SECURED_BONUS_DEBENTURE,BRITANNIA,N2,31.85,31.85,31.78,31.83,cm18NOV2020bhav.csv.zip
2020-11-19,INE216A07052,BRITANNIA_2019_8PCT_SECURED_BONUS_DEBENTURE,BRITANNIA,N2,31.73,31.85,31.73,31.81,cm19NOV2020bhav.csv.zip
2020-11-20,INE216A07052,BRITANNIA_2019_8PCT_SECURED_BONUS_DEBENTURE,BRITANNIA,N2,31.81,31.85,31.75,31.8,cm20NOV2020bhav.csv.zip
2020-11-23,INE216A07052,BRITANNIA_2019_8PCT_SECURED_BONUS_DEBENTURE,BRITANNIA,N2,31.69,31.87,31,31.81,cm23NOV2020bhav.csv.zip
2020-11-24,INE216A07052,BRITANNIA_2019_8PCT_SECURED_BONUS_DEBENTURE,BRITANNIA,N2,31.79,31.89,31.79,31.84,cm24NOV2020bhav.csv.zip
2020-11-25,INE216A07052,BRITANNIA_2019_8PCT_SECURED_BONUS_DEBENTURE,BRITANNIA,N2,31.84,31.89,31.77,31.83,cm25NOV2020bhav.csv.zip
2020-11-26,INE216A07052,BRITANNIA_2019_8PCT_SECURED_BONUS_DEBENTURE,BRITANNIA,N2,31.8,32.09,31.8,32,cm26NOV2020bhav.csv.zip
2020-11-27,INE216A07052,BRITANNIA_2019_8PCT_SECURED_BONUS_DEBENTURE,BRITANNIA,N2,32,32.2,31.85,31.89,cm27NOV2020bhav.csv.zip
2020-12-01,INE216A07052,BRITANNIA_2019_8PCT_SECURED_BONUS_DEBENTURE,BRITANNIA,N2,31.99,31.99,31.85,31.96,cm01DEC2020bhav.csv.zip
2020-12-02,INE216A07052,BRITANNIA_2019_8PCT_SECURED_BONUS_DEBENTURE,BRITANNIA,N2,31.88,32.25,31.85,31.91,cm02DEC2020bhav.csv.zip
2020-12-03,INE216A07052,BRITANNIA_2019_8PCT_SECURED_BONUS_DEBENTURE,BRITANNIA,N2,31.8,32,31.8,31.99,cm03DEC2020bhav.csv.zip
2020-12-04,INE216A07052,BRITANNIA_2019_8PCT_SECURED_BONUS_DEBENTURE,BRITANNIA,N2,31.84,32.2,31.84,32.03,cm04DEC2020bhav.csv.zip
2020-12-07,INE216A07052,BRITANNIA_2019_8PCT_SECURED_BONUS_DEBENTURE,BRITANNIA,N2,32.03,32.03,31.87,32,cm07DEC2020bhav.csv.zip
2020-12-08,INE216A07052,BRITANNIA_2019_8PCT_SECURED_BONUS_DEBENTURE,BRITANNIA,N2,32,32.24,31.92,31.98,cm08DEC2020bhav.csv.zip
2020-12-09,INE216A07052,BRITANNIA_2019_8PCT_SECURED_BONUS_DEBENTURE,BRITANNIA,N2,31.92,32.2,31.92,32.03,cm09DEC2020bhav.csv.zip
2020-12-10,INE216A07052,BRITANNIA_2019_8PCT_SECURED_BONUS_DEBENTURE,BRITANNIA,N2,31.85,32.05,31.85,32.01,cm10DEC2020bhav.csv.zip
2020-12-11,INE216A07052,BRITANNIA_2019_8PCT_SECURED_BONUS_DEBENTURE,BRITANNIA,N2,32,32.3,32,32.1,cm11DEC2020bhav.csv.zip
2020-12-14,INE216A07052,BRITANNIA_2019_8PCT_SECURED_BONUS_DEBENTURE,BRITANNIA,N2,32.2,32.3,31.93,31.96,cm14DEC2020bhav.csv.zip
2020-12-15,INE216A07052,BRITANNIA_2019_8PCT_SECURED_BONUS_DEBENTURE,BRITANNIA,N2,31.84,32.2,31.84,31.93,cm15DEC2020bhav.csv.zip
2020-12-16,INE216A07052,BRITANNIA_2019_8PCT_SECURED_BONUS_DEBENTURE,BRITANNIA,N2,31.93,32.19,31.93,31.99,cm16DEC2020bhav.csv.zip
2020-12-17,INE216A07052,BRITANNIA_2019_8PCT_SECURED_BONUS_DEBENTURE,BRITANNIA,N2,31.99,32,31.95,31.97,cm17DEC2020bhav.csv.zip
2020-12-18,INE216A07052,BRITANNIA_2019_8PCT_SECURED_BONUS_DEBENTURE,BRITANNIA,N2,31.95,32.19,31.95,32.11,cm18DEC2020bhav.csv.zip
2020-12-21,INE216A07052,BRITANNIA_2019_8PCT_SECURED_BONUS_DEBENTURE,BRITANNIA,N2,32,32.11,32,32.01,cm21DEC2020bhav.csv.zip
2020-12-22,INE216A07052,BRITANNIA_2019_8PCT_SECURED_BONUS_DEBENTURE,BRITANNIA,N2,31.95,32.19,31.95,32.01,cm22DEC2020bhav.csv.zip
2020-12-23,INE216A07052,BRITANNIA_2019_8PCT_SECURED_BONUS_DEBENTURE,BRITANNIA,N2,32,32.01,31.97,31.98,cm23DEC2020bhav.csv.zip
2020-12-24,INE216A07052,BRITANNIA_2019_8PCT_SECURED_BONUS_DEBENTURE,BRITANNIA,N2,32.3,32.5,31.96,32,cm24DEC2020bhav.csv.zip
2020-12-28,INE216A07052,BRITANNIA_2019_8PCT_SECURED_BONUS_DEBENTURE,BRITANNIA,N2,31.95,32.55,31.95,32,cm28DEC2020bhav.csv.zip
2020-12-29,INE216A07052,BRITANNIA_2019_8PCT_SECURED_BONUS_DEBENTURE,BRITANNIA,N2,32,32.29,31.98,32.01,cm29DEC2020bhav.csv.zip
2020-12-30,INE216A07052,BRITANNIA_2019_8PCT_SECURED_BONUS_DEBENTURE,BRITANNIA,N2,32,32.05,31.96,32.01,cm30DEC2020bhav.csv.zip
2020-12-31,INE216A07052,BRITANNIA_2019_8PCT_SECURED_BONUS_DEBENTURE,BRITANNIA,N2,32,32.55,29.9,31.98,cm31DEC2020bhav.csv.zip
2021-01-01,INE216A07052,BRITANNIA_2019_8PCT_SECURED_BONUS_DEBENTURE,BRITANNIA,N2,31.9,32.25,31.9,32.18,cm01JAN2021bhav.csv.zip
2021-01-04,INE216A07052,BRITANNIA_2019_8PCT_SECURED_BONUS_DEBENTURE,BRITANNIA,N2,32.18,32.18,31.9,32.01,cm04JAN2021bhav.csv.zip
2021-01-05,INE216A07052,BRITANNIA_2019_8PCT_SECURED_BONUS_DEBENTURE,BRITANNIA,N2,32.01,32.29,32,32.03,cm05JAN2021bhav.csv.zip
2021-01-06,INE216A07052,BRITANNIA_2019_8PCT_SECURED_BONUS_DEBENTURE,BRITANNIA,N2,32,32.43,32,32.04,cm06JAN2021bhav.csv.zip
2021-01-07,INE216A07052,BRITANNIA_2019_8PCT_SECURED_BONUS_DEBENTURE,BRITANNIA,N2,30.2,32.37,30.2,32.01,cm07JAN2021bhav.csv.zip
2021-01-08,INE216A07052,BRITANNIA_2019_8PCT_SECURED_BONUS_DEBENTURE,BRITANNIA,N2,32,32.29,32,32.01,cm08JAN2021bhav.csv.zip
2021-01-11,INE216A07052,BRITANNIA_2019_8PCT_SECURED_BONUS_DEBENTURE,BRITANNIA,N2,32.01,32.2,32,32,cm11JAN2021bhav.csv.zip
2021-01-12,INE216A07052,BRITANNIA_2019_8PCT_SECURED_BONUS_DEBENTURE,BRITANNIA,N2,31.9,32.22,31.9,32.01,cm12JAN2021bhav.csv.zip
2021-01-13,INE216A07052,BRITANNIA_2019_8PCT_SECURED_BONUS_DEBENTURE,BRITANNIA,N2,32,32.24,32,32.04,cm13JAN2021bhav.csv.zip
2021-01-14,INE216A07052,BRITANNIA_2019_8PCT_SECURED_BONUS_DEBENTURE,BRITANNIA,N2,32,32.3,32,32,cm14JAN2021bhav.csv.zip
2021-01-15,INE216A07052,BRITANNIA_2019_8PCT_SECURED_BONUS_DEBENTURE,BRITANNIA,N2,32.47,32.47,32,32.14,cm15JAN2021bhav.csv.zip
2021-01-18,INE216A07052,BRITANNIA_2019_8PCT_SECURED_BONUS_DEBENTURE,BRITANNIA,N2,32,32.19,32,32.12,cm18JAN2021bhav.csv.zip
2021-01-19,INE216A07052,BRITANNIA_2019_8PCT_SECURED_BONUS_DEBENTURE,BRITANNIA,N2,32.15,32.19,32.01,32.02,cm19JAN2021bhav.csv.zip
2021-01-20,INE216A07052,BRITANNIA_2019_8PCT_SECURED_BONUS_DEBENTURE,BRITANNIA,N2,32.01,32.23,32.01,32.05,cm20JAN2021bhav.csv.zip
2021-01-21,INE216A07052,BRITANNIA_2019_8PCT_SECURED_BONUS_DEBENTURE,BRITANNIA,N2,32.02,32.1,32.01,32.04,cm21JAN2021bhav.csv.zip
2021-01-22,INE216A07052,BRITANNIA_2019_8PCT_SECURED_BONUS_DEBENTURE,BRITANNIA,N2,32.5,32.5,32,32.03,cm22JAN2021bhav.csv.zip
2021-01-25,INE216A07052,BRITANNIA_2019_8PCT_SECURED_BONUS_DEBENTURE,BRITANNIA,N2,32,32.38,32,32,cm25JAN2021bhav.csv.zip
2021-01-27,INE216A07052,BRITANNIA_2019_8PCT_SECURED_BONUS_DEBENTURE,BRITANNIA,N2,32,32.39,32,32,cm27JAN2021bhav.csv.zip
2021-01-28,INE216A07052,BRITANNIA_2019_8PCT_SECURED_BONUS_DEBENTURE,BRITANNIA,N2,32.45,32.45,32,32.02,cm28JAN2021bhav.csv.zip
2021-01-29,INE216A07052,BRITANNIA_2019_8PCT_SECURED_BONUS_DEBENTURE,BRITANNIA,N2,31.9,32.33,31.9,32,cm29JAN2021bhav.csv.zip
2021-02-01,INE216A07052,BRITANNIA_2019_8PCT_SECURED_BONUS_DEBENTURE,BRITANNIA,N2,32,32.2,32,32.05,cm01FEB2021bhav.csv.zip
2021-02-02,INE216A07052,BRITANNIA_2019_8PCT_SECURED_BONUS_DEBENTURE,BRITANNIA,N2,32,32.27,32,32,cm02FEB2021bhav.csv.zip
2021-02-03,INE216A07052,BRITANNIA_2019_8PCT_SECURED_BONUS_DEBENTURE,BRITANNIA,N2,32.14,32.2,32,32.01,cm03FEB2021bhav.csv.zip
2021-02-04,INE216A07052,BRITANNIA_2019_8PCT_SECURED_BONUS_DEBENTURE,BRITANNIA,N2,32,32.31,32,32.16,cm04FEB2021bhav.csv.zip
2021-02-05,INE216A07052,BRITANNIA_2019_8PCT_SECURED_BONUS_DEBENTURE,BRITANNIA,N2,32.16,32.29,32,32.02,cm05FEB2021bhav.csv.zip
2021-02-08,INE216A07052,BRITANNIA_2019_8PCT_SECURED_BONUS_DEBENTURE,BRITANNIA,N2,32,32.44,32,32.03,cm08FEB2021bhav.csv.zip
2021-02-09,INE216A07052,BRITANNIA_2019_8PCT_SECURED_BONUS_DEBENTURE,BRITANNIA,N2,32,32.24,32,32.13,cm09FEB2021bhav.csv.zip
2021-02-10,INE216A07052,BRITANNIA_2019_8PCT_SECURED_BONUS_DEBENTURE,BRITANNIA,N2,32.02,32.19,32,32,cm10FEB2021bhav.csv.zip
2021-02-11,INE216A07052,BRITANNIA_2019_8PCT_SECURED_BONUS_DEBENTURE,BRITANNIA,N2,32,32.2,32,32.05,cm11FEB2021bhav.csv.zip
2021-02-12,INE216A07052,BRITANNIA_2019_8PCT_SECURED_BONUS_DEBENTURE,BRITANNIA,N2,32.05,32.2,32.02,32.07,cm12FEB2021bhav.csv.zip
2021-02-15,INE216A07052,BRITANNIA_2019_8PCT_SECURED_BONUS_DEBENTURE,BRITANNIA,N2,32.19,32.28,32.02,32.05,cm15FEB2021bhav.csv.zip
2021-02-16,INE216A07052,BRITANNIA_2019_8PCT_SECURED_BONUS_DEBENTURE,BRITANNIA,N2,32.01,32.23,32.01,32.03,cm16FEB2021bhav.csv.zip
2021-02-17,INE216A07052,BRITANNIA_2019_8PCT_SECURED_BONUS_DEBENTURE,BRITANNIA,N2,32,32.1,32,32,cm17FEB2021bhav.csv.zip
2021-02-18,INE216A07052,BRITANNIA_2019_8PCT_SECURED_BONUS_DEBENTURE,BRITANNIA,N2,32,32.05,32,32,cm18FEB2021bhav.csv.zip
2021-02-19,INE216A07052,BRITANNIA_2019_8PCT_SECURED_BONUS_DEBENTURE,BRITANNIA,N2,32,32.26,32,32,cm19FEB2021bhav.csv.zip
2021-02-22,INE216A07052,BRITANNIA_2019_8PCT_SECURED_BONUS_DEBENTURE,BRITANNIA,N2,32,32.31,32,32.05,cm22FEB2021bhav.csv.zip
2021-02-23,INE216A07052,BRITANNIA_2019_8PCT_SECURED_BONUS_DEBENTURE,BRITANNIA,N2,32,32.39,32,32.03,cm23FEB2021bhav.csv.zip
2021-02-24,INE216A07052,BRITANNIA_2019_8PCT_SECURED_BONUS_DEBENTURE,BRITANNIA,N2,32.31,32.49,32.01,32.03,cm24FEB2021bhav.csv.zip
2021-02-25,INE216A07052,BRITANNIA_2019_8PCT_SECURED_BONUS_DEBENTURE,BRITANNIA,N2,32.1,32.1,32.01,32.02,cm25FEB2021bhav.csv.zip
2021-02-26,INE216A07052,BRITANNIA_2019_8PCT_SECURED_BONUS_DEBENTURE,BRITANNIA,N2,32.04,32.35,32.01,32.01,cm26FEB2021bhav.csv.zip
2021-03-01,INE216A07052,BRITANNIA_2019_8PCT_SECURED_BONUS_DEBENTURE,BRITANNIA,N2,32.2,32.2,32.01,32.03,cm01MAR2021bhav.csv.zip
2021-03-02,INE216A07052,BRITANNIA_2019_8PCT_SECURED_BONUS_DEBENTURE,BRITANNIA,N2,32.2,32.2,32,32.06,cm02MAR2021bhav.csv.zip
2021-03-03,INE216A07052,BRITANNIA_2019_8PCT_SECURED_BONUS_DEBENTURE,BRITANNIA,N2,32.01,32.13,32,32.03,cm03MAR2021bhav.csv.zip
2021-03-04,INE216A07052,BRITANNIA_2019_8PCT_SECURED_BONUS_DEBENTURE,BRITANNIA,N2,32,32.19,32,32.02,cm04MAR2021bhav.csv.zip
2021-03-05,INE216A07052,BRITANNIA_2019_8PCT_SECURED_BONUS_DEBENTURE,BRITANNIA,N2,32.01,32.01,32,32.01,cm05MAR2021bhav.csv.zip
2021-03-08,INE216A07052,BRITANNIA_2019_8PCT_SECURED_BONUS_DEBENTURE,BRITANNIA,N2,32.2,32.3,32,32.23,cm08MAR2021bhav.csv.zip
2021-03-09,INE216A07052,BRITANNIA_2019_8PCT_SECURED_BONUS_DEBENTURE,BRITANNIA,N2,32.25,32.25,32.01,32.04,cm09MAR2021bhav.csv.zip
2021-03-10,INE216A07052,BRITANNIA_2019_8PCT_SECURED_BONUS_DEBENTURE,BRITANNIA,N2,32,32.5,32,32.15,cm10MAR2021bhav.csv.zip
2021-03-12,INE216A07052,BRITANNIA_2019_8PCT_SECURED_BONUS_DEBENTURE,BRITANNIA,N2,32.03,32.15,32.03,32.1,cm12MAR2021bhav.csv.zip
2021-03-15,INE216A07052,BRITANNIA_2019_8PCT_SECURED_BONUS_DEBENTURE,BRITANNIA,N2,32.1,32.4,32,32.01,cm15MAR2021bhav.csv.zip
2021-03-16,INE216A07052,BRITANNIA_2019_8PCT_SECURED_BONUS_DEBENTURE,BRITANNIA,N2,32.01,32.15,32,32.04,cm16MAR2021bhav.csv.zip
2021-03-17,INE216A07052,BRITANNIA_2019_8PCT_SECURED_BONUS_DEBENTURE,BRITANNIA,N2,32,32.14,32,32.04,cm17MAR2021bhav.csv.zip
2021-03-18,INE216A07052,BRITANNIA_2019_8PCT_SECURED_BONUS_DEBENTURE,BRITANNIA,N2,32.13,32.13,32.02,32.02,cm18MAR2021bhav.csv.zip
2021-03-19,INE216A07052,BRITANNIA_2019_8PCT_SECURED_BONUS_DEBENTURE,BRITANNIA,N2,32,32.09,32,32.09,cm19MAR2021bhav.csv.zip
2021-03-22,INE216A07052,BRITANNIA_2019_8PCT_SECURED_BONUS_DEBENTURE,BRITANNIA,N2,32,32.09,32,32.01,cm22MAR2021bhav.csv.zip
2021-03-23,INE216A07052,BRITANNIA_2019_8PCT_SECURED_BONUS_DEBENTURE,BRITANNIA,N2,32.03,32.12,32,32.09,cm23MAR2021bhav.csv.zip
2021-03-24,INE216A07052,BRITANNIA_2019_8PCT_SECURED_BONUS_DEBENTURE,BRITANNIA,N2,32.04,32.1,32.04,32.05,cm24MAR2021bhav.csv.zip
2021-03-25,INE216A07052,BRITANNIA_2019_8PCT_SECURED_BONUS_DEBENTURE,BRITANNIA,N2,32.1,32.1,32.02,32.06,cm25MAR2021bhav.csv.zip
2021-03-26,INE216A07052,BRITANNIA_2019_8PCT_SECURED_BONUS_DEBENTURE,BRITANNIA,N2,32.03,32.1,32.03,32.09,cm26MAR2021bhav.csv.zip
2021-03-30,INE216A07052,BRITANNIA_2019_8PCT_SECURED_BONUS_DEBENTURE,BRITANNIA,N2,32.01,32.19,32.01,32.01,cm30MAR2021bhav.csv.zip
2021-03-31,INE216A07052,BRITANNIA_2019_8PCT_SECURED_BONUS_DEBENTURE,BRITANNIA,N2,32,32.04,32,32.04,cm31MAR2021bhav.csv.zip
2021-04-01,INE216A07052,BRITANNIA_2019_8PCT_SECURED_BONUS_DEBENTURE,BRITANNIA,N2,32.1,32.19,32.01,32.17,cm01APR2021bhav.csv.zip
2021-04-05,INE216A07052,BRITANNIA_2019_8PCT_SECURED_BONUS_DEBENTURE,BRITANNIA,N2,32.17,32.38,32.07,32.16,cm05APR2021bhav.csv.zip
2021-04-06,INE216A07052,BRITANNIA_2019_8PCT_SECURED_BONUS_DEBENTURE,BRITANNIA,N2,32.08,32.48,32.08,32.28,cm06APR2021bhav.csv.zip
2021-04-07,INE216A07052,BRITANNIA_2019_8PCT_SECURED_BONUS_DEBENTURE,BRITANNIA,N2,32.26,32.5,32.2,32.47,cm07APR2021bhav.csv.zip
2021-04-08,INE216A07052,BRITANNIA_2019_8PCT_SECURED_BONUS_DEBENTURE,BRITANNIA,N2,32.05,32.99,32.05,32.53,cm08APR2021bhav.csv.zip
2021-04-09,INE216A07052,BRITANNIA_2019_8PCT_SECURED_BONUS_DEBENTURE,BRITANNIA,N2,32.6,32.6,32.28,32.38,cm09APR2021bhav.csv.zip
2021-04-12,INE216A07052,BRITANNIA_2019_8PCT_SECURED_BONUS_DEBENTURE,BRITANNIA,N2,32.1,32.38,32.07,32.21,cm12APR2021bhav.csv.zip
2021-04-13,INE216A07052,BRITANNIA_2019_8PCT_SECURED_BONUS_DEBENTURE,BRITANNIA,N2,32.21,32.5,32.21,32.35,cm13APR2021bhav.csv.zip
2021-04-15,INE216A07052,BRITANNIA_2019_8PCT_SECURED_BONUS_DEBENTURE,BRITANNIA,N2,32.35,32.4,32.2,32.34,cm15APR2021bhav.csv.zip
2021-04-16,INE216A07052,BRITANNIA_2019_8PCT_SECURED_BONUS_DEBENTURE,BRITANNIA,N2,32.26,32.35,32.26,32.3,cm16APR2021bhav.csv.zip
2021-04-19,INE216A07052,BRITANNIA_2019_8PCT_SECURED_BONUS_DEBENTURE,BRITANNIA,N2,32.3,33,32.12,32.45,cm19APR2021bhav.csv.zip
2021-04-20,INE216A07052,BRITANNIA_2019_8PCT_SECURED_BONUS_DEBENTURE,BRITANNIA,N2,32.99,32.99,32.26,32.42,cm20APR2021bhav.csv.zip
2021-04-22,INE216A07052,BRITANNIA_2019_8PCT_SECURED_BONUS_DEBENTURE,BRITANNIA,N2,32.25,32.63,32.25,32.44,cm22APR2021bhav.csv.zip
2021-04-23,INE216A07052,BRITANNIA_2019_8PCT_SECURED_BONUS_DEBENTURE,BRITANNIA,N2,32.91,32.91,32.32,32.42,cm23APR2021bhav.csv.zip
2021-04-26,INE216A07052,BRITANNIA_2019_8PCT_SECURED_BONUS_DEBENTURE,BRITANNIA,N2,32.25,32.42,32.25,32.33,cm26APR2021bhav.csv.zip
2021-04-27,INE216A07052,BRITANNIA_2019_8PCT_SECURED_BONUS_DEBENTURE,BRITANNIA,N2,32.8,32.8,32.32,32.35,cm27APR2021bhav.csv.zip
2021-04-28,INE216A07052,BRITANNIA_2019_8PCT_SECURED_BONUS_DEBENTURE,BRITANNIA,N2,32.38,32.6,32.1,32.3,cm28APR2021bhav.csv.zip
2021-04-29,INE216A07052,BRITANNIA_2019_8PCT_SECURED_BONUS_DEBENTURE,BRITANNIA,N2,32.35,32.57,32.35,32.4,cm29APR2021bhav.csv.zip
2021-04-30,INE216A07052,BRITANNIA_2019_8PCT_SECURED_BONUS_DEBENTURE,BRITANNIA,N2,32.4,32.51,32.25,32.35,cm30APR2021bhav.csv.zip
2021-05-03,INE216A07052,BRITANNIA_2019_8PCT_SECURED_BONUS_DEBENTURE,BRITANNIA,N2,32.28,32.33,32.28,32.32,cm03MAY2021bhav.csv.zip
2021-05-04,INE216A07052,BRITANNIA_2019_8PCT_SECURED_BONUS_DEBENTURE,BRITANNIA,N2,32.33,32.66,32.33,32.49,cm04MAY2021bhav.csv.zip
2021-05-05,INE216A07052,BRITANNIA_2019_8PCT_SECURED_BONUS_DEBENTURE,BRITANNIA,N2,32.14,32.67,32.14,32.35,cm05MAY2021bhav.csv.zip
2021-05-06,INE216A07052,BRITANNIA_2019_8PCT_SECURED_BONUS_DEBENTURE,BRITANNIA,N2,32.36,32.59,32.36,32.4,cm06MAY2021bhav.csv.zip
2021-05-07,INE216A07052,BRITANNIA_2019_8PCT_SECURED_BONUS_DEBENTURE,BRITANNIA,N2,32.4,32.87,32.35,32.55,cm07MAY2021bhav.csv.zip
2021-05-10,INE216A07052,BRITANNIA_2019_8PCT_SECURED_BONUS_DEBENTURE,BRITANNIA,N2,32.16,32.78,32.16,32.36,cm10MAY2021bhav.csv.zip
2021-05-11,INE216A07052,BRITANNIA_2019_8PCT_SECURED_BONUS_DEBENTURE,BRITANNIA,N2,32.36,32.75,32.26,32.58,cm11MAY2021bhav.csv.zip
2021-05-12,INE216A07052,BRITANNIA_2019_8PCT_SECURED_BONUS_DEBENTURE,BRITANNIA,N2,32.58,32.77,32.31,32.4,cm12MAY2021bhav.csv.zip
2021-05-14,INE216A07052,BRITANNIA_2019_8PCT_SECURED_BONUS_DEBENTURE,BRITANNIA,N2,32.4,32.6,32.2,32.41,cm14MAY2021bhav.csv.zip
2021-05-17,INE216A07052,BRITANNIA_2019_8PCT_SECURED_BONUS_DEBENTURE,BRITANNIA,N2,32.3,32.7,32.3,32.4,cm17MAY2021bhav.csv.zip
2021-05-18,INE216A07052,BRITANNIA_2019_8PCT_SECURED_BONUS_DEBENTURE,BRITANNIA,N2,32,32.72,32,32.39,cm18MAY2021bhav.csv.zip
2021-05-19,INE216A07052,BRITANNIA_2019_8PCT_SECURED_BONUS_DEBENTURE,BRITANNIA,N2,32.3,32.68,32.3,32.41,cm19MAY2021bhav.csv.zip
2021-05-20,INE216A07052,BRITANNIA_2019_8PCT_SECURED_BONUS_DEBENTURE,BRITANNIA,N2,32.32,32.5,32.32,32.36,cm20MAY2021bhav.csv.zip
2021-05-21,INE216A07052,BRITANNIA_2019_8PCT_SECURED_BONUS_DEBENTURE,BRITANNIA,N2,32.7,32.7,32.32,32.44,cm21MAY2021bhav.csv.zip
2021-05-24,INE216A07052,BRITANNIA_2019_8PCT_SECURED_BONUS_DEBENTURE,BRITANNIA,N2,32.5,32.7,32.3,32.51,cm24MAY2021bhav.csv.zip
2021-05-25,INE216A07052,BRITANNIA_2019_8PCT_SECURED_BONUS_DEBENTURE,BRITANNIA,N2,32.5,32.69,32.28,32.51,cm25MAY2021bhav.csv.zip
2021-05-26,INE216A07052,BRITANNIA_2019_8PCT_SECURED_BONUS_DEBENTURE,BRITANNIA,N2,32.75,32.75,32.1,32.59,cm26MAY2021bhav.csv.zip
2021-05-27,INE216A07052,BRITANNIA_2019_8PCT_SECURED_BONUS_DEBENTURE,BRITANNIA,N2,32.59,32.72,32.38,32.47,cm27MAY2021bhav.csv.zip
2021-05-28,INE216A07052,BRITANNIA_2019_8PCT_SECURED_BONUS_DEBENTURE,BRITANNIA,N2,32.47,32.51,32.33,32.46,cm28MAY2021bhav.csv.zip
2021-05-31,INE216A07052,BRITANNIA_2019_8PCT_SECURED_BONUS_DEBENTURE,BRITANNIA,N2,32.45,32.73,32.36,32.47,cm31MAY2021bhav.csv.zip
2021-06-01,INE216A07052,BRITANNIA_2019_8PCT_SECURED_BONUS_DEBENTURE,BRITANNIA,N2,32.47,32.47,32.36,32.44,cm01JUN2021bhav.csv.zip
2021-06-02,INE216A07052,BRITANNIA_2019_8PCT_SECURED_BONUS_DEBENTURE,BRITANNIA,N2,32.41,32.63,32.41,32.5,cm02JUN2021bhav.csv.zip
2021-06-03,INE216A07052,BRITANNIA_2019_8PCT_SECURED_BONUS_DEBENTURE,BRITANNIA,N2,32.45,32.6,32.42,32.48,cm03JUN2021bhav.csv.zip
2021-06-04,INE216A07052,BRITANNIA_2019_8PCT_SECURED_BONUS_DEBENTURE,BRITANNIA,N2,32.49,32.57,32.49,32.5,cm04JUN2021bhav.csv.zip
2021-06-07,INE216A07052,BRITANNIA_2019_8PCT_SECURED_BONUS_DEBENTURE,BRITANNIA,N2,32.15,32.8,32.15,32.5,cm07JUN2021bhav.csv.zip
2021-06-08,INE216A07052,BRITANNIA_2019_8PCT_SECURED_BONUS_DEBENTURE,BRITANNIA,N2,32.47,32.6,32.3,32.59,cm08JUN2021bhav.csv.zip
2021-06-09,INE216A07052,BRITANNIA_2019_8PCT_SECURED_BONUS_DEBENTURE,BRITANNIA,N2,32.2,32.74,32.2,32.53,cm09JUN2021bhav.csv.zip
2021-06-10,INE216A07052,BRITANNIA_2019_8PCT_SECURED_BONUS_DEBENTURE,BRITANNIA,N2,32.88,32.88,32.51,32.56,cm10JUN2021bhav.csv.zip
2021-06-11,INE216A07052,BRITANNIA_2019_8PCT_SECURED_BONUS_DEBENTURE,BRITANNIA,N2,32.56,32.89,32.51,32.59,cm11JUN2021bhav.csv.zip
2021-06-14,INE216A07052,BRITANNIA_2019_8PCT_SECURED_BONUS_DEBENTURE,BRITANNIA,N2,32.55,32.98,32.55,32.67,cm14JUN2021bhav.csv.zip
2021-06-15,INE216A07052,BRITANNIA_2019_8PCT_SECURED_BONUS_DEBENTURE,BRITANNIA,N2,32.57,32.94,32.57,32.78,cm15JUN2021bhav.csv.zip
2021-06-16,INE216A07052,BRITANNIA_2019_8PCT_SECURED_BONUS_DEBENTURE,BRITANNIA,N2,32.73,32.85,32.61,32.83,cm16JUN2021bhav.csv.zip
2021-06-17,INE216A07052,BRITANNIA_2019_8PCT_SECURED_BONUS_DEBENTURE,BRITANNIA,N2,32.06,32.85,32.06,32.77,cm17JUN2021bhav.csv.zip
2021-06-18,INE216A07052,BRITANNIA_2019_8PCT_SECURED_BONUS_DEBENTURE,BRITANNIA,N2,32.77,32.8,32.05,32.7,cm18JUN2021bhav.csv.zip
2021-06-21,INE216A07052,BRITANNIA_2019_8PCT_SECURED_BONUS_DEBENTURE,BRITANNIA,N2,32.7,32.89,32.66,32.7,cm21JUN2021bhav.csv.zip
2021-06-22,INE216A07052,BRITANNIA_2019_8PCT_SECURED_BONUS_DEBENTURE,BRITANNIA,N2,32.75,32.88,32.66,32.73,cm22JUN2021bhav.csv.zip
2021-06-23,INE216A07052,BRITANNIA_2019_8PCT_SECURED_BONUS_DEBENTURE,BRITANNIA,N2,32.93,32.93,32.7,32.79,cm23JUN2021bhav.csv.zip
2021-06-24,INE216A07052,BRITANNIA_2019_8PCT_SECURED_BONUS_DEBENTURE,BRITANNIA,N2,32.79,32.8,32.71,32.76,cm24JUN2021bhav.csv.zip
2021-06-25,INE216A07052,BRITANNIA_2019_8PCT_SECURED_BONUS_DEBENTURE,BRITANNIA,N2,32.7,32.84,32.7,32.75,cm25JUN2021bhav.csv.zip
2021-06-28,INE216A07052,BRITANNIA_2019_8PCT_SECURED_BONUS_DEBENTURE,BRITANNIA,N2,32.75,32.9,32.73,32.74,cm28JUN2021bhav.csv.zip
2021-06-29,INE216A07052,BRITANNIA_2019_8PCT_SECURED_BONUS_DEBENTURE,BRITANNIA,N2,32.25,32.85,32.25,32.76,cm29JUN2021bhav.csv.zip
2021-06-30,INE216A07052,BRITANNIA_2019_8PCT_SECURED_BONUS_DEBENTURE,BRITANNIA,N2,32.74,32.84,32.74,32.75,cm30JUN2021bhav.csv.zip
2021-07-01,INE216A07052,BRITANNIA_2019_8PCT_SECURED_BONUS_DEBENTURE,BRITANNIA,N2,32.75,32.94,32.75,32.78,cm01JUL2021bhav.csv.zip
2021-07-02,INE216A07052,BRITANNIA_2019_8PCT_SECURED_BONUS_DEBENTURE,BRITANNIA,N2,32.78,32.95,32.76,32.79,cm02JUL2021bhav.csv.zip
2021-07-05,INE216A07052,BRITANNIA_2019_8PCT_SECURED_BONUS_DEBENTURE,BRITANNIA,N2,32.54,32.89,32.54,32.76,cm05JUL2021bhav.csv.zip
2021-07-06,INE216A07052,BRITANNIA_2019_8PCT_SECURED_BONUS_DEBENTURE,BRITANNIA,N2,32.27,32.84,32.27,32.79,cm06JUL2021bhav.csv.zip
2021-07-07,INE216A07052,BRITANNIA_2019_8PCT_SECURED_BONUS_DEBENTURE,BRITANNIA,N2,32.63,32.94,32.63,32.75,cm07JUL2021bhav.csv.zip
2021-07-08,INE216A07052,BRITANNIA_2019_8PCT_SECURED_BONUS_DEBENTURE,BRITANNIA,N2,32.89,32.89,32.7,32.75,cm08JUL2021bhav.csv.zip
2021-07-09,INE216A07052,BRITANNIA_2019_8PCT_SECURED_BONUS_DEBENTURE,BRITANNIA,N2,32.62,32.8,32.62,32.8,cm09JUL2021bhav.csv.zip
2021-07-12,INE216A07052,BRITANNIA_2019_8PCT_SECURED_BONUS_DEBENTURE,BRITANNIA,N2,32.8,32.88,32.63,32.81,cm12JUL2021bhav.csv.zip
2021-07-13,INE216A07052,BRITANNIA_2019_8PCT_SECURED_BONUS_DEBENTURE,BRITANNIA,N2,32.85,32.9,32.72,32.76,cm13JUL2021bhav.csv.zip
2021-07-14,INE216A07052,BRITANNIA_2019_8PCT_SECURED_BONUS_DEBENTURE,BRITANNIA,N2,32.89,32.89,32.5,32.79,cm14JUL2021bhav.csv.zip
2021-07-15,INE216A07052,BRITANNIA_2019_8PCT_SECURED_BONUS_DEBENTURE,BRITANNIA,N2,32.72,32.84,32.71,32.71,cm15JUL2021bhav.csv.zip
2021-07-16,INE216A07052,BRITANNIA_2019_8PCT_SECURED_BONUS_DEBENTURE,BRITANNIA,N2,32.88,32.88,32.69,32.83,cm16JUL2021bhav.csv.zip
2021-07-19,INE216A07052,BRITANNIA_2019_8PCT_SECURED_BONUS_DEBENTURE,BRITANNIA,N2,32.26,32.84,32.26,32.78,cm19JUL2021bhav.csv.zip
2021-07-20,INE216A07052,BRITANNIA_2019_8PCT_SECURED_BONUS_DEBENTURE,BRITANNIA,N2,32.75,32.9,32.72,32.75,cm20JUL2021bhav.csv.zip
2021-07-22,INE216A07052,BRITANNIA_2019_8PCT_SECURED_BONUS_DEBENTURE,BRITANNIA,N2,32.75,32.95,32.7,32.81,cm22JUL2021bhav.csv.zip
2021-07-23,INE216A07052,BRITANNIA_2019_8PCT_SECURED_BONUS_DEBENTURE,BRITANNIA,N2,32.94,32.94,32.73,32.82,cm23JUL2021bhav.csv.zip
2021-07-26,INE216A07052,BRITANNIA_2019_8PCT_SECURED_BONUS_DEBENTURE,BRITANNIA,N2,32.55,32.85,32.55,32.76,cm26JUL2021bhav.csv.zip
2021-07-27,INE216A07052,BRITANNIA_2019_8PCT_SECURED_BONUS_DEBENTURE,BRITANNIA,N2,32.75,32.89,32.75,32.81,cm27JUL2021bhav.csv.zip
2021-07-28,INE216A07052,BRITANNIA_2019_8PCT_SECURED_BONUS_DEBENTURE,BRITANNIA,N2,32.75,32.99,32.75,32.81,cm28JUL2021bhav.csv.zip
2021-07-29,INE216A07052,BRITANNIA_2019_8PCT_SECURED_BONUS_DEBENTURE,BRITANNIA,N2,32.75,32.9,32.75,32.8,cm29JUL2021bhav.csv.zip
2021-07-30,INE216A07052,BRITANNIA_2019_8PCT_SECURED_BONUS_DEBENTURE,BRITANNIA,N2,32.8,32.9,32.73,32.83,cm30JUL2021bhav.csv.zip
2021-08-02,INE216A07052,BRITANNIA_2019_8PCT_SECURED_BONUS_DEBENTURE,BRITANNIA,N2,32.8,32.93,32.69,32.88,cm02AUG2021bhav.csv.zip
2021-08-03,INE216A07052,BRITANNIA_2019_8PCT_SECURED_BONUS_DEBENTURE,BRITANNIA,N2,32.76,32.89,32.76,32.85,cm03AUG2021bhav.csv.zip
2021-08-04,INE216A07052,BRITANNIA_2019_8PCT_SECURED_BONUS_DEBENTURE,BRITANNIA,N2,32.77,32.82,32.73,32.79,cm04AUG2021bhav.csv.zip
2021-08-05,INE216A07052,BRITANNIA_2019_8PCT_SECURED_BONUS_DEBENTURE,BRITANNIA,N2,32.69,32.84,32.69,32.75,cm05AUG2021bhav.csv.zip
2021-08-06,INE216A07052,BRITANNIA_2019_8PCT_SECURED_BONUS_DEBENTURE,BRITANNIA,N2,32.67,35.9,32.67,33.49,cm06AUG2021bhav.csv.zip
2021-08-09,INE216A07052,BRITANNIA_2019_8PCT_SECURED_BONUS_DEBENTURE,BRITANNIA,N2,33.49,33.74,32.75,33.73,cm09AUG2021bhav.csv.zip
2021-08-10,INE216A07052,BRITANNIA_2019_8PCT_SECURED_BONUS_DEBENTURE,BRITANNIA,N2,33.73,33.73,33,33.41,cm10AUG2021bhav.csv.zip
2021-08-11,INE216A07052,BRITANNIA_2019_8PCT_SECURED_BONUS_DEBENTURE,BRITANNIA,N2,33.55,33.67,33.03,33.15,cm11AUG2021bhav.csv.zip
2021-08-12,INE216A07052,BRITANNIA_2019_8PCT_SECURED_BONUS_DEBENTURE,BRITANNIA,N2,33.15,33.88,32.76,33.03,cm12AUG2021bhav.csv.zip
2021-08-13,INE216A07052,BRITANNIA_2019_8PCT_SECURED_BONUS_DEBENTURE,BRITANNIA,N2,33.03,33.49,32.95,33.06,cm13AUG2021bhav.csv.zip
2021-08-16,INE216A07052,BRITANNIA_2019_8PCT_SECURED_BONUS_DEBENTURE,BRITANNIA,N2,33.01,33.5,33.01,33.11,cm16AUG2021bhav.csv.zip
2021-08-17,INE216A07052,BRITANNIA_2019_8PCT_SECURED_BONUS_DEBENTURE,BRITANNIA,N2,33.01,33.29,33.01,33.02,cm17AUG2021bhav.csv.zip
2021-08-18,INE216A07052,BRITANNIA_2019_8PCT_SECURED_BONUS_DEBENTURE,BRITANNIA,N2,33,33.45,33,33.07,cm18AUG2021bhav.csv.zip
2021-08-20,INE216A07052,BRITANNIA_2019_8PCT_SECURED_BONUS_DEBENTURE,BRITANNIA,N2,33.07,33.2,32.8,33.14,cm20AUG2021bhav.csv.zip
2021-08-23,INE216A07052,BRITANNIA_2019_8PCT_SECURED_BONUS_DEBENTURE,BRITANNIA,N2,33.14,33.45,32.65,33.23,cm23AUG2021bhav.csv.zip
2021-08-24,INE216A07052,BRITANNIA_2019_8PCT_SECURED_BONUS_DEBENTURE,BRITANNIA,N2,33,33.35,33,33.25,cm24AUG2021bhav.csv.zip
2021-08-25,INE216A07052,BRITANNIA_2019_8PCT_SECURED_BONUS_DEBENTURE,BRITANNIA,N2,31.15,32.37,30.9,30.9,cm25AUG2021bhav.csv.zip
2021-08-26,INE216A07052,BRITANNIA_2019_8PCT_SECURED_BONUS_DEBENTURE,BRITANNIA,N2,30.9,31.4,30.88,31.08,cm26AUG2021bhav.csv.zip
2021-08-27,INE216A07052,BRITANNIA_2019_8PCT_SECURED_BONUS_DEBENTURE,BRITANNIA,N2,31.49,31.49,30.9,30.92,cm27AUG2021bhav.csv.zip
2021-08-30,INE216A07052,BRITANNIA_2019_8PCT_SECURED_BONUS_DEBENTURE,BRITANNIA,N2,30.87,31,30.87,30.89,cm30AUG2021bhav.csv.zip
2021-08-31,INE216A07052,BRITANNIA_2019_8PCT_SECURED_BONUS_DEBENTURE,BRITANNIA,N2,30.9,31,30.88,30.93,cm31AUG2021bhav.csv.zip
2021-09-01,INE216A07052,BRITANNIA_2019_8PCT_SECURED_BONUS_DEBENTURE,BRITANNIA,N2,30.88,31,30.88,30.92,cm01SEP2021bhav.csv.zip
2021-09-02,INE216A07052,BRITANNIA_2019_8PCT_SECURED_BONUS_DEBENTURE,BRITANNIA,N2,30.8,31.5,30.8,31.01,cm02SEP2021bhav.csv.zip
2021-09-03,INE216A07052,BRITANNIA_2019_8PCT_SECURED_BONUS_DEBENTURE,BRITANNIA,N2,31.8,31.8,30.89,31.02,cm03SEP2021bhav.csv.zip
2021-09-06,INE216A07052,BRITANNIA_2019_8PCT_SECURED_BONUS_DEBENTURE,BRITANNIA,N2,30.9,31.99,30.9,30.94,cm06SEP2021bhav.csv.zip
2021-09-07,INE216A07052,BRITANNIA_2019_8PCT_SECURED_BONUS_DEBENTURE,BRITANNIA,N2,31,31.18,30.9,30.99,cm07SEP2021bhav.csv.zip
2021-09-08,INE216A07052,BRITANNIA_2019_8PCT_SECURED_BONUS_DEBENTURE,BRITANNIA,N2,31.18,31.18,30.96,30.96,cm08SEP2021bhav.csv.zip
2021-09-09,INE216A07052,BRITANNIA_2019_8PCT_SECURED_BONUS_DEBENTURE,BRITANNIA,N2,30.97,31.1,30.95,30.96,cm09SEP2021bhav.csv.zip
2021-09-13,INE216A07052,BRITANNIA_2019_8PCT_SECURED_BONUS_DEBENTURE,BRITANNIA,N2,30.96,31.06,30.95,31.01,cm13SEP2021bhav.csv.zip
2021-09-14,INE216A07052,BRITANNIA_2019_8PCT_SECURED_BONUS_DEBENTURE,BRITANNIA,N2,30.97,31.05,30.97,31.04,cm14SEP2021bhav.csv.zip
2021-09-15,INE216A07052,BRITANNIA_2019_8PCT_SECURED_BONUS_DEBENTURE,BRITANNIA,N2,30.25,31.1,30.25,30.99,cm15SEP2021bhav.csv.zip
2021-09-16,INE216A07052,BRITANNIA_2019_8PCT_SECURED_BONUS_DEBENTURE,BRITANNIA,N2,30.98,31,30.98,30.99,cm16SEP2021bhav.csv.zip
2021-09-17,INE216A07052,BRITANNIA_2019_8PCT_SECURED_BONUS_DEBENTURE,BRITANNIA,N2,30.99,31.15,30.98,31,cm17SEP2021bhav.csv.zip
2021-09-20,INE216A07052,BRITANNIA_2019_8PCT_SECURED_BONUS_DEBENTURE,BRITANNIA,N2,31,32,31,31,cm20SEP2021bhav.csv.zip
2021-09-21,INE216A07052,BRITANNIA_2019_8PCT_SECURED_BONUS_DEBENTURE,BRITANNIA,N2,31.81,31.81,30.99,31,cm21SEP2021bhav.csv.zip
2021-09-22,INE216A07052,BRITANNIA_2019_8PCT_SECURED_BONUS_DEBENTURE,BRITANNIA,N2,31,31.14,31,31.03,cm22SEP2021bhav.csv.zip
2021-09-23,INE216A07052,BRITANNIA_2019_8PCT_SECURED_BONUS_DEBENTURE,BRITANNIA,N2,31,31.1,31,31.05,cm23SEP2021bhav.csv.zip
2021-09-24,INE216A07052,BRITANNIA_2019_8PCT_SECURED_BONUS_DEBENTURE,BRITANNIA,N2,31.1,31.1,30.98,31.01,cm24SEP2021bhav.csv.zip
2021-09-27,INE216A07052,BRITANNIA_2019_8PCT_SECURED_BONUS_DEBENTURE,BRITANNIA,N2,31.01,31.25,31.01,31.03,cm27SEP2021bhav.csv.zip
2021-09-28,INE216A07052,BRITANNIA_2019_8PCT_SECURED_BONUS_DEBENTURE,BRITANNIA,N2,31,31.05,31,31.01,cm28SEP2021bhav.csv.zip
2021-09-29,INE216A07052,BRITANNIA_2019_8PCT_SECURED_BONUS_DEBENTURE,BRITANNIA,N2,30.96,31.2,30.96,31,cm29SEP2021bhav.csv.zip
2021-09-30,INE216A07052,BRITANNIA_2019_8PCT_SECURED_BONUS_DEBENTURE,BRITANNIA,N2,30.96,31.09,30.95,31,cm30SEP2021bhav.csv.zip
2021-10-01,INE216A07052,BRITANNIA_2019_8PCT_SECURED_BONUS_DEBENTURE,BRITANNIA,N2,30.95,31.09,30.95,31,cm01OCT2021bhav.csv.zip
2021-10-04,INE216A07052,BRITANNIA_2019_8PCT_SECURED_BONUS_DEBENTURE,BRITANNIA,N2,30.95,31.09,30.95,31,cm04OCT2021bhav.csv.zip
2021-10-05,INE216A07052,BRITANNIA_2019_8PCT_SECURED_BONUS_DEBENTURE,BRITANNIA,N2,30.95,31.14,30.95,31.07,cm05OCT2021bhav.csv.zip
2021-10-06,INE216A07052,BRITANNIA_2019_8PCT_SECURED_BONUS_DEBENTURE,BRITANNIA,N2,30.96,31.19,30.96,31.09,cm06OCT2021bhav.csv.zip
2021-10-07,INE216A07052,BRITANNIA_2019_8PCT_SECURED_BONUS_DEBENTURE,BRITANNIA,N2,31,31.25,30.92,30.97,cm07OCT2021bhav.csv.zip
2021-10-08,INE216A07052,BRITANNIA_2019_8PCT_SECURED_BONUS_DEBENTURE,BRITANNIA,N2,30.97,31.26,30.91,30.97,cm08OCT2021bhav.csv.zip
2021-10-11,INE216A07052,BRITANNIA_2019_8PCT_SECURED_BONUS_DEBENTURE,BRITANNIA,N2,30.97,31.27,30.96,31.1,cm11OCT2021bhav.csv.zip
2021-10-12,INE216A07052,BRITANNIA_2019_8PCT_SECURED_BONUS_DEBENTURE,BRITANNIA,N2,31.1,31.12,30.97,30.98,cm12OCT2021bhav.csv.zip
2021-10-13,INE216A07052,BRITANNIA_2019_8PCT_SECURED_BONUS_DEBENTURE,BRITANNIA,N2,32,32,31,31.01,cm13OCT2021bhav.csv.zip
2021-10-14,INE216A07052,BRITANNIA_2019_8PCT_SECURED_BONUS_DEBENTURE,BRITANNIA,N2,31,31.24,31,31.07,cm14OCT2021bhav.csv.zip
2021-10-18,INE216A07052,BRITANNIA_2019_8PCT_SECURED_BONUS_DEBENTURE,BRITANNIA,N2,31.09,31.2,30.96,30.99,cm18OCT2021bhav.csv.zip
2021-10-19,INE216A07052,BRITANNIA_2019_8PCT_SECURED_BONUS_DEBENTURE,BRITANNIA,N2,30.98,31.29,30.92,30.97,cm19OCT2021bhav.csv.zip
2021-10-20,INE216A07052,BRITANNIA_2019_8PCT_SECURED_BONUS_DEBENTURE,BRITANNIA,N2,31,31.27,30.9,30.97,cm20OCT2021bhav.csv.zip
2021-10-21,INE216A07052,BRITANNIA_2019_8PCT_SECURED_BONUS_DEBENTURE,BRITANNIA,N2,31.32,31.32,30.93,31,cm21OCT2021bhav.csv.zip
2021-10-22,INE216A07052,BRITANNIA_2019_8PCT_SECURED_BONUS_DEBENTURE,BRITANNIA,N2,30.92,31.13,30.92,30.97,cm22OCT2021bhav.csv.zip
2021-10-25,INE216A07052,BRITANNIA_2019_8PCT_SECURED_BONUS_DEBENTURE,BRITANNIA,N2,30.97,31.2,30.9,30.98,cm25OCT2021bhav.csv.zip
2021-10-26,INE216A07052,BRITANNIA_2019_8PCT_SECURED_BONUS_DEBENTURE,BRITANNIA,N2,30.95,31.2,30.95,30.98,cm26OCT2021bhav.csv.zip
2021-10-27,INE216A07052,BRITANNIA_2019_8PCT_SECURED_BONUS_DEBENTURE,BRITANNIA,N2,30.93,31,30.93,30.97,cm27OCT2021bhav.csv.zip
2021-10-28,INE216A07052,BRITANNIA_2019_8PCT_SECURED_BONUS_DEBENTURE,BRITANNIA,N2,30.94,31.2,30.94,30.96,cm28OCT2021bhav.csv.zip
2021-10-29,INE216A07052,BRITANNIA_2019_8PCT_SECURED_BONUS_DEBENTURE,BRITANNIA,N2,30.96,31.14,30.92,31.14,cm29OCT2021bhav.csv.zip
2021-11-01,INE216A07052,BRITANNIA_2019_8PCT_SECURED_BONUS_DEBENTURE,BRITANNIA,N2,30.95,31.25,30,30.98,cm01NOV2021bhav.csv.zip
2021-11-02,INE216A07052,BRITANNIA_2019_8PCT_SECURED_BONUS_DEBENTURE,BRITANNIA,N2,30.9,31.13,30.9,30.98,cm02NOV2021bhav.csv.zip
2021-11-03,INE216A07052,BRITANNIA_2019_8PCT_SECURED_BONUS_DEBENTURE,BRITANNIA,N2,30.9,31.13,30.9,30.97,cm03NOV2021bhav.csv.zip
2021-11-04,INE216A07052,BRITANNIA_2019_8PCT_SECURED_BONUS_DEBENTURE,BRITANNIA,N2,30.9,31.14,30.9,31.08,cm04NOV2021bhav.csv.zip
2021-11-08,INE216A07052,BRITANNIA_2019_8PCT_SECURED_BONUS_DEBENTURE,BRITANNIA,N2,30.98,31.25,30.98,31.01,cm08NOV2021bhav.csv.zip
2021-11-09,INE216A07052,BRITANNIA_2019_8PCT_SECURED_BONUS_DEBENTURE,BRITANNIA,N2,31,31.28,30.9,31,cm09NOV2021bhav.csv.zip
2021-11-10,INE216A07052,BRITANNIA_2019_8PCT_SECURED_BONUS_DEBENTURE,BRITANNIA,N2,30.92,31.2,30.92,31.04,cm10NOV2021bhav.csv.zip
2021-11-11,INE216A07052,BRITANNIA_2019_8PCT_SECURED_BONUS_DEBENTURE,BRITANNIA,N2,31.04,31.25,31.04,31.14,cm11NOV2021bhav.csv.zip
2021-11-12,INE216A07052,BRITANNIA_2019_8PCT_SECURED_BONUS_DEBENTURE,BRITANNIA,N2,31.04,31.12,31.04,31.05,cm12NOV2021bhav.csv.zip
2021-11-15,INE216A07052,BRITANNIA_2019_8PCT_SECURED_BONUS_DEBENTURE,BRITANNIA,N2,31.04,31.32,31.04,31.09,cm15NOV2021bhav.csv.zip
2021-11-16,INE216A07052,BRITANNIA_2019_8PCT_SECURED_BONUS_DEBENTURE,BRITANNIA,N2,31.32,31.32,31.04,31.14,cm16NOV2021bhav.csv.zip
2021-11-17,INE216A07052,BRITANNIA_2019_8PCT_SECURED_BONUS_DEBENTURE,BRITANNIA,N2,31.13,31.29,31.12,31.12,cm17NOV2021bhav.csv.zip
2021-11-18,INE216A07052,BRITANNIA_2019_8PCT_SECURED_BONUS_DEBENTURE,BRITANNIA,N2,31.1,31.26,31.08,31.12,cm18NOV2021bhav.csv.zip
2021-11-22,INE216A07052,BRITANNIA_2019_8PCT_SECURED_BONUS_DEBENTURE,BRITANNIA,N2,31.12,31.3,31.12,31.17,cm22NOV2021bhav.csv.zip
2021-11-23,INE216A07052,BRITANNIA_2019_8PCT_SECURED_BONUS_DEBENTURE,BRITANNIA,N2,31.17,31.3,31.16,31.16,cm23NOV2021bhav.csv.zip
2021-11-24,INE216A07052,BRITANNIA_2019_8PCT_SECURED_BONUS_DEBENTURE,BRITANNIA,N2,31.12,31.28,31.12,31.14,cm24NOV2021bhav.csv.zip
2021-11-25,INE216A07052,BRITANNIA_2019_8PCT_SECURED_BONUS_DEBENTURE,BRITANNIA,N2,31.09,31.27,31.09,31.13,cm25NOV2021bhav.csv.zip
2021-11-26,INE216A07052,BRITANNIA_2019_8PCT_SECURED_BONUS_DEBENTURE,BRITANNIA,N2,31.12,31.26,31.12,31.13,cm26NOV2021bhav.csv.zip
2021-11-29,INE216A07052,BRITANNIA_2019_8PCT_SECURED_BONUS_DEBENTURE,BRITANNIA,N2,31.1,31.25,31.1,31.19,cm29NOV2021bhav.csv.zip
2021-11-30,INE216A07052,BRITANNIA_2019_8PCT_SECURED_BONUS_DEBENTURE,BRITANNIA,N2,31,31.25,31,31.1,cm30NOV2021bhav.csv.zip
2021-12-01,INE216A07052,BRITANNIA_2019_8PCT_SECURED_BONUS_DEBENTURE,BRITANNIA,N2,31.1,31.2,31.1,31.15,cm01DEC2021bhav.csv.zip
2021-12-02,INE216A07052,BRITANNIA_2019_8PCT_SECURED_BONUS_DEBENTURE,BRITANNIA,N2,31,31.22,31,31.22,cm02DEC2021bhav.csv.zip
2021-12-03,INE216A07052,BRITANNIA_2019_8PCT_SECURED_BONUS_DEBENTURE,BRITANNIA,N2,31.29,31.29,31,31.27,cm03DEC2021bhav.csv.zip
2021-12-06,INE216A07052,BRITANNIA_2019_8PCT_SECURED_BONUS_DEBENTURE,BRITANNIA,N2,31.25,31.3,30.94,31.02,cm06DEC2021bhav.csv.zip
2021-12-07,INE216A07052,BRITANNIA_2019_8PCT_SECURED_BONUS_DEBENTURE,BRITANNIA,N2,30,31.5,30,31.1,cm07DEC2021bhav.csv.zip
2021-12-08,INE216A07052,BRITANNIA_2019_8PCT_SECURED_BONUS_DEBENTURE,BRITANNIA,N2,31,31.29,31,31.06,cm08DEC2021bhav.csv.zip
2021-12-09,INE216A07052,BRITANNIA_2019_8PCT_SECURED_BONUS_DEBENTURE,BRITANNIA,N2,31.06,31.11,31,31.04,cm09DEC2021bhav.csv.zip
2021-12-10,INE216A07052,BRITANNIA_2019_8PCT_SECURED_BONUS_DEBENTURE,BRITANNIA,N2,31.08,31.28,31.03,31.07,cm10DEC2021bhav.csv.zip
2021-12-13,INE216A07052,BRITANNIA_2019_8PCT_SECURED_BONUS_DEBENTURE,BRITANNIA,N2,31.07,31.56,30.93,31.48,cm13DEC2021bhav.csv.zip
2021-12-14,INE216A07052,BRITANNIA_2019_8PCT_SECURED_BONUS_DEBENTURE,BRITANNIA,N2,31,31.4,31,31.11,cm14DEC2021bhav.csv.zip
2021-12-15,INE216A07052,BRITANNIA_2019_8PCT_SECURED_BONUS_DEBENTURE,BRITANNIA,N2,31,31.4,30.93,31.11,cm15DEC2021bhav.csv.zip
2021-12-16,INE216A07052,BRITANNIA_2019_8PCT_SECURED_BONUS_DEBENTURE,BRITANNIA,N2,31.08,31.24,31.08,31.09,cm16DEC2021bhav.csv.zip
2021-12-17,INE216A07052,BRITANNIA_2019_8PCT_SECURED_BONUS_DEBENTURE,BRITANNIA,N2,30.9,31.44,30.9,31.1,cm17DEC2021bhav.csv.zip
2021-12-20,INE216A07052,BRITANNIA_2019_8PCT_SECURED_BONUS_DEBENTURE,BRITANNIA,N2,31.1,31.19,30.93,30.99,cm20DEC2021bhav.csv.zip
2021-12-21,INE216A07052,BRITANNIA_2019_8PCT_SECURED_BONUS_DEBENTURE,BRITANNIA,N2,31,31.18,31,31.09,cm21DEC2021bhav.csv.zip
2021-12-22,INE216A07052,BRITANNIA_2019_8PCT_SECURED_BONUS_DEBENTURE,BRITANNIA,N2,30.9,31.19,30.9,31.07,cm22DEC2021bhav.csv.zip
2021-12-23,INE216A07052,BRITANNIA_2019_8PCT_SECURED_BONUS_DEBENTURE,BRITANNIA,N2,31,31.29,31,31.24,cm23DEC2021bhav.csv.zip
2021-12-24,INE216A07052,BRITANNIA_2019_8PCT_SECURED_BONUS_DEBENTURE,BRITANNIA,N2,31.05,31.19,31.05,31.15,cm24DEC2021bhav.csv.zip
2021-12-27,INE216A07052,BRITANNIA_2019_8PCT_SECURED_BONUS_DEBENTURE,BRITANNIA,N2,31.01,31.19,31.01,31.14,cm27DEC2021bhav.csv.zip
2021-12-28,INE216A07052,BRITANNIA_2019_8PCT_SECURED_BONUS_DEBENTURE,BRITANNIA,N2,31.01,31.34,31.01,31.11,cm28DEC2021bhav.csv.zip
2021-12-29,INE216A07052,BRITANNIA_2019_8PCT_SECURED_BONUS_DEBENTURE,BRITANNIA,N2,31.11,31.19,31.03,31.18,cm29DEC2021bhav.csv.zip
2021-12-30,INE216A07052,BRITANNIA_2019_8PCT_SECURED_BONUS_DEBENTURE,BRITANNIA,N2,29.2,31.18,29.2,31.1,cm30DEC2021bhav.csv.zip
2021-12-31,INE216A07052,BRITANNIA_2019_8PCT_SECURED_BONUS_DEBENTURE,BRITANNIA,N2,30.9,31.3,30.9,31.1,cm31DEC2021bhav.csv.zip
2022-01-03,INE216A07052,BRITANNIA_2019_8PCT_SECURED_BONUS_DEBENTURE,BRITANNIA,N2,30.9,31.15,30.9,31.14,cm03JAN2022bhav.csv.zip
2022-01-04,INE216A07052,BRITANNIA_2019_8PCT_SECURED_BONUS_DEBENTURE,BRITANNIA,N2,31.07,31.25,31.07,31.19,cm04JAN2022bhav.csv.zip
2022-01-05,INE216A07052,BRITANNIA_2019_8PCT_SECURED_BONUS_DEBENTURE,BRITANNIA,N2,32,32,31,31.08,cm05JAN2022bhav.csv.zip
2022-01-06,INE216A07052,BRITANNIA_2019_8PCT_SECURED_BONUS_DEBENTURE,BRITANNIA,N2,31.1,32,30.91,31.13,cm06JAN2022bhav.csv.zip
2022-01-07,INE216A07052,BRITANNIA_2019_8PCT_SECURED_BONUS_DEBENTURE,BRITANNIA,N2,31.1,31.4,31.1,31.15,cm07JAN2022bhav.csv.zip
2022-01-10,INE216A07052,BRITANNIA_2019_8PCT_SECURED_BONUS_DEBENTURE,BRITANNIA,N2,31.75,31.75,31,31.06,cm10JAN2022bhav.csv.zip
2022-01-11,INE216A07052,BRITANNIA_2019_8PCT_SECURED_BONUS_DEBENTURE,BRITANNIA,N2,31,31.15,31,31.1,cm11JAN2022bhav.csv.zip
2022-01-12,INE216A07052,BRITANNIA_2019_8PCT_SECURED_BONUS_DEBENTURE,BRITANNIA,N2,31.1,31.2,31.03,31.13,cm12JAN2022bhav.csv.zip
2022-01-13,INE216A07052,BRITANNIA_2019_8PCT_SECURED_BONUS_DEBENTURE,BRITANNIA,N2,30.92,31.19,30.92,31.08,cm13JAN2022bhav.csv.zip
2022-01-14,INE216A07052,BRITANNIA_2019_8PCT_SECURED_BONUS_DEBENTURE,BRITANNIA,N2,31.2,31.2,31.02,31.13,cm14JAN2022bhav.csv.zip
2022-01-17,INE216A07052,BRITANNIA_2019_8PCT_SECURED_BONUS_DEBENTURE,BRITANNIA,N2,31.01,31.35,31.01,31.16,cm17JAN2022bhav.csv.zip
2022-01-18,INE216A07052,BRITANNIA_2019_8PCT_SECURED_BONUS_DEBENTURE,BRITANNIA,N2,31.24,31.24,31.05,31.13,cm18JAN2022bhav.csv.zip
2022-01-19,INE216A07052,BRITANNIA_2019_8PCT_SECURED_BONUS_DEBENTURE,BRITANNIA,N2,31,31.2,31,31.1,cm19JAN2022bhav.csv.zip
2022-01-20,INE216A07052,BRITANNIA_2019_8PCT_SECURED_BONUS_DEBENTURE,BRITANNIA,N2,31.07,31.19,31.07,31.18,cm20JAN2022bhav.csv.zip
2022-01-21,INE216A07052,BRITANNIA_2019_8PCT_SECURED_BONUS_DEBENTURE,BRITANNIA,N2,31.02,31.18,31.02,31.13,cm21JAN2022bhav.csv.zip
2022-01-24,INE216A07052,BRITANNIA_2019_8PCT_SECURED_BONUS_DEBENTURE,BRITANNIA,N2,31.05,31.13,31.05,31.09,cm24JAN2022bhav.csv.zip
2022-01-25,INE216A07052,BRITANNIA_2019_8PCT_SECURED_BONUS_DEBENTURE,BRITANNIA,N2,31.1,31.1,31.06,31.07,cm25JAN2022bhav.csv.zip
2022-01-27,INE216A07052,BRITANNIA_2019_8PCT_SECURED_BONUS_DEBENTURE,BRITANNIA,N2,31.08,31.19,31,31.14,cm27JAN2022bhav.csv.zip
2022-01-28,INE216A07052,BRITANNIA_2019_8PCT_SECURED_BONUS_DEBENTURE,BRITANNIA,N2,30.97,31.15,30.97,31.13,cm28JAN2022bhav.csv.zip
2022-01-31,INE216A07052,BRITANNIA_2019_8PCT_SECURED_BONUS_DEBENTURE,BRITANNIA,N2,30.9,31.19,30.9,31.15,cm31JAN2022bhav.csv.zip
2022-02-01,INE216A07052,BRITANNIA_2019_8PCT_SECURED_BONUS_DEBENTURE,BRITANNIA,N2,30.95,31.19,30.95,31.14,cm01FEB2022bhav.csv.zip
2022-02-02,INE216A07052,BRITANNIA_2019_8PCT_SECURED_BONUS_DEBENTURE,BRITANNIA,N2,31.01,31.2,31.01,31.19,cm02FEB2022bhav.csv.zip
2022-02-03,INE216A07052,BRITANNIA_2019_8PCT_SECURED_BONUS_DEBENTURE,BRITANNIA,N2,31.19,33,31.05,31.6,cm03FEB2022bhav.csv.zip
2022-02-04,INE216A07052,BRITANNIA_2019_8PCT_SECURED_BONUS_DEBENTURE,BRITANNIA,N2,31.2,31.28,31.11,31.2,cm04FEB2022bhav.csv.zip
2022-02-07,INE216A07052,BRITANNIA_2019_8PCT_SECURED_BONUS_DEBENTURE,BRITANNIA,N2,31.2,31.49,31.11,31.2,cm07FEB2022bhav.csv.zip
2022-02-08,INE216A07052,BRITANNIA_2019_8PCT_SECURED_BONUS_DEBENTURE,BRITANNIA,N2,31.12,31.2,31.12,31.19,cm08FEB2022bhav.csv.zip
2022-02-09,INE216A07052,BRITANNIA_2019_8PCT_SECURED_BONUS_DEBENTURE,BRITANNIA,N2,31.13,31.25,31.11,31.15,cm09FEB2022bhav.csv.zip
2022-02-10,INE216A07052,BRITANNIA_2019_8PCT_SECURED_BONUS_DEBENTURE,BRITANNIA,N2,31.1,31.89,31.1,31.23,cm10FEB2022bhav.csv.zip
2022-02-11,INE216A07052,BRITANNIA_2019_8PCT_SECURED_BONUS_DEBENTURE,BRITANNIA,N2,31.14,31.16,31.14,31.16,cm11FEB2022bhav.csv.zip
2022-02-14,INE216A07052,BRITANNIA_2019_8PCT_SECURED_BONUS_DEBENTURE,BRITANNIA,N2,31.16,31.27,31.07,31.14,cm14FEB2022bhav.csv.zip
2022-02-15,INE216A07052,BRITANNIA_2019_8PCT_SECURED_BONUS_DEBENTURE,BRITANNIA,N2,31.1,31.27,31.1,31.17,cm15FEB2022bhav.csv.zip
2022-02-16,INE216A07052,BRITANNIA_2019_8PCT_SECURED_BONUS_DEBENTURE,BRITANNIA,N2,31.1,31.39,31.1,31.2,cm16FEB2022bhav.csv.zip
2022-02-17,INE216A07052,BRITANNIA_2019_8PCT_SECURED_BONUS_DEBENTURE,BRITANNIA,N2,31.07,31.27,31.07,31.21,cm17FEB2022bhav.csv.zip
2022-02-18,INE216A07052,BRITANNIA_2019_8PCT_SECURED_BONUS_DEBENTURE,BRITANNIA,N2,31.9,31.9,31.22,31.23,cm18FEB2022bhav.csv.zip
2022-02-21,INE216A07052,BRITANNIA_2019_8PCT_SECURED_BONUS_DEBENTURE,BRITANNIA,N2,31.23,31.69,31.23,31.69,cm21FEB2022bhav.csv.zip
2022-02-22,INE216A07052,BRITANNIA_2019_8PCT_SECURED_BONUS_DEBENTURE,BRITANNIA,N2,31.68,31.68,31.25,31.3,cm22FEB2022bhav.csv.zip
2022-02-23,INE216A07052,BRITANNIA_2019_8PCT_SECURED_BONUS_DEBENTURE,BRITANNIA,N2,31.3,31.37,31.28,31.29,cm23FEB2022bhav.csv.zip
2022-02-24,INE216A07052,BRITANNIA_2019_8PCT_SECURED_BONUS_DEBENTURE,BRITANNIA,N2,31.29,31.49,31.07,31.29,cm24FEB2022bhav.csv.zip
2022-02-25,INE216A07052,BRITANNIA_2019_8PCT_SECURED_BONUS_DEBENTURE,BRITANNIA,N2,31.29,31.48,31.29,31.29,cm25FEB2022bhav.csv.zip
2022-02-28,INE216A07052,BRITANNIA_2019_8PCT_SECURED_BONUS_DEBENTURE,BRITANNIA,N2,31.29,31.52,31.2,31.48,cm28FEB2022bhav.csv.zip
2022-03-02,INE216A07052,BRITANNIA_2019_8PCT_SECURED_BONUS_DEBENTURE,BRITANNIA,N2,31.5,31.5,31.3,31.3,cm02MAR2022bhav.csv.zip
2022-03-03,INE216A07052,BRITANNIA_2019_8PCT_SECURED_BONUS_DEBENTURE,BRITANNIA,N2,31.3,31.45,31.3,31.32,cm03MAR2022bhav.csv.zip
2022-03-04,INE216A07052,BRITANNIA_2019_8PCT_SECURED_BONUS_DEBENTURE,BRITANNIA,N2,31.32,31.33,31.32,31.32,cm04MAR2022bhav.csv.zip
2022-03-07,INE216A07052,BRITANNIA_2019_8PCT_SECURED_BONUS_DEBENTURE,BRITANNIA,N2,31.32,31.85,31.3,31.35,cm07MAR2022bhav.csv.zip
2022-03-08,INE216A07052,BRITANNIA_2019_8PCT_SECURED_BONUS_DEBENTURE,BRITANNIA,N2,31.3,31.35,31.3,31.31,cm08MAR2022bhav.csv.zip
2022-03-09,INE216A07052,BRITANNIA_2019_8PCT_SECURED_BONUS_DEBENTURE,BRITANNIA,N2,31.3,31.46,31.3,31.33,cm09MAR2022bhav.csv.zip
2022-03-10,INE216A07052,BRITANNIA_2019_8PCT_SECURED_BONUS_DEBENTURE,BRITANNIA,N2,31.34,31.4,31.31,31.32,cm10MAR2022bhav.csv.zip
2022-03-11,INE216A07052,BRITANNIA_2019_8PCT_SECURED_BONUS_DEBENTURE,BRITANNIA,N2,31.32,31.33,31,31.27,cm11MAR2022bhav.csv.zip
2022-03-14,INE216A07052,BRITANNIA_2019_8PCT_SECURED_BONUS_DEBENTURE,BRITANNIA,N2,31.13,31.44,31.13,31.31,cm14MAR2022bhav.csv.zip
2022-03-15,INE216A07052,BRITANNIA_2019_8PCT_SECURED_BONUS_DEBENTURE,BRITANNIA,N2,31.36,31.42,31.28,31.32,cm15MAR2022bhav.csv.zip
2022-03-16,INE216A07052,BRITANNIA_2019_8PCT_SECURED_BONUS_DEBENTURE,BRITANNIA,N2,31.32,31.5,31.32,31.43,cm16MAR2022bhav.csv.zip
2022-03-17,INE216A07052,BRITANNIA_2019_8PCT_SECURED_BONUS_DEBENTURE,BRITANNIA,N2,31.49,31.49,31.27,31.49,cm17MAR2022bhav.csv.zip
2022-03-21,INE216A07052,BRITANNIA_2019_8PCT_SECURED_BONUS_DEBENTURE,BRITANNIA,N2,31.49,31.49,31.34,31.39,cm21MAR2022bhav.csv.zip
2022-03-22,INE216A07052,BRITANNIA_2019_8PCT_SECURED_BONUS_DEBENTURE,BRITANNIA,N2,32.75,32.75,31.35,31.4,cm22MAR2022bhav.csv.zip
2022-03-23,INE216A07052,BRITANNIA_2019_8PCT_SECURED_BONUS_DEBENTURE,BRITANNIA,N2,31.35,33,31.35,31.45,cm23MAR2022bhav.csv.zip
2022-03-24,INE216A07052,BRITANNIA_2019_8PCT_SECURED_BONUS_DEBENTURE,BRITANNIA,N2,31.45,31.57,31.45,31.46,cm24MAR2022bhav.csv.zip
2022-03-25,INE216A07052,BRITANNIA_2019_8PCT_SECURED_BONUS_DEBENTURE,BRITANNIA,N2,31.57,31.57,31.43,31.43,cm25MAR2022bhav.csv.zip
2022-03-28,INE216A07052,BRITANNIA_2019_8PCT_SECURED_BONUS_DEBENTURE,BRITANNIA,N2,31.4,31.49,31.4,31.45,cm28MAR2022bhav.csv.zip
2022-03-29,INE216A07052,BRITANNIA_2019_8PCT_SECURED_BONUS_DEBENTURE,BRITANNIA,N2,31.45,31.45,31.42,31.43,cm29MAR2022bhav.csv.zip
2022-03-30,INE216A07052,BRITANNIA_2019_8PCT_SECURED_BONUS_DEBENTURE,BRITANNIA,N2,31.43,31.5,31.43,31.46,cm30MAR2022bhav.csv.zip
2022-03-31,INE216A07052,BRITANNIA_2019_8PCT_SECURED_BONUS_DEBENTURE,BRITANNIA,N2,31.46,31.6,31.46,31.58,cm31MAR2022bhav.csv.zip
2022-04-01,INE216A07052,BRITANNIA_2019_8PCT_SECURED_BONUS_DEBENTURE,BRITANNIA,N2,31.37,31.59,31.37,31.52,cm01APR2022bhav.csv.zip
2022-04-04,INE216A07052,BRITANNIA_2019_8PCT_SECURED_BONUS_DEBENTURE,BRITANNIA,N2,31.41,31.59,31.41,31.52,cm04APR2022bhav.csv.zip
2022-04-05,INE216A07052,BRITANNIA_2019_8PCT_SECURED_BONUS_DEBENTURE,BRITANNIA,N2,31.45,31.55,31.45,31.51,cm05APR2022bhav.csv.zip
2022-04-06,INE216A07052,BRITANNIA_2019_8PCT_SECURED_BONUS_DEBENTURE,BRITANNIA,N2,31.49,31.59,31.49,31.5,cm06APR2022bhav.csv.zip
2022-04-07,INE216A07052,BRITANNIA_2019_8PCT_SECURED_BONUS_DEBENTURE,BRITANNIA,N2,31.48,31.8,31.48,31.57,cm07APR2022bhav.csv.zip
2022-04-08,INE216A07052,BRITANNIA_2019_8PCT_SECURED_BONUS_DEBENTURE,BRITANNIA,N2,31.62,31.75,31.36,31.52,cm08APR2022bhav.csv.zip
2022-04-11,INE216A07052,BRITANNIA_2019_8PCT_SECURED_BONUS_DEBENTURE,BRITANNIA,N2,31.52,31.68,31.52,31.53,cm11APR2022bhav.csv.zip
2022-04-12,INE216A07052,BRITANNIA_2019_8PCT_SECURED_BONUS_DEBENTURE,BRITANNIA,N2,31.7,31.7,31.53,31.63,cm12APR2022bhav.csv.zip
2022-04-13,INE216A07052,BRITANNIA_2019_8PCT_SECURED_BONUS_DEBENTURE,BRITANNIA,N2,31.57,31.63,31.53,31.61,cm13APR2022bhav.csv.zip
2022-04-18,INE216A07052,BRITANNIA_2019_8PCT_SECURED_BONUS_DEBENTURE,BRITANNIA,N2,31.61,31.7,31.53,31.59,cm18APR2022bhav.csv.zip
2022-04-19,INE216A07052,BRITANNIA_2019_8PCT_SECURED_BONUS_DEBENTURE,BRITANNIA,N2,31.54,31.77,31.54,31.6,cm19APR2022bhav.csv.zip
2022-04-20,INE216A07052,BRITANNIA_2019_8PCT_SECURED_BONUS_DEBENTURE,BRITANNIA,N2,31.6,31.75,31.56,31.63,cm20APR2022bhav.csv.zip
2022-04-21,INE216A07052,BRITANNIA_2019_8PCT_SECURED_BONUS_DEBENTURE,BRITANNIA,N2,31.55,31.77,31.55,31.62,cm21APR2022bhav.csv.zip
2022-04-22,INE216A07052,BRITANNIA_2019_8PCT_SECURED_BONUS_DEBENTURE,BRITANNIA,N2,31.62,31.7,31.6,31.7,cm22APR2022bhav.csv.zip
2022-04-25,INE216A07052,BRITANNIA_2019_8PCT_SECURED_BONUS_DEBENTURE,BRITANNIA,N2,31.7,31.7,31.61,31.63,cm25APR2022bhav.csv.zip
2022-04-26,INE216A07052,BRITANNIA_2019_8PCT_SECURED_BONUS_DEBENTURE,BRITANNIA,N2,31.63,31.79,31.56,31.64,cm26APR2022bhav.csv.zip
2022-04-27,INE216A07052,BRITANNIA_2019_8PCT_SECURED_BONUS_DEBENTURE,BRITANNIA,N2,31,31.75,31,31.66,cm27APR2022bhav.csv.zip
2022-04-28,INE216A07052,BRITANNIA_2019_8PCT_SECURED_BONUS_DEBENTURE,BRITANNIA,N2,31.55,32.94,31.55,31.65,cm28APR2022bhav.csv.zip
2022-04-29,INE216A07052,BRITANNIA_2019_8PCT_SECURED_BONUS_DEBENTURE,BRITANNIA,N2,31.65,31.8,31.6,31.64,cm29APR2022bhav.csv.zip
2022-05-02,INE216A07052,BRITANNIA_2019_8PCT_SECURED_BONUS_DEBENTURE,BRITANNIA,N2,31.65,31.85,31.65,31.65,cm02MAY2022bhav.csv.zip
2022-05-04,INE216A07052,BRITANNIA_2019_8PCT_SECURED_BONUS_DEBENTURE,BRITANNIA,N2,31.66,31.75,31.66,31.67,cm04MAY2022bhav.csv.zip
2022-05-05,INE216A07052,BRITANNIA_2019_8PCT_SECURED_BONUS_DEBENTURE,BRITANNIA,N2,31.65,31.7,31.65,31.67,cm05MAY2022bhav.csv.zip
2022-05-06,INE216A07052,BRITANNIA_2019_8PCT_SECURED_BONUS_DEBENTURE,BRITANNIA,N2,31.68,31.85,31.67,31.78,cm06MAY2022bhav.csv.zip
2022-05-09,INE216A07052,BRITANNIA_2019_8PCT_SECURED_BONUS_DEBENTURE,BRITANNIA,N2,31.65,31.75,31.63,31.75,cm09MAY2022bhav.csv.zip
2022-05-10,INE216A07052,BRITANNIA_2019_8PCT_SECURED_BONUS_DEBENTURE,BRITANNIA,N2,32,32,31.66,31.73,cm10MAY2022bhav.csv.zip
2022-05-11,INE216A07052,BRITANNIA_2019_8PCT_SECURED_BONUS_DEBENTURE,BRITANNIA,N2,31.68,31.8,31.68,31.8,cm11MAY2022bhav.csv.zip
2022-05-12,INE216A07052,BRITANNIA_2019_8PCT_SECURED_BONUS_DEBENTURE,BRITANNIA,N2,31.64,31.74,31.64,31.7,cm12MAY2022bhav.csv.zip
2022-05-13,INE216A07052,BRITANNIA_2019_8PCT_SECURED_BONUS_DEBENTURE,BRITANNIA,N2,31.7,31.98,31.64,31.73,cm13MAY2022bhav.csv.zip
2022-05-16,INE216A07052,BRITANNIA_2019_8PCT_SECURED_BONUS_DEBENTURE,BRITANNIA,N2,31.64,32,31.64,31.74,cm16MAY2022bhav.csv.zip
2022-05-17,INE216A07052,BRITANNIA_2019_8PCT_SECURED_BONUS_DEBENTURE,BRITANNIA,N2,31.72,31.88,31.72,31.8,cm17MAY2022bhav.csv.zip
2022-05-18,INE216A07052,BRITANNIA_2019_8PCT_SECURED_BONUS_DEBENTURE,BRITANNIA,N2,31.72,31.9,31.72,31.84,cm18MAY2022bhav.csv.zip
2022-05-19,INE216A07052,BRITANNIA_2019_8PCT_SECURED_BONUS_DEBENTURE,BRITANNIA,N2,31.85,31.89,31.75,31.83,cm19MAY2022bhav.csv.zip
2022-05-20,INE216A07052,BRITANNIA_2019_8PCT_SECURED_BONUS_DEBENTURE,BRITANNIA,N2,31.75,31.97,31.75,31.9,cm20MAY2022bhav.csv.zip
2022-05-23,INE216A07052,BRITANNIA_2019_8PCT_SECURED_BONUS_DEBENTURE,BRITANNIA,N2,31.9,31.9,31.85,31.88,cm23MAY2022bhav.csv.zip
2022-05-24,INE216A07052,BRITANNIA_2019_8PCT_SECURED_BONUS_DEBENTURE,BRITANNIA,N2,31.85,31.9,31.85,31.9,cm24MAY2022bhav.csv.zip
2022-05-25,INE216A07052,BRITANNIA_2019_8PCT_SECURED_BONUS_DEBENTURE,BRITANNIA,N2,31.9,31.9,31.71,31.82,cm25MAY2022bhav.csv.zip
2022-05-26,INE216A07052,BRITANNIA_2019_8PCT_SECURED_BONUS_DEBENTURE,BRITANNIA,N2,31.82,31.82,31.65,31.81,cm26MAY2022bhav.csv.zip
2022-05-27,INE216A07052,BRITANNIA_2019_8PCT_SECURED_BONUS_DEBENTURE,BRITANNIA,N2,31.81,32.01,31.66,31.86,cm27MAY2022bhav.csv.zip
2022-05-30,INE216A07052,BRITANNIA_2019_8PCT_SECURED_BONUS_DEBENTURE,BRITANNIA,N2,31.85,31.95,31.81,31.83,cm30MAY2022bhav.csv.zip
2022-05-31,INE216A07052,BRITANNIA_2019_8PCT_SECURED_BONUS_DEBENTURE,BRITANNIA,N2,31.84,31.96,31.83,31.85,cm31MAY2022bhav.csv.zip
2022-06-01,INE216A07052,BRITANNIA_2019_8PCT_SECURED_BONUS_DEBENTURE,BRITANNIA,N2,31.84,31.95,31.84,31.87,cm01JUN2022bhav.csv.zip
2022-06-02,INE216A07052,BRITANNIA_2019_8PCT_SECURED_BONUS_DEBENTURE,BRITANNIA,N2,31.84,31.93,31.8,31.82,cm02JUN2022bhav.csv.zip
2022-06-03,INE216A07052,BRITANNIA_2019_8PCT_SECURED_BONUS_DEBENTURE,BRITANNIA,N2,31.8,32,31.8,31.83,cm03JUN2022bhav.csv.zip
2022-06-06,INE216A07052,BRITANNIA_2019_8PCT_SECURED_BONUS_DEBENTURE,BRITANNIA,N2,31.83,31.9,31.82,31.86,cm06JUN2022bhav.csv.zip
2022-06-07,INE216A07052,BRITANNIA_2019_8PCT_SECURED_BONUS_DEBENTURE,BRITANNIA,N2,31.99,32.9,31.81,31.83,cm07JUN2022bhav.csv.zip
2022-06-08,INE216A07052,BRITANNIA_2019_8PCT_SECURED_BONUS_DEBENTURE,BRITANNIA,N2,31.83,31.94,31.83,31.93,cm08JUN2022bhav.csv.zip
2022-06-09,INE216A07052,BRITANNIA_2019_8PCT_SECURED_BONUS_DEBENTURE,BRITANNIA,N2,31.81,31.94,31.81,31.86,cm09JUN2022bhav.csv.zip
2022-06-10,INE216A07052,BRITANNIA_2019_8PCT_SECURED_BONUS_DEBENTURE,BRITANNIA,N2,31.82,31.96,31.82,31.9,cm10JUN2022bhav.csv.zip
2022-06-13,INE216A07052,BRITANNIA_2019_8PCT_SECURED_BONUS_DEBENTURE,BRITANNIA,N2,31.87,31.99,31.81,31.9,cm13JUN2022bhav.csv.zip
2022-06-14,INE216A07052,BRITANNIA_2019_8PCT_SECURED_BONUS_DEBENTURE,BRITANNIA,N2,31.81,31.94,31.81,31.86,cm14JUN2022bhav.csv.zip
2022-06-15,INE216A07052,BRITANNIA_2019_8PCT_SECURED_BONUS_DEBENTURE,BRITANNIA,N2,31.86,31.94,31.86,31.9,cm15JUN2022bhav.csv.zip
2022-06-16,INE216A07052,BRITANNIA_2019_8PCT_SECURED_BONUS_DEBENTURE,BRITANNIA,N2,31.84,31.9,31.84,31.89,cm16JUN2022bhav.csv.zip
2022-06-17,INE216A07052,BRITANNIA_2019_8PCT_SECURED_BONUS_DEBENTURE,BRITANNIA,N2,31.87,31.98,31.87,31.97,cm17JUN2022bhav.csv.zip
2022-06-20,INE216A07052,BRITANNIA_2019_8PCT_SECURED_BONUS_DEBENTURE,BRITANNIA,N2,31.97,31.97,31.85,31.93,cm20JUN2022bhav.csv.zip
2022-06-21,INE216A07052,BRITANNIA_2019_8PCT_SECURED_BONUS_DEBENTURE,BRITANNIA,N2,38.31,38.31,31.95,31.95,cm21JUN2022bhav.csv.zip
2022-06-22,INE216A07052,BRITANNIA_2019_8PCT_SECURED_BONUS_DEBENTURE,BRITANNIA,N2,31.93,31.95,31.9,31.92,cm22JUN2022bhav.csv.zip
2022-06-23,INE216A07052,BRITANNIA_2019_8PCT_SECURED_BONUS_DEBENTURE,BRITANNIA,N2,31.92,31.99,31.92,31.93,cm23JUN2022bhav.csv.zip
2022-06-24,INE216A07052,BRITANNIA_2019_8PCT_SECURED_BONUS_DEBENTURE,BRITANNIA,N2,32,32,31.86,31.91,cm24JUN2022bhav.csv.zip
2022-06-27,INE216A07052,BRITANNIA_2019_8PCT_SECURED_BONUS_DEBENTURE,BRITANNIA,N2,31.94,32.2,31.93,31.96,cm27JUN2022bhav.csv.zip
2022-06-28,INE216A07052,BRITANNIA_2019_8PCT_SECURED_BONUS_DEBENTURE,BRITANNIA,N2,31.96,32.39,31.96,32.02,cm28JUN2022bhav.csv.zip
2022-06-29,INE216A07052,BRITANNIA_2019_8PCT_SECURED_BONUS_DEBENTURE,BRITANNIA,N2,32.09,32.09,32,32,cm29JUN2022bhav.csv.zip
2022-06-30,INE216A07052,BRITANNIA_2019_8PCT_SECURED_BONUS_DEBENTURE,BRITANNIA,N2,32.1,32.1,31.97,32.02,cm30JUN2022bhav.csv.zip
2022-07-01,INE216A07052,BRITANNIA_2019_8PCT_SECURED_BONUS_DEBENTURE,BRITANNIA,N2,32.25,32.3,31.9,32,cm01JUL2022bhav.csv.zip
2022-07-04,INE216A07052,BRITANNIA_2019_8PCT_SECURED_BONUS_DEBENTURE,BRITANNIA,N2,32,32.05,31.8,31.92,cm04JUL2022bhav.csv.zip
2022-07-05,INE216A07052,BRITANNIA_2019_8PCT_SECURED_BONUS_DEBENTURE,BRITANNIA,N2,31.92,32.05,31.91,32.05,cm05JUL2022bhav.csv.zip
2022-07-06,INE216A07052,BRITANNIA_2019_8PCT_SECURED_BONUS_DEBENTURE,BRITANNIA,N2,31.92,32.04,31.92,31.99,cm06JUL2022bhav.csv.zip
2022-07-07,INE216A07052,BRITANNIA_2019_8PCT_SECURED_BONUS_DEBENTURE,BRITANNIA,N2,32.01,32.05,32,32.04,cm07JUL2022bhav.csv.zip
2022-07-08,INE216A07052,BRITANNIA_2019_8PCT_SECURED_BONUS_DEBENTURE,BRITANNIA,N2,31.95,32.1,31.95,32.01,cm08JUL2022bhav.csv.zip
2022-07-11,INE216A07052,BRITANNIA_2019_8PCT_SECURED_BONUS_DEBENTURE,BRITANNIA,N2,32,32.1,32,32.04,cm11JUL2022bhav.csv.zip
2022-07-12,INE216A07052,BRITANNIA_2019_8PCT_SECURED_BONUS_DEBENTURE,BRITANNIA,N2,32.04,32.15,32.03,32.03,cm12JUL2022bhav.csv.zip
2022-07-13,INE216A07052,BRITANNIA_2019_8PCT_SECURED_BONUS_DEBENTURE,BRITANNIA,N2,32.03,32.15,32.03,32.05,cm13JUL2022bhav.csv.zip
2022-07-14,INE216A07052,BRITANNIA_2019_8PCT_SECURED_BONUS_DEBENTURE,BRITANNIA,N2,32.18,32.18,32.05,32.05,cm14JUL2022bhav.csv.zip
2022-07-15,INE216A07052,BRITANNIA_2019_8PCT_SECURED_BONUS_DEBENTURE,BRITANNIA,N2,32.05,32.18,32.05,32.07,cm15JUL2022bhav.csv.zip
2022-07-18,INE216A07052,BRITANNIA_2019_8PCT_SECURED_BONUS_DEBENTURE,BRITANNIA,N2,32.1,32.2,32,32.18,cm18JUL2022bhav.csv.zip
2022-07-19,INE216A07052,BRITANNIA_2019_8PCT_SECURED_BONUS_DEBENTURE,BRITANNIA,N2,32.03,32.1,32.03,32.1,cm19JUL2022bhav.csv.zip
2022-07-20,INE216A07052,BRITANNIA_2019_8PCT_SECURED_BONUS_DEBENTURE,BRITANNIA,N2,32.3,32.3,32.11,32.12,cm20JUL2022bhav.csv.zip
2022-07-21,INE216A07052,BRITANNIA_2019_8PCT_SECURED_BONUS_DEBENTURE,BRITANNIA,N2,32.06,32.1,32.06,32.1,cm21JUL2022bhav.csv.zip
2022-07-22,INE216A07052,BRITANNIA_2019_8PCT_SECURED_BONUS_DEBENTURE,BRITANNIA,N2,32.07,32.1,32.07,32.07,cm22JUL2022bhav.csv.zip
2022-07-25,INE216A07052,BRITANNIA_2019_8PCT_SECURED_BONUS_DEBENTURE,BRITANNIA,N2,32,32.45,32,32.1,cm25JUL2022bhav.csv.zip
2022-07-26,INE216A07052,BRITANNIA_2019_8PCT_SECURED_BONUS_DEBENTURE,BRITANNIA,N2,32.4,32.4,32.1,32.15,cm26JUL2022bhav.csv.zip
2022-07-27,INE216A07052,BRITANNIA_2019_8PCT_SECURED_BONUS_DEBENTURE,BRITANNIA,N2,32.15,32.28,32.1,32.12,cm27JUL2022bhav.csv.zip
2022-07-28,INE216A07052,BRITANNIA_2019_8PCT_SECURED_BONUS_DEBENTURE,BRITANNIA,N2,32.12,32.34,31,32.11,cm28JUL2022bhav.csv.zip
2022-07-29,INE216A07052,BRITANNIA_2019_8PCT_SECURED_BONUS_DEBENTURE,BRITANNIA,N2,32.11,32.27,32,32.16,cm29JUL2022bhav.csv.zip
2022-08-01,INE216A07052,BRITANNIA_2019_8PCT_SECURED_BONUS_DEBENTURE,BRITANNIA,N2,31.05,32.28,31.05,32.2,cm01AUG2022bhav.csv.zip
2022-08-02,INE216A07052,BRITANNIA_2019_8PCT_SECURED_BONUS_DEBENTURE,BRITANNIA,N2,32.05,32.28,32.05,32.2,cm02AUG2022bhav.csv.zip
2022-08-03,INE216A07052,BRITANNIA_2019_8PCT_SECURED_BONUS_DEBENTURE,BRITANNIA,N2,32.2,32.34,32.07,32.11,cm03AUG2022bhav.csv.zip
2022-08-04,INE216A07052,BRITANNIA_2019_8PCT_SECURED_BONUS_DEBENTURE,BRITANNIA,N2,32.12,32.32,32.12,32.15,cm04AUG2022bhav.csv.zip
2022-08-05,INE216A07052,BRITANNIA_2019_8PCT_SECURED_BONUS_DEBENTURE,BRITANNIA,N2,32.04,32.28,32.04,32.17,cm05AUG2022bhav.csv.zip
2022-08-08,INE216A07052,BRITANNIA_2019_8PCT_SECURED_BONUS_DEBENTURE,BRITANNIA,N2,32.06,32.2,32.06,32.18,cm08AUG2022bhav.csv.zip
2022-08-10,INE216A07052,BRITANNIA_2019_8PCT_SECURED_BONUS_DEBENTURE,BRITANNIA,N2,32.18,32.2,32.06,32.2,cm10AUG2022bhav.csv.zip
2022-08-11,INE216A07052,BRITANNIA_2019_8PCT_SECURED_BONUS_DEBENTURE,BRITANNIA,N2,32.21,32.3,32.21,32.21,cm11AUG2022bhav.csv.zip
2022-08-12,INE216A07052,BRITANNIA_2019_8PCT_SECURED_BONUS_DEBENTURE,BRITANNIA,N2,32.21,32.3,32.06,32.18,cm12AUG2022bhav.csv.zip
2022-08-16,INE216A07052,BRITANNIA_2019_8PCT_SECURED_BONUS_DEBENTURE,BRITANNIA,N2,32.1,32.4,32.1,32.28,cm16AUG2022bhav.csv.zip
2022-08-17,INE216A07052,BRITANNIA_2019_8PCT_SECURED_BONUS_DEBENTURE,BRITANNIA,N2,32.28,32.32,31.55,32.2,cm17AUG2022bhav.csv.zip
2022-08-18,INE216A07052,BRITANNIA_2019_8PCT_SECURED_BONUS_DEBENTURE,BRITANNIA,N2,32.2,32.2,30.9,32.05,cm18AUG2022bhav.csv.zip
2021-07-20,INE216A08027,BRITANNIA_2021_5PCT5_UNSECURED_BONUS_DEBENTURE,BRITANNIA,N3,29.22,30,29,29.25,cm20JUL2021bhav.csv.zip
2021-07-22,INE216A08027,BRITANNIA_2021_5PCT5_UNSECURED_BONUS_DEBENTURE,BRITANNIA,N3,30.5,30.5,29.05,29.26,cm22JUL2021bhav.csv.zip
2021-07-23,INE216A08027,BRITANNIA_2021_5PCT5_UNSECURED_BONUS_DEBENTURE,BRITANNIA,N3,29,30.5,29,29.28,cm23JUL2021bhav.csv.zip
2021-07-26,INE216A08027,BRITANNIA_2021_5PCT5_UNSECURED_BONUS_DEBENTURE,BRITANNIA,N3,29.4,29.4,29.27,29.29,cm26JUL2021bhav.csv.zip
2021-07-27,INE216A08027,BRITANNIA_2021_5PCT5_UNSECURED_BONUS_DEBENTURE,BRITANNIA,N3,29.9,29.9,29.15,29.29,cm27JUL2021bhav.csv.zip
2021-07-28,INE216A08027,BRITANNIA_2021_5PCT5_UNSECURED_BONUS_DEBENTURE,BRITANNIA,N3,29.06,29.7,29.06,29.37,cm28JUL2021bhav.csv.zip
2021-07-29,INE216A08027,BRITANNIA_2021_5PCT5_UNSECURED_BONUS_DEBENTURE,BRITANNIA,N3,29.06,29.4,29.06,29.32,cm29JUL2021bhav.csv.zip
2021-07-30,INE216A08027,BRITANNIA_2021_5PCT5_UNSECURED_BONUS_DEBENTURE,BRITANNIA,N3,29.31,29.4,29.31,29.32,cm30JUL2021bhav.csv.zip
2021-08-02,INE216A08027,BRITANNIA_2021_5PCT5_UNSECURED_BONUS_DEBENTURE,BRITANNIA,N3,29.32,29.55,29.06,29.33,cm02AUG2021bhav.csv.zip
2021-08-03,INE216A08027,BRITANNIA_2021_5PCT5_UNSECURED_BONUS_DEBENTURE,BRITANNIA,N3,29.27,29.4,29.27,29.37,cm03AUG2021bhav.csv.zip
2021-08-04,INE216A08027,BRITANNIA_2021_5PCT5_UNSECURED_BONUS_DEBENTURE,BRITANNIA,N3,29.25,29.45,29.24,29.4,cm04AUG2021bhav.csv.zip
2021-08-05,INE216A08027,BRITANNIA_2021_5PCT5_UNSECURED_BONUS_DEBENTURE,BRITANNIA,N3,29.4,29.5,29.39,29.4,cm05AUG2021bhav.csv.zip
2021-08-06,INE216A08027,BRITANNIA_2021_5PCT5_UNSECURED_BONUS_DEBENTURE,BRITANNIA,N3,29.4,30.15,29.4,29.48,cm06AUG2021bhav.csv.zip
2021-08-09,INE216A08027,BRITANNIA_2021_5PCT5_UNSECURED_BONUS_DEBENTURE,BRITANNIA,N3,29.32,29.6,29.32,29.4,cm09AUG2021bhav.csv.zip
2021-08-10,INE216A08027,BRITANNIA_2021_5PCT5_UNSECURED_BONUS_DEBENTURE,BRITANNIA,N3,29.4,29.5,29.32,29.41,cm10AUG2021bhav.csv.zip
2021-08-11,INE216A08027,BRITANNIA_2021_5PCT5_UNSECURED_BONUS_DEBENTURE,BRITANNIA,N3,29.41,30,29.38,29.4,cm11AUG2021bhav.csv.zip
2021-08-12,INE216A08027,BRITANNIA_2021_5PCT5_UNSECURED_BONUS_DEBENTURE,BRITANNIA,N3,29.39,29.5,29.39,29.41,cm12AUG2021bhav.csv.zip
2021-08-13,INE216A08027,BRITANNIA_2021_5PCT5_UNSECURED_BONUS_DEBENTURE,BRITANNIA,N3,29.4,29.51,29.39,29.42,cm13AUG2021bhav.csv.zip
2021-08-16,INE216A08027,BRITANNIA_2021_5PCT5_UNSECURED_BONUS_DEBENTURE,BRITANNIA,N3,29.42,29.45,29.4,29.42,cm16AUG2021bhav.csv.zip
2021-08-17,INE216A08027,BRITANNIA_2021_5PCT5_UNSECURED_BONUS_DEBENTURE,BRITANNIA,N3,29.37,29.5,29.37,29.43,cm17AUG2021bhav.csv.zip
2021-08-18,INE216A08027,BRITANNIA_2021_5PCT5_UNSECURED_BONUS_DEBENTURE,BRITANNIA,N3,29.4,29.53,29.37,29.43,cm18AUG2021bhav.csv.zip
2021-08-20,INE216A08027,BRITANNIA_2021_5PCT5_UNSECURED_BONUS_DEBENTURE,BRITANNIA,N3,29.4,29.7,29.38,29.47,cm20AUG2021bhav.csv.zip
2021-08-23,INE216A08027,BRITANNIA_2021_5PCT5_UNSECURED_BONUS_DEBENTURE,BRITANNIA,N3,29.16,29.7,29.16,29.45,cm23AUG2021bhav.csv.zip
2021-08-24,INE216A08027,BRITANNIA_2021_5PCT5_UNSECURED_BONUS_DEBENTURE,BRITANNIA,N3,29.47,30,29.43,29.46,cm24AUG2021bhav.csv.zip
2021-08-25,INE216A08027,BRITANNIA_2021_5PCT5_UNSECURED_BONUS_DEBENTURE,BRITANNIA,N3,29.19,29.65,29.19,29.5,cm25AUG2021bhav.csv.zip
2021-08-26,INE216A08027,BRITANNIA_2021_5PCT5_UNSECURED_BONUS_DEBENTURE,BRITANNIA,N3,29.45,29.75,29.45,29.47,cm26AUG2021bhav.csv.zip
2021-08-27,INE216A08027,BRITANNIA_2021_5PCT5_UNSECURED_BONUS_DEBENTURE,BRITANNIA,N3,29.38,29.59,29.38,29.5,cm27AUG2021bhav.csv.zip
2021-08-30,INE216A08027,BRITANNIA_2021_5PCT5_UNSECURED_BONUS_DEBENTURE,BRITANNIA,N3,29.47,29.69,29.47,29.5,cm30AUG2021bhav.csv.zip
2021-08-31,INE216A08027,BRITANNIA_2021_5PCT5_UNSECURED_BONUS_DEBENTURE,BRITANNIA,N3,29.5,29.66,29.48,29.58,cm31AUG2021bhav.csv.zip
2021-09-01,INE216A08027,BRITANNIA_2021_5PCT5_UNSECURED_BONUS_DEBENTURE,BRITANNIA,N3,29.49,29.68,29.47,29.57,cm01SEP2021bhav.csv.zip
2021-09-02,INE216A08027,BRITANNIA_2021_5PCT5_UNSECURED_BONUS_DEBENTURE,BRITANNIA,N3,30.5,30.5,29.56,29.61,cm02SEP2021bhav.csv.zip
2021-09-03,INE216A08027,BRITANNIA_2021_5PCT5_UNSECURED_BONUS_DEBENTURE,BRITANNIA,N3,29.62,30,29.57,29.62,cm03SEP2021bhav.csv.zip
2021-09-06,INE216A08027,BRITANNIA_2021_5PCT5_UNSECURED_BONUS_DEBENTURE,BRITANNIA,N3,29.47,29.89,29.47,29.62,cm06SEP2021bhav.csv.zip
2021-09-07,INE216A08027,BRITANNIA_2021_5PCT5_UNSECURED_BONUS_DEBENTURE,BRITANNIA,N3,29.5,29.73,29.5,29.6,cm07SEP2021bhav.csv.zip
2021-09-08,INE216A08027,BRITANNIA_2021_5PCT5_UNSECURED_BONUS_DEBENTURE,BRITANNIA,N3,29.45,29.71,29.45,29.63,cm08SEP2021bhav.csv.zip
2021-09-09,INE216A08027,BRITANNIA_2021_5PCT5_UNSECURED_BONUS_DEBENTURE,BRITANNIA,N3,29.63,29.99,29.6,29.61,cm09SEP2021bhav.csv.zip
2021-09-13,INE216A08027,BRITANNIA_2021_5PCT5_UNSECURED_BONUS_DEBENTURE,BRITANNIA,N3,29.61,29.65,29.55,29.6,cm13SEP2021bhav.csv.zip
2021-09-14,INE216A08027,BRITANNIA_2021_5PCT5_UNSECURED_BONUS_DEBENTURE,BRITANNIA,N3,29.6,29.8,29.6,29.65,cm14SEP2021bhav.csv.zip
2021-09-15,INE216A08027,BRITANNIA_2021_5PCT5_UNSECURED_BONUS_DEBENTURE,BRITANNIA,N3,29.6,29.68,29.6,29.62,cm15SEP2021bhav.csv.zip
2021-09-16,INE216A08027,BRITANNIA_2021_5PCT5_UNSECURED_BONUS_DEBENTURE,BRITANNIA,N3,29.62,29.68,29.62,29.64,cm16SEP2021bhav.csv.zip
2021-09-17,INE216A08027,BRITANNIA_2021_5PCT5_UNSECURED_BONUS_DEBENTURE,BRITANNIA,N3,25.15,29.7,25.15,29.65,cm17SEP2021bhav.csv.zip
2021-09-20,INE216A08027,BRITANNIA_2021_5PCT5_UNSECURED_BONUS_DEBENTURE,BRITANNIA,N3,29.65,29.7,29.63,29.67,cm20SEP2021bhav.csv.zip
2021-09-21,INE216A08027,BRITANNIA_2021_5PCT5_UNSECURED_BONUS_DEBENTURE,BRITANNIA,N3,29.67,29.7,29.45,29.63,cm21SEP2021bhav.csv.zip
2021-09-22,INE216A08027,BRITANNIA_2021_5PCT5_UNSECURED_BONUS_DEBENTURE,BRITANNIA,N3,29.63,29.7,29.63,29.65,cm22SEP2021bhav.csv.zip
2021-09-23,INE216A08027,BRITANNIA_2021_5PCT5_UNSECURED_BONUS_DEBENTURE,BRITANNIA,N3,29.45,29.7,29.45,29.63,cm23SEP2021bhav.csv.zip
2021-09-24,INE216A08027,BRITANNIA_2021_5PCT5_UNSECURED_BONUS_DEBENTURE,BRITANNIA,N3,29.65,29.7,29.63,29.63,cm24SEP2021bhav.csv.zip
2021-09-27,INE216A08027,BRITANNIA_2021_5PCT5_UNSECURED_BONUS_DEBENTURE,BRITANNIA,N3,29.61,29.65,29.57,29.57,cm27SEP2021bhav.csv.zip
2021-09-28,INE216A08027,BRITANNIA_2021_5PCT5_UNSECURED_BONUS_DEBENTURE,BRITANNIA,N3,29.57,29.7,28.45,29.61,cm28SEP2021bhav.csv.zip
2021-09-29,INE216A08027,BRITANNIA_2021_5PCT5_UNSECURED_BONUS_DEBENTURE,BRITANNIA,N3,29.58,29.58,29.05,29.5,cm29SEP2021bhav.csv.zip
2021-09-30,INE216A08027,BRITANNIA_2021_5PCT5_UNSECURED_BONUS_DEBENTURE,BRITANNIA,N3,29.5,29.7,29.45,29.5,cm30SEP2021bhav.csv.zip
2021-10-01,INE216A08027,BRITANNIA_2021_5PCT5_UNSECURED_BONUS_DEBENTURE,BRITANNIA,N3,29.5,29.65,29.11,29.51,cm01OCT2021bhav.csv.zip
2021-10-04,INE216A08027,BRITANNIA_2021_5PCT5_UNSECURED_BONUS_DEBENTURE,BRITANNIA,N3,30,30,29.4,29.44,cm04OCT2021bhav.csv.zip
2021-10-05,INE216A08027,BRITANNIA_2021_5PCT5_UNSECURED_BONUS_DEBENTURE,BRITANNIA,N3,29.44,29.75,29.4,29.49,cm05OCT2021bhav.csv.zip
2021-10-06,INE216A08027,BRITANNIA_2021_5PCT5_UNSECURED_BONUS_DEBENTURE,BRITANNIA,N3,29.4,29.64,29.4,29.49,cm06OCT2021bhav.csv.zip
2021-10-07,INE216A08027,BRITANNIA_2021_5PCT5_UNSECURED_BONUS_DEBENTURE,BRITANNIA,N3,29.43,29.65,29.05,29.52,cm07OCT2021bhav.csv.zip
2021-10-08,INE216A08027,BRITANNIA_2021_5PCT5_UNSECURED_BONUS_DEBENTURE,BRITANNIA,N3,29.26,29.7,29.26,29.46,cm08OCT2021bhav.csv.zip
2021-10-11,INE216A08027,BRITANNIA_2021_5PCT5_UNSECURED_BONUS_DEBENTURE,BRITANNIA,N3,29.46,29.5,29.32,29.47,cm11OCT2021bhav.csv.zip
2021-10-12,INE216A08027,BRITANNIA_2021_5PCT5_UNSECURED_BONUS_DEBENTURE,BRITANNIA,N3,30.15,30.15,29.35,29.49,cm12OCT2021bhav.csv.zip
2021-10-13,INE216A08027,BRITANNIA_2021_5PCT5_UNSECURED_BONUS_DEBENTURE,BRITANNIA,N3,29.36,29.7,29.36,29.52,cm13OCT2021bhav.csv.zip
2021-10-14,INE216A08027,BRITANNIA_2021_5PCT5_UNSECURED_BONUS_DEBENTURE,BRITANNIA,N3,29.48,29.6,29.43,29.51,cm14OCT2021bhav.csv.zip
2021-10-18,INE216A08027,BRITANNIA_2021_5PCT5_UNSECURED_BONUS_DEBENTURE,BRITANNIA,N3,29.51,29.7,29.47,29.51,cm18OCT2021bhav.csv.zip
2021-10-19,INE216A08027,BRITANNIA_2021_5PCT5_UNSECURED_BONUS_DEBENTURE,BRITANNIA,N3,29.51,29.69,29.38,29.45,cm19OCT2021bhav.csv.zip
2021-10-20,INE216A08027,BRITANNIA_2021_5PCT5_UNSECURED_BONUS_DEBENTURE,BRITANNIA,N3,29.45,29.47,29.35,29.44,cm20OCT2021bhav.csv.zip
2021-10-21,INE216A08027,BRITANNIA_2021_5PCT5_UNSECURED_BONUS_DEBENTURE,BRITANNIA,N3,29.35,29.69,29.35,29.46,cm21OCT2021bhav.csv.zip
2021-10-22,INE216A08027,BRITANNIA_2021_5PCT5_UNSECURED_BONUS_DEBENTURE,BRITANNIA,N3,29,29.5,29,29.47,cm22OCT2021bhav.csv.zip
2021-10-25,INE216A08027,BRITANNIA_2021_5PCT5_UNSECURED_BONUS_DEBENTURE,BRITANNIA,N3,29.4,29.5,29.4,29.43,cm25OCT2021bhav.csv.zip
2021-10-26,INE216A08027,BRITANNIA_2021_5PCT5_UNSECURED_BONUS_DEBENTURE,BRITANNIA,N3,29.49,29.65,29.3,29.45,cm26OCT2021bhav.csv.zip
2021-10-27,INE216A08027,BRITANNIA_2021_5PCT5_UNSECURED_BONUS_DEBENTURE,BRITANNIA,N3,29.45,29.6,29.31,29.46,cm27OCT2021bhav.csv.zip
2021-10-28,INE216A08027,BRITANNIA_2021_5PCT5_UNSECURED_BONUS_DEBENTURE,BRITANNIA,N3,29.35,29.6,29.35,29.46,cm28OCT2021bhav.csv.zip
2021-10-29,INE216A08027,BRITANNIA_2021_5PCT5_UNSECURED_BONUS_DEBENTURE,BRITANNIA,N3,29.45,29.6,29.12,29.48,cm29OCT2021bhav.csv.zip
2021-11-01,INE216A08027,BRITANNIA_2021_5PCT5_UNSECURED_BONUS_DEBENTURE,BRITANNIA,N3,29.4,29.69,29,29.46,cm01NOV2021bhav.csv.zip
2021-11-02,INE216A08027,BRITANNIA_2021_5PCT5_UNSECURED_BONUS_DEBENTURE,BRITANNIA,N3,29.21,29.7,29.21,29.46,cm02NOV2021bhav.csv.zip
2021-11-03,INE216A08027,BRITANNIA_2021_5PCT5_UNSECURED_BONUS_DEBENTURE,BRITANNIA,N3,29.46,29.59,29.28,29.41,cm03NOV2021bhav.csv.zip
2021-11-04,INE216A08027,BRITANNIA_2021_5PCT5_UNSECURED_BONUS_DEBENTURE,BRITANNIA,N3,29.41,29.95,29.11,29.45,cm04NOV2021bhav.csv.zip
2021-11-08,INE216A08027,BRITANNIA_2021_5PCT5_UNSECURED_BONUS_DEBENTURE,BRITANNIA,N3,29.4,29.65,29.4,29.45,cm08NOV2021bhav.csv.zip
2021-11-09,INE216A08027,BRITANNIA_2021_5PCT5_UNSECURED_BONUS_DEBENTURE,BRITANNIA,N3,29.45,29.58,29.05,29.52,cm09NOV2021bhav.csv.zip
2021-11-10,INE216A08027,BRITANNIA_2021_5PCT5_UNSECURED_BONUS_DEBENTURE,BRITANNIA,N3,29.52,29.7,29.52,29.64,cm10NOV2021bhav.csv.zip
2021-11-11,INE216A08027,BRITANNIA_2021_5PCT5_UNSECURED_BONUS_DEBENTURE,BRITANNIA,N3,29.52,29.75,29.52,29.64,cm11NOV2021bhav.csv.zip
2021-11-12,INE216A08027,BRITANNIA_2021_5PCT5_UNSECURED_BONUS_DEBENTURE,BRITANNIA,N3,29.64,29.82,29.55,29.69,cm12NOV2021bhav.csv.zip
2021-11-15,INE216A08027,BRITANNIA_2021_5PCT5_UNSECURED_BONUS_DEBENTURE,BRITANNIA,N3,29.54,29.75,29.54,29.7,cm15NOV2021bhav.csv.zip
2021-11-16,INE216A08027,BRITANNIA_2021_5PCT5_UNSECURED_BONUS_DEBENTURE,BRITANNIA,N3,29.56,29.82,29.56,29.72,cm16NOV2021bhav.csv.zip
2021-11-17,INE216A08027,BRITANNIA_2021_5PCT5_UNSECURED_BONUS_DEBENTURE,BRITANNIA,N3,29.9,29.9,29.57,29.75,cm17NOV2021bhav.csv.zip
2021-11-18,INE216A08027,BRITANNIA_2021_5PCT5_UNSECURED_BONUS_DEBENTURE,BRITANNIA,N3,29.58,29.82,29.58,29.72,cm18NOV2021bhav.csv.zip
2021-11-22,INE216A08027,BRITANNIA_2021_5PCT5_UNSECURED_BONUS_DEBENTURE,BRITANNIA,N3,29.25,29.8,29.25,29.77,cm22NOV2021bhav.csv.zip
2021-11-23,INE216A08027,BRITANNIA_2021_5PCT5_UNSECURED_BONUS_DEBENTURE,BRITANNIA,N3,29.6,29.77,29.6,29.75,cm23NOV2021bhav.csv.zip
2021-11-24,INE216A08027,BRITANNIA_2021_5PCT5_UNSECURED_BONUS_DEBENTURE,BRITANNIA,N3,29.75,29.8,29.63,29.67,cm24NOV2021bhav.csv.zip
2021-11-25,INE216A08027,BRITANNIA_2021_5PCT5_UNSECURED_BONUS_DEBENTURE,BRITANNIA,N3,29.63,29.81,29.63,29.65,cm25NOV2021bhav.csv.zip
2021-11-26,INE216A08027,BRITANNIA_2021_5PCT5_UNSECURED_BONUS_DEBENTURE,BRITANNIA,N3,29.63,29.8,29.63,29.68,cm26NOV2021bhav.csv.zip
2021-11-29,INE216A08027,BRITANNIA_2021_5PCT5_UNSECURED_BONUS_DEBENTURE,BRITANNIA,N3,29.68,29.7,29.26,29.69,cm29NOV2021bhav.csv.zip
2021-11-30,INE216A08027,BRITANNIA_2021_5PCT5_UNSECURED_BONUS_DEBENTURE,BRITANNIA,N3,29.31,29.79,29.31,29.45,cm30NOV2021bhav.csv.zip
2021-12-01,INE216A08027,BRITANNIA_2021_5PCT5_UNSECURED_BONUS_DEBENTURE,BRITANNIA,N3,29.45,29.8,29.45,29.57,cm01DEC2021bhav.csv.zip
2021-12-02,INE216A08027,BRITANNIA_2021_5PCT5_UNSECURED_BONUS_DEBENTURE,BRITANNIA,N3,29.25,30.1,29.25,29.97,cm02DEC2021bhav.csv.zip
2021-12-03,INE216A08027,BRITANNIA_2021_5PCT5_UNSECURED_BONUS_DEBENTURE,BRITANNIA,N3,29.41,29.84,29.4,29.55,cm03DEC2021bhav.csv.zip
2021-12-06,INE216A08027,BRITANNIA_2021_5PCT5_UNSECURED_BONUS_DEBENTURE,BRITANNIA,N3,29.55,29.85,29.35,29.66,cm06DEC2021bhav.csv.zip
2021-12-07,INE216A08027,BRITANNIA_2021_5PCT5_UNSECURED_BONUS_DEBENTURE,BRITANNIA,N3,29.41,29.75,29.36,29.57,cm07DEC2021bhav.csv.zip
2021-12-08,INE216A08027,BRITANNIA_2021_5PCT5_UNSECURED_BONUS_DEBENTURE,BRITANNIA,N3,29.5,29.84,29.36,29.68,cm08DEC2021bhav.csv.zip
2021-12-09,INE216A08027,BRITANNIA_2021_5PCT5_UNSECURED_BONUS_DEBENTURE,BRITANNIA,N3,29.68,29.84,29.41,29.73,cm09DEC2021bhav.csv.zip
2021-12-10,INE216A08027,BRITANNIA_2021_5PCT5_UNSECURED_BONUS_DEBENTURE,BRITANNIA,N3,30,30,29.4,29.58,cm10DEC2021bhav.csv.zip
2021-12-13,INE216A08027,BRITANNIA_2021_5PCT5_UNSECURED_BONUS_DEBENTURE,BRITANNIA,N3,29.41,29.83,29.41,29.53,cm13DEC2021bhav.csv.zip
2021-12-14,INE216A08027,BRITANNIA_2021_5PCT5_UNSECURED_BONUS_DEBENTURE,BRITANNIA,N3,29.4,29.8,29.4,29.55,cm14DEC2021bhav.csv.zip
2021-12-15,INE216A08027,BRITANNIA_2021_5PCT5_UNSECURED_BONUS_DEBENTURE,BRITANNIA,N3,29.55,29.8,29.36,29.51,cm15DEC2021bhav.csv.zip
2021-12-16,INE216A08027,BRITANNIA_2021_5PCT5_UNSECURED_BONUS_DEBENTURE,BRITANNIA,N3,29.51,29.8,29.43,29.76,cm16DEC2021bhav.csv.zip
2021-12-17,INE216A08027,BRITANNIA_2021_5PCT5_UNSECURED_BONUS_DEBENTURE,BRITANNIA,N3,29.51,29.84,29.41,29.51,cm17DEC2021bhav.csv.zip
2021-12-20,INE216A08027,BRITANNIA_2021_5PCT5_UNSECURED_BONUS_DEBENTURE,BRITANNIA,N3,29.5,29.83,29.37,29.67,cm20DEC2021bhav.csv.zip
2021-12-21,INE216A08027,BRITANNIA_2021_5PCT5_UNSECURED_BONUS_DEBENTURE,BRITANNIA,N3,29.5,29.94,29.44,29.55,cm21DEC2021bhav.csv.zip
2021-12-22,INE216A08027,BRITANNIA_2021_5PCT5_UNSECURED_BONUS_DEBENTURE,BRITANNIA,N3,29.3,29.8,29.3,29.59,cm22DEC2021bhav.csv.zip
2021-12-23,INE216A08027,BRITANNIA_2021_5PCT5_UNSECURED_BONUS_DEBENTURE,BRITANNIA,N3,29.36,29.71,29.36,29.54,cm23DEC2021bhav.csv.zip
2021-12-24,INE216A08027,BRITANNIA_2021_5PCT5_UNSECURED_BONUS_DEBENTURE,BRITANNIA,N3,29.11,29.79,25.15,29.59,cm24DEC2021bhav.csv.zip
2021-12-27,INE216A08027,BRITANNIA_2021_5PCT5_UNSECURED_BONUS_DEBENTURE,BRITANNIA,N3,29.39,29.68,29.39,29.5,cm27DEC2021bhav.csv.zip
2021-12-28,INE216A08027,BRITANNIA_2021_5PCT5_UNSECURED_BONUS_DEBENTURE,BRITANNIA,N3,29.84,29.84,29.35,29.58,cm28DEC2021bhav.csv.zip
2021-12-29,INE216A08027,BRITANNIA_2021_5PCT5_UNSECURED_BONUS_DEBENTURE,BRITANNIA,N3,29.38,29.79,29.38,29.53,cm29DEC2021bhav.csv.zip
2021-12-30,INE216A08027,BRITANNIA_2021_5PCT5_UNSECURED_BONUS_DEBENTURE,BRITANNIA,N3,29.33,29.95,29.32,29.56,cm30DEC2021bhav.csv.zip
2021-12-31,INE216A08027,BRITANNIA_2021_5PCT5_UNSECURED_BONUS_DEBENTURE,BRITANNIA,N3,29.36,29.7,29.36,29.55,cm31DEC2021bhav.csv.zip
2022-01-03,INE216A08027,BRITANNIA_2021_5PCT5_UNSECURED_BONUS_DEBENTURE,BRITANNIA,N3,29.36,29.65,29.36,29.6,cm03JAN2022bhav.csv.zip
2022-01-04,INE216A08027,BRITANNIA_2021_5PCT5_UNSECURED_BONUS_DEBENTURE,BRITANNIA,N3,29.03,29.85,29.03,29.57,cm04JAN2022bhav.csv.zip
2022-01-05,INE216A08027,BRITANNIA_2021_5PCT5_UNSECURED_BONUS_DEBENTURE,BRITANNIA,N3,29.56,29.8,29.46,29.51,cm05JAN2022bhav.csv.zip
2022-01-06,INE216A08027,BRITANNIA_2021_5PCT5_UNSECURED_BONUS_DEBENTURE,BRITANNIA,N3,29.51,29.8,29.41,29.6,cm06JAN2022bhav.csv.zip
2022-01-07,INE216A08027,BRITANNIA_2021_5PCT5_UNSECURED_BONUS_DEBENTURE,BRITANNIA,N3,29,29.8,29,29.58,cm07JAN2022bhav.csv.zip
2022-01-10,INE216A08027,BRITANNIA_2021_5PCT5_UNSECURED_BONUS_DEBENTURE,BRITANNIA,N3,29,29.58,29,29.56,cm10JAN2022bhav.csv.zip
2022-01-11,INE216A08027,BRITANNIA_2021_5PCT5_UNSECURED_BONUS_DEBENTURE,BRITANNIA,N3,29.41,29.54,29.41,29.51,cm11JAN2022bhav.csv.zip
2022-01-12,INE216A08027,BRITANNIA_2021_5PCT5_UNSECURED_BONUS_DEBENTURE,BRITANNIA,N3,29.47,29.72,29.38,29.53,cm12JAN2022bhav.csv.zip
2022-01-13,INE216A08027,BRITANNIA_2021_5PCT5_UNSECURED_BONUS_DEBENTURE,BRITANNIA,N3,29.35,29.7,29.35,29.6,cm13JAN2022bhav.csv.zip
2022-01-14,INE216A08027,BRITANNIA_2021_5PCT5_UNSECURED_BONUS_DEBENTURE,BRITANNIA,N3,29.5,29.71,29.46,29.56,cm14JAN2022bhav.csv.zip
2022-01-17,INE216A08027,BRITANNIA_2021_5PCT5_UNSECURED_BONUS_DEBENTURE,BRITANNIA,N3,29.56,29.69,29.41,29.52,cm17JAN2022bhav.csv.zip
2022-01-18,INE216A08027,BRITANNIA_2021_5PCT5_UNSECURED_BONUS_DEBENTURE,BRITANNIA,N3,29.52,29.65,29.45,29.53,cm18JAN2022bhav.csv.zip
2022-01-19,INE216A08027,BRITANNIA_2021_5PCT5_UNSECURED_BONUS_DEBENTURE,BRITANNIA,N3,29.48,29.69,29.48,29.52,cm19JAN2022bhav.csv.zip
2022-01-20,INE216A08027,BRITANNIA_2021_5PCT5_UNSECURED_BONUS_DEBENTURE,BRITANNIA,N3,29.5,29.6,29.47,29.47,cm20JAN2022bhav.csv.zip
2022-01-21,INE216A08027,BRITANNIA_2021_5PCT5_UNSECURED_BONUS_DEBENTURE,BRITANNIA,N3,29.45,29.68,29.45,29.54,cm21JAN2022bhav.csv.zip
2022-01-24,INE216A08027,BRITANNIA_2021_5PCT5_UNSECURED_BONUS_DEBENTURE,BRITANNIA,N3,29.44,29.6,29.44,29.52,cm24JAN2022bhav.csv.zip
2022-01-25,INE216A08027,BRITANNIA_2021_5PCT5_UNSECURED_BONUS_DEBENTURE,BRITANNIA,N3,29.52,29.59,29.43,29.51,cm25JAN2022bhav.csv.zip
2022-01-27,INE216A08027,BRITANNIA_2021_5PCT5_UNSECURED_BONUS_DEBENTURE,BRITANNIA,N3,29.42,29.67,29.42,29.47,cm27JAN2022bhav.csv.zip
2022-01-28,INE216A08027,BRITANNIA_2021_5PCT5_UNSECURED_BONUS_DEBENTURE,BRITANNIA,N3,29.47,29.67,29.42,29.48,cm28JAN2022bhav.csv.zip
2022-01-31,INE216A08027,BRITANNIA_2021_5PCT5_UNSECURED_BONUS_DEBENTURE,BRITANNIA,N3,29.25,29.57,29.25,29.49,cm31JAN2022bhav.csv.zip
2022-02-01,INE216A08027,BRITANNIA_2021_5PCT5_UNSECURED_BONUS_DEBENTURE,BRITANNIA,N3,29.49,29.6,29.45,29.52,cm01FEB2022bhav.csv.zip
2022-02-02,INE216A08027,BRITANNIA_2021_5PCT5_UNSECURED_BONUS_DEBENTURE,BRITANNIA,N3,29.3,29.64,29.3,29.51,cm02FEB2022bhav.csv.zip
2022-02-03,INE216A08027,BRITANNIA_2021_5PCT5_UNSECURED_BONUS_DEBENTURE,BRITANNIA,N3,29.42,29.63,29.42,29.62,cm03FEB2022bhav.csv.zip
2022-02-04,INE216A08027,BRITANNIA_2021_5PCT5_UNSECURED_BONUS_DEBENTURE,BRITANNIA,N3,29.25,29.74,29.25,29.5,cm04FEB2022bhav.csv.zip
2022-02-07,INE216A08027,BRITANNIA_2021_5PCT5_UNSECURED_BONUS_DEBENTURE,BRITANNIA,N3,29.33,29.5,29.33,29.44,cm07FEB2022bhav.csv.zip
2022-02-08,INE216A08027,BRITANNIA_2021_5PCT5_UNSECURED_BONUS_DEBENTURE,BRITANNIA,N3,29.4,29.94,29.32,29.47,cm08FEB2022bhav.csv.zip
2022-02-09,INE216A08027,BRITANNIA_2021_5PCT5_UNSECURED_BONUS_DEBENTURE,BRITANNIA,N3,29.31,29.7,29.31,29.42,cm09FEB2022bhav.csv.zip
2022-02-10,INE216A08027,BRITANNIA_2021_5PCT5_UNSECURED_BONUS_DEBENTURE,BRITANNIA,N3,29.43,29.64,29.41,29.45,cm10FEB2022bhav.csv.zip
2022-02-11,INE216A08027,BRITANNIA_2021_5PCT5_UNSECURED_BONUS_DEBENTURE,BRITANNIA,N3,29.29,29.7,29.25,29.36,cm11FEB2022bhav.csv.zip
2022-02-14,INE216A08027,BRITANNIA_2021_5PCT5_UNSECURED_BONUS_DEBENTURE,BRITANNIA,N3,29.35,29.67,29.35,29.4,cm14FEB2022bhav.csv.zip
2022-02-15,INE216A08027,BRITANNIA_2021_5PCT5_UNSECURED_BONUS_DEBENTURE,BRITANNIA,N3,29.26,29.5,29.26,29.3,cm15FEB2022bhav.csv.zip
2022-02-16,INE216A08027,BRITANNIA_2021_5PCT5_UNSECURED_BONUS_DEBENTURE,BRITANNIA,N3,29.3,29.69,29.3,29.46,cm16FEB2022bhav.csv.zip
2022-02-17,INE216A08027,BRITANNIA_2021_5PCT5_UNSECURED_BONUS_DEBENTURE,BRITANNIA,N3,29.82,29.82,29.35,29.49,cm17FEB2022bhav.csv.zip
2022-02-18,INE216A08027,BRITANNIA_2021_5PCT5_UNSECURED_BONUS_DEBENTURE,BRITANNIA,N3,29.3,29.74,29.3,29.66,cm18FEB2022bhav.csv.zip
2022-02-21,INE216A08027,BRITANNIA_2021_5PCT5_UNSECURED_BONUS_DEBENTURE,BRITANNIA,N3,29.66,29.7,29.25,29.54,cm21FEB2022bhav.csv.zip
2022-02-22,INE216A08027,BRITANNIA_2021_5PCT5_UNSECURED_BONUS_DEBENTURE,BRITANNIA,N3,29.27,29.82,29.27,29.52,cm22FEB2022bhav.csv.zip
2022-02-23,INE216A08027,BRITANNIA_2021_5PCT5_UNSECURED_BONUS_DEBENTURE,BRITANNIA,N3,29.25,29.82,29.25,29.78,cm23FEB2022bhav.csv.zip
2022-02-24,INE216A08027,BRITANNIA_2021_5PCT5_UNSECURED_BONUS_DEBENTURE,BRITANNIA,N3,29.75,29.75,29.25,29.36,cm24FEB2022bhav.csv.zip
2022-02-25,INE216A08027,BRITANNIA_2021_5PCT5_UNSECURED_BONUS_DEBENTURE,BRITANNIA,N3,29.27,29.68,29.27,29.4,cm25FEB2022bhav.csv.zip
2022-02-28,INE216A08027,BRITANNIA_2021_5PCT5_UNSECURED_BONUS_DEBENTURE,BRITANNIA,N3,29.4,29.84,29.26,29.63,cm28FEB2022bhav.csv.zip
2022-03-02,INE216A08027,BRITANNIA_2021_5PCT5_UNSECURED_BONUS_DEBENTURE,BRITANNIA,N3,29.63,29.84,29.34,29.65,cm02MAR2022bhav.csv.zip
2022-03-03,INE216A08027,BRITANNIA_2021_5PCT5_UNSECURED_BONUS_DEBENTURE,BRITANNIA,N3,29.64,29.64,29.36,29.54,cm03MAR2022bhav.csv.zip
2022-03-04,INE216A08027,BRITANNIA_2021_5PCT5_UNSECURED_BONUS_DEBENTURE,BRITANNIA,N3,29.26,29.54,29.26,29.46,cm04MAR2022bhav.csv.zip
2022-03-07,INE216A08027,BRITANNIA_2021_5PCT5_UNSECURED_BONUS_DEBENTURE,BRITANNIA,N3,29.46,29.74,29.3,29.43,cm07MAR2022bhav.csv.zip
2022-03-08,INE216A08027,BRITANNIA_2021_5PCT5_UNSECURED_BONUS_DEBENTURE,BRITANNIA,N3,29.74,29.8,29.35,29.45,cm08MAR2022bhav.csv.zip
2022-03-09,INE216A08027,BRITANNIA_2021_5PCT5_UNSECURED_BONUS_DEBENTURE,BRITANNIA,N3,29.3,29.83,29.3,29.44,cm09MAR2022bhav.csv.zip
2022-03-10,INE216A08027,BRITANNIA_2021_5PCT5_UNSECURED_BONUS_DEBENTURE,BRITANNIA,N3,29.43,29.9,29.43,29.66,cm10MAR2022bhav.csv.zip
2022-03-11,INE216A08027,BRITANNIA_2021_5PCT5_UNSECURED_BONUS_DEBENTURE,BRITANNIA,N3,29.41,30,29.41,29.5,cm11MAR2022bhav.csv.zip
2022-03-14,INE216A08027,BRITANNIA_2021_5PCT5_UNSECURED_BONUS_DEBENTURE,BRITANNIA,N3,29.5,30,29.42,29.62,cm14MAR2022bhav.csv.zip
2022-03-15,INE216A08027,BRITANNIA_2021_5PCT5_UNSECURED_BONUS_DEBENTURE,BRITANNIA,N3,29.6,29.97,29.49,29.69,cm15MAR2022bhav.csv.zip
2022-03-16,INE216A08027,BRITANNIA_2021_5PCT5_UNSECURED_BONUS_DEBENTURE,BRITANNIA,N3,29.46,29.69,29.45,29.53,cm16MAR2022bhav.csv.zip
2022-03-17,INE216A08027,BRITANNIA_2021_5PCT5_UNSECURED_BONUS_DEBENTURE,BRITANNIA,N3,29.42,30,29.42,29.98,cm17MAR2022bhav.csv.zip
2022-03-21,INE216A08027,BRITANNIA_2021_5PCT5_UNSECURED_BONUS_DEBENTURE,BRITANNIA,N3,29.98,30.05,29.98,30,cm21MAR2022bhav.csv.zip
2022-03-22,INE216A08027,BRITANNIA_2021_5PCT5_UNSECURED_BONUS_DEBENTURE,BRITANNIA,N3,30,30.05,30,30.01,cm22MAR2022bhav.csv.zip
2022-03-23,INE216A08027,BRITANNIA_2021_5PCT5_UNSECURED_BONUS_DEBENTURE,BRITANNIA,N3,30.01,30.4,30,30.01,cm23MAR2022bhav.csv.zip
2022-03-24,INE216A08027,BRITANNIA_2021_5PCT5_UNSECURED_BONUS_DEBENTURE,BRITANNIA,N3,30.01,30.4,30.01,30.19,cm24MAR2022bhav.csv.zip
2022-03-25,INE216A08027,BRITANNIA_2021_5PCT5_UNSECURED_BONUS_DEBENTURE,BRITANNIA,N3,30.16,30.2,30.16,30.19,cm25MAR2022bhav.csv.zip
2022-03-28,INE216A08027,BRITANNIA_2021_5PCT5_UNSECURED_BONUS_DEBENTURE,BRITANNIA,N3,30,30.21,29.25,30.06,cm28MAR2022bhav.csv.zip
2022-03-29,INE216A08027,BRITANNIA_2021_5PCT5_UNSECURED_BONUS_DEBENTURE,BRITANNIA,N3,30.06,30.2,29.76,30.15,cm29MAR2022bhav.csv.zip
2022-03-30,INE216A08027,BRITANNIA_2021_5PCT5_UNSECURED_BONUS_DEBENTURE,BRITANNIA,N3,29.51,30.2,29.51,29.65,cm30MAR2022bhav.csv.zip
2022-03-31,INE216A08027,BRITANNIA_2021_5PCT5_UNSECURED_BONUS_DEBENTURE,BRITANNIA,N3,29.1,30.2,29.1,29.59,cm31MAR2022bhav.csv.zip
2022-04-01,INE216A08027,BRITANNIA_2021_5PCT5_UNSECURED_BONUS_DEBENTURE,BRITANNIA,N3,29.59,30,29.4,29.71,cm01APR2022bhav.csv.zip
2022-04-04,INE216A08027,BRITANNIA_2021_5PCT5_UNSECURED_BONUS_DEBENTURE,BRITANNIA,N3,29.71,30.05,29.63,29.71,cm04APR2022bhav.csv.zip
2022-04-05,INE216A08027,BRITANNIA_2021_5PCT5_UNSECURED_BONUS_DEBENTURE,BRITANNIA,N3,29.3,29.97,29.3,29.59,cm05APR2022bhav.csv.zip
2022-04-06,INE216A08027,BRITANNIA_2021_5PCT5_UNSECURED_BONUS_DEBENTURE,BRITANNIA,N3,29.59,30.1,29.42,30.06,cm06APR2022bhav.csv.zip
2022-04-07,INE216A08027,BRITANNIA_2021_5PCT5_UNSECURED_BONUS_DEBENTURE,BRITANNIA,N3,30.01,30.25,30.01,30.07,cm07APR2022bhav.csv.zip
2022-04-08,INE216A08027,BRITANNIA_2021_5PCT5_UNSECURED_BONUS_DEBENTURE,BRITANNIA,N3,30.07,30.2,30.06,30.09,cm08APR2022bhav.csv.zip
2022-04-11,INE216A08027,BRITANNIA_2021_5PCT5_UNSECURED_BONUS_DEBENTURE,BRITANNIA,N3,30.19,30.19,29.41,29.76,cm11APR2022bhav.csv.zip
2022-04-12,INE216A08027,BRITANNIA_2021_5PCT5_UNSECURED_BONUS_DEBENTURE,BRITANNIA,N3,29.51,30,29.51,29.66,cm12APR2022bhav.csv.zip
2022-04-13,INE216A08027,BRITANNIA_2021_5PCT5_UNSECURED_BONUS_DEBENTURE,BRITANNIA,N3,29,29.97,29,29.7,cm13APR2022bhav.csv.zip
2022-04-18,INE216A08027,BRITANNIA_2021_5PCT5_UNSECURED_BONUS_DEBENTURE,BRITANNIA,N3,29.25,29.79,29.25,29.67,cm18APR2022bhav.csv.zip
2022-04-19,INE216A08027,BRITANNIA_2021_5PCT5_UNSECURED_BONUS_DEBENTURE,BRITANNIA,N3,29.6,29.78,29.45,29.68,cm19APR2022bhav.csv.zip
2022-04-20,INE216A08027,BRITANNIA_2021_5PCT5_UNSECURED_BONUS_DEBENTURE,BRITANNIA,N3,29.5,29.78,29.5,29.56,cm20APR2022bhav.csv.zip
2022-04-21,INE216A08027,BRITANNIA_2021_5PCT5_UNSECURED_BONUS_DEBENTURE,BRITANNIA,N3,29.52,29.7,29.52,29.61,cm21APR2022bhav.csv.zip
2022-04-22,INE216A08027,BRITANNIA_2021_5PCT5_UNSECURED_BONUS_DEBENTURE,BRITANNIA,N3,29.56,29.78,29.56,29.59,cm22APR2022bhav.csv.zip
2022-04-25,INE216A08027,BRITANNIA_2021_5PCT5_UNSECURED_BONUS_DEBENTURE,BRITANNIA,N3,30,30,29.33,29.64,cm25APR2022bhav.csv.zip
2022-04-26,INE216A08027,BRITANNIA_2021_5PCT5_UNSECURED_BONUS_DEBENTURE,BRITANNIA,N3,29.33,29.85,29.32,29.64,cm26APR2022bhav.csv.zip
2022-04-27,INE216A08027,BRITANNIA_2021_5PCT5_UNSECURED_BONUS_DEBENTURE,BRITANNIA,N3,29.59,29.7,29.56,29.6,cm27APR2022bhav.csv.zip
2022-04-28,INE216A08027,BRITANNIA_2021_5PCT5_UNSECURED_BONUS_DEBENTURE,BRITANNIA,N3,29.3,29.99,29.3,29.6,cm28APR2022bhav.csv.zip
2022-04-29,INE216A08027,BRITANNIA_2021_5PCT5_UNSECURED_BONUS_DEBENTURE,BRITANNIA,N3,29.6,29.9,29.4,29.66,cm29APR2022bhav.csv.zip
2022-05-02,INE216A08027,BRITANNIA_2021_5PCT5_UNSECURED_BONUS_DEBENTURE,BRITANNIA,N3,29.4,29.9,29.4,29.61,cm02MAY2022bhav.csv.zip
2022-05-04,INE216A08027,BRITANNIA_2021_5PCT5_UNSECURED_BONUS_DEBENTURE,BRITANNIA,N3,29.5,29.95,29.5,29.67,cm04MAY2022bhav.csv.zip
2022-05-05,INE216A08027,BRITANNIA_2021_5PCT5_UNSECURED_BONUS_DEBENTURE,BRITANNIA,N3,29.51,29.67,29.51,29.52,cm05MAY2022bhav.csv.zip
2022-05-06,INE216A08027,BRITANNIA_2021_5PCT5_UNSECURED_BONUS_DEBENTURE,BRITANNIA,N3,29.5,29.95,29.5,29.51,cm06MAY2022bhav.csv.zip
2022-05-09,INE216A08027,BRITANNIA_2021_5PCT5_UNSECURED_BONUS_DEBENTURE,BRITANNIA,N3,29.51,29.99,29.51,29.54,cm09MAY2022bhav.csv.zip
2022-05-10,INE216A08027,BRITANNIA_2021_5PCT5_UNSECURED_BONUS_DEBENTURE,BRITANNIA,N3,29.51,29.99,29.51,29.68,cm10MAY2022bhav.csv.zip
2022-05-11,INE216A08027,BRITANNIA_2021_5PCT5_UNSECURED_BONUS_DEBENTURE,BRITANNIA,N3,29.68,30,29.56,29.6,cm11MAY2022bhav.csv.zip
2022-05-12,INE216A08027,BRITANNIA_2021_5PCT5_UNSECURED_BONUS_DEBENTURE,BRITANNIA,N3,29.5,29.75,29.5,29.54,cm12MAY2022bhav.csv.zip
2022-05-13,INE216A08027,BRITANNIA_2021_5PCT5_UNSECURED_BONUS_DEBENTURE,BRITANNIA,N3,29.51,30,29.51,29.61,cm13MAY2022bhav.csv.zip
2022-05-16,INE216A08027,BRITANNIA_2021_5PCT5_UNSECURED_BONUS_DEBENTURE,BRITANNIA,N3,29.62,29.8,29.62,29.62,cm16MAY2022bhav.csv.zip
2022-05-17,INE216A08027,BRITANNIA_2021_5PCT5_UNSECURED_BONUS_DEBENTURE,BRITANNIA,N3,29.26,29.66,29.25,29.66,cm17MAY2022bhav.csv.zip
2022-05-18,INE216A08027,BRITANNIA_2021_5PCT5_UNSECURED_BONUS_DEBENTURE,BRITANNIA,N3,29.6,30,29.26,29.48,cm18MAY2022bhav.csv.zip
2022-05-19,INE216A08027,BRITANNIA_2021_5PCT5_UNSECURED_BONUS_DEBENTURE,BRITANNIA,N3,29.95,29.95,29.51,29.54,cm19MAY2022bhav.csv.zip
2022-05-20,INE216A08027,BRITANNIA_2021_5PCT5_UNSECURED_BONUS_DEBENTURE,BRITANNIA,N3,29.48,29.95,29.4,29.63,cm20MAY2022bhav.csv.zip
2022-05-23,INE216A08027,BRITANNIA_2021_5PCT5_UNSECURED_BONUS_DEBENTURE,BRITANNIA,N3,29.65,29.75,29.31,29.55,cm23MAY2022bhav.csv.zip
2022-05-24,INE216A08027,BRITANNIA_2021_5PCT5_UNSECURED_BONUS_DEBENTURE,BRITANNIA,N3,29.55,29.6,29.43,29.51,cm24MAY2022bhav.csv.zip
2022-05-25,INE216A08027,BRITANNIA_2021_5PCT5_UNSECURED_BONUS_DEBENTURE,BRITANNIA,N3,29.5,29.87,29.5,29.62,cm25MAY2022bhav.csv.zip
2022-05-26,INE216A08027,BRITANNIA_2021_5PCT5_UNSECURED_BONUS_DEBENTURE,BRITANNIA,N3,29.39,29.45,28.56,28.78,cm26MAY2022bhav.csv.zip
2022-05-27,INE216A08027,BRITANNIA_2021_5PCT5_UNSECURED_BONUS_DEBENTURE,BRITANNIA,N3,28.78,28.8,28.25,28.42,cm27MAY2022bhav.csv.zip
2022-05-30,INE216A08027,BRITANNIA_2021_5PCT5_UNSECURED_BONUS_DEBENTURE,BRITANNIA,N3,28.02,28.48,28.02,28.42,cm30MAY2022bhav.csv.zip
2022-05-31,INE216A08027,BRITANNIA_2021_5PCT5_UNSECURED_BONUS_DEBENTURE,BRITANNIA,N3,28.2,28.6,28.1,28.17,cm31MAY2022bhav.csv.zip
2022-06-01,INE216A08027,BRITANNIA_2021_5PCT5_UNSECURED_BONUS_DEBENTURE,BRITANNIA,N3,28.15,28.35,28.01,28.02,cm01JUN2022bhav.csv.zip
2022-06-02,INE216A08027,BRITANNIA_2021_5PCT5_UNSECURED_BONUS_DEBENTURE,BRITANNIA,N3,28.39,28.39,27.95,28.02,cm02JUN2022bhav.csv.zip
2022-06-03,INE216A08027,BRITANNIA_2021_5PCT5_UNSECURED_BONUS_DEBENTURE,BRITANNIA,N3,28.05,28.46,27.97,28.15,cm03JUN2022bhav.csv.zip
2022-06-06,INE216A08027,BRITANNIA_2021_5PCT5_UNSECURED_BONUS_DEBENTURE,BRITANNIA,N3,28.15,28.29,28.06,28.15,cm06JUN2022bhav.csv.zip
2022-06-07,INE216A08027,BRITANNIA_2021_5PCT5_UNSECURED_BONUS_DEBENTURE,BRITANNIA,N3,28.1,28.27,27.97,28.13,cm07JUN2022bhav.csv.zip
2022-06-08,INE216A08027,BRITANNIA_2021_5PCT5_UNSECURED_BONUS_DEBENTURE,BRITANNIA,N3,28.49,28.49,28.06,28.07,cm08JUN2022bhav.csv.zip
2022-06-09,INE216A08027,BRITANNIA_2021_5PCT5_UNSECURED_BONUS_DEBENTURE,BRITANNIA,N3,28.07,28.3,28,28.06,cm09JUN2022bhav.csv.zip
2022-06-10,INE216A08027,BRITANNIA_2021_5PCT5_UNSECURED_BONUS_DEBENTURE,BRITANNIA,N3,28.06,28.29,28.06,28.07,cm10JUN2022bhav.csv.zip
2022-06-13,INE216A08027,BRITANNIA_2021_5PCT5_UNSECURED_BONUS_DEBENTURE,BRITANNIA,N3,28.07,28.2,27.96,28.13,cm13JUN2022bhav.csv.zip
2022-06-14,INE216A08027,BRITANNIA_2021_5PCT5_UNSECURED_BONUS_DEBENTURE,BRITANNIA,N3,28.8,28.8,27.95,28.06,cm14JUN2022bhav.csv.zip
2022-06-15,INE216A08027,BRITANNIA_2021_5PCT5_UNSECURED_BONUS_DEBENTURE,BRITANNIA,N3,28.4,28.4,28,28.11,cm15JUN2022bhav.csv.zip
2022-06-16,INE216A08027,BRITANNIA_2021_5PCT5_UNSECURED_BONUS_DEBENTURE,BRITANNIA,N3,27.91,29,27.91,28.03,cm16JUN2022bhav.csv.zip
2022-06-17,INE216A08027,BRITANNIA_2021_5PCT5_UNSECURED_BONUS_DEBENTURE,BRITANNIA,N3,28.03,28.3,27.91,28.02,cm17JUN2022bhav.csv.zip
2022-06-20,INE216A08027,BRITANNIA_2021_5PCT5_UNSECURED_BONUS_DEBENTURE,BRITANNIA,N3,27.95,28.05,27.95,27.97,cm20JUN2022bhav.csv.zip
2022-06-21,INE216A08027,BRITANNIA_2021_5PCT5_UNSECURED_BONUS_DEBENTURE,BRITANNIA,N3,28.92,28.92,27.93,27.94,cm21JUN2022bhav.csv.zip
2022-06-22,INE216A08027,BRITANNIA_2021_5PCT5_UNSECURED_BONUS_DEBENTURE,BRITANNIA,N3,27.94,28.45,27.94,28.01,cm22JUN2022bhav.csv.zip
2022-06-23,INE216A08027,BRITANNIA_2021_5PCT5_UNSECURED_BONUS_DEBENTURE,BRITANNIA,N3,27,28.5,27,28.02,cm23JUN2022bhav.csv.zip
2022-06-24,INE216A08027,BRITANNIA_2021_5PCT5_UNSECURED_BONUS_DEBENTURE,BRITANNIA,N3,27.95,28.24,27.95,27.98,cm24JUN2022bhav.csv.zip
2022-06-27,INE216A08027,BRITANNIA_2021_5PCT5_UNSECURED_BONUS_DEBENTURE,BRITANNIA,N3,27.95,28.39,27.92,28.01,cm27JUN2022bhav.csv.zip
2022-06-28,INE216A08027,BRITANNIA_2021_5PCT5_UNSECURED_BONUS_DEBENTURE,BRITANNIA,N3,28.01,28.39,27.97,28.06,cm28JUN2022bhav.csv.zip
2022-06-29,INE216A08027,BRITANNIA_2021_5PCT5_UNSECURED_BONUS_DEBENTURE,BRITANNIA,N3,28,29,28,28.06,cm29JUN2022bhav.csv.zip
2022-06-30,INE216A08027,BRITANNIA_2021_5PCT5_UNSECURED_BONUS_DEBENTURE,BRITANNIA,N3,28.9,28.9,28.02,28.04,cm30JUN2022bhav.csv.zip
2022-07-01,INE216A08027,BRITANNIA_2021_5PCT5_UNSECURED_BONUS_DEBENTURE,BRITANNIA,N3,28.01,28.45,28.01,28.06,cm01JUL2022bhav.csv.zip
2022-07-04,INE216A08027,BRITANNIA_2021_5PCT5_UNSECURED_BONUS_DEBENTURE,BRITANNIA,N3,28,28.49,28,28.05,cm04JUL2022bhav.csv.zip
2022-07-05,INE216A08027,BRITANNIA_2021_5PCT5_UNSECURED_BONUS_DEBENTURE,BRITANNIA,N3,28.06,28.3,28.06,28.11,cm05JUL2022bhav.csv.zip
2022-07-06,INE216A08027,BRITANNIA_2021_5PCT5_UNSECURED_BONUS_DEBENTURE,BRITANNIA,N3,28.39,28.39,28.07,28.14,cm06JUL2022bhav.csv.zip
2022-07-07,INE216A08027,BRITANNIA_2021_5PCT5_UNSECURED_BONUS_DEBENTURE,BRITANNIA,N3,28.1,28.49,28.1,28.18,cm07JUL2022bhav.csv.zip
2022-07-08,INE216A08027,BRITANNIA_2021_5PCT5_UNSECURED_BONUS_DEBENTURE,BRITANNIA,N3,28.17,28.2,28.11,28.11,cm08JUL2022bhav.csv.zip
2022-07-11,INE216A08027,BRITANNIA_2021_5PCT5_UNSECURED_BONUS_DEBENTURE,BRITANNIA,N3,28.5,28.5,28.09,28.16,cm11JUL2022bhav.csv.zip
2022-07-12,INE216A08027,BRITANNIA_2021_5PCT5_UNSECURED_BONUS_DEBENTURE,BRITANNIA,N3,28.14,28.19,28.14,28.18,cm12JUL2022bhav.csv.zip
2022-07-13,INE216A08027,BRITANNIA_2021_5PCT5_UNSECURED_BONUS_DEBENTURE,BRITANNIA,N3,28.14,28.2,28.1,28.19,cm13JUL2022bhav.csv.zip
2022-07-14,INE216A08027,BRITANNIA_2021_5PCT5_UNSECURED_BONUS_DEBENTURE,BRITANNIA,N3,28.14,28.5,28.14,28.21,cm14JUL2022bhav.csv.zip
2022-07-15,INE216A08027,BRITANNIA_2021_5PCT5_UNSECURED_BONUS_DEBENTURE,BRITANNIA,N3,28.65,28.65,28.18,28.2,cm15JUL2022bhav.csv.zip
2022-07-18,INE216A08027,BRITANNIA_2021_5PCT5_UNSECURED_BONUS_DEBENTURE,BRITANNIA,N3,28.2,28.88,28.2,28.23,cm18JUL2022bhav.csv.zip
2022-07-19,INE216A08027,BRITANNIA_2021_5PCT5_UNSECURED_BONUS_DEBENTURE,BRITANNIA,N3,28.23,28.55,28.23,28.26,cm19JUL2022bhav.csv.zip
2022-07-20,INE216A08027,BRITANNIA_2021_5PCT5_UNSECURED_BONUS_DEBENTURE,BRITANNIA,N3,28.25,28.65,28.25,28.31,cm20JUL2022bhav.csv.zip
2022-07-21,INE216A08027,BRITANNIA_2021_5PCT5_UNSECURED_BONUS_DEBENTURE,BRITANNIA,N3,28.29,28.6,28.24,28.39,cm21JUL2022bhav.csv.zip
2022-07-22,INE216A08027,BRITANNIA_2021_5PCT5_UNSECURED_BONUS_DEBENTURE,BRITANNIA,N3,28.39,28.5,28.26,28.3,cm22JUL2022bhav.csv.zip
2022-07-25,INE216A08027,BRITANNIA_2021_5PCT5_UNSECURED_BONUS_DEBENTURE,BRITANNIA,N3,28.3,28.5,28.16,28.4,cm25JUL2022bhav.csv.zip
2022-07-26,INE216A08027,BRITANNIA_2021_5PCT5_UNSECURED_BONUS_DEBENTURE,BRITANNIA,N3,28.4,28.5,28.3,28.4,cm26JUL2022bhav.csv.zip
2022-07-27,INE216A08027,BRITANNIA_2021_5PCT5_UNSECURED_BONUS_DEBENTURE,BRITANNIA,N3,28.4,28.4,28.15,28.27,cm27JUL2022bhav.csv.zip
2022-07-28,INE216A08027,BRITANNIA_2021_5PCT5_UNSECURED_BONUS_DEBENTURE,BRITANNIA,N3,28.28,28.59,28.28,28.29,cm28JUL2022bhav.csv.zip
2022-07-29,INE216A08027,BRITANNIA_2021_5PCT5_UNSECURED_BONUS_DEBENTURE,BRITANNIA,N3,28.95,28.95,28.16,28.31,cm29JUL2022bhav.csv.zip
2022-08-01,INE216A08027,BRITANNIA_2021_5PCT5_UNSECURED_BONUS_DEBENTURE,BRITANNIA,N3,28.32,28.65,28.31,28.35,cm01AUG2022bhav.csv.zip
2022-08-02,INE216A08027,BRITANNIA_2021_5PCT5_UNSECURED_BONUS_DEBENTURE,BRITANNIA,N3,28.35,28.5,28.3,28.33,cm02AUG2022bhav.csv.zip
2022-08-03,INE216A08027,BRITANNIA_2021_5PCT5_UNSECURED_BONUS_DEBENTURE,BRITANNIA,N3,28.95,28.95,28.31,28.33,cm03AUG2022bhav.csv.zip
2022-08-04,INE216A08027,BRITANNIA_2021_5PCT5_UNSECURED_BONUS_DEBENTURE,BRITANNIA,N3,28.33,28.99,28.17,28.29,cm04AUG2022bhav.csv.zip
2022-08-05,INE216A08027,BRITANNIA_2021_5PCT5_UNSECURED_BONUS_DEBENTURE,BRITANNIA,N3,28.35,28.75,28.29,28.34,cm05AUG2022bhav.csv.zip
2022-08-08,INE216A08027,BRITANNIA_2021_5PCT5_UNSECURED_BONUS_DEBENTURE,BRITANNIA,N3,28.2,28.9,28.2,28.34,cm08AUG2022bhav.csv.zip
2022-08-10,INE216A08027,BRITANNIA_2021_5PCT5_UNSECURED_BONUS_DEBENTURE,BRITANNIA,N3,28.33,28.5,28.33,28.34,cm10AUG2022bhav.csv.zip
2022-08-11,INE216A08027,BRITANNIA_2021_5PCT5_UNSECURED_BONUS_DEBENTURE,BRITANNIA,N3,28.34,28.38,28.3,28.36,cm11AUG2022bhav.csv.zip
2022-08-12,INE216A08027,BRITANNIA_2021_5PCT5_UNSECURED_BONUS_DEBENTURE,BRITANNIA,N3,28.32,28.65,28.31,28.34,cm12AUG2022bhav.csv.zip
2022-08-16,INE216A08027,BRITANNIA_2021_5PCT5_UNSECURED_BONUS_DEBENTURE,BRITANNIA,N3,28.35,28.8,28.16,28.33,cm16AUG2022bhav.csv.zip
2022-08-17,INE216A08027,BRITANNIA_2021_5PCT5_UNSECURED_BONUS_DEBENTURE,BRITANNIA,N3,28.26,28.87,28.17,28.34,cm17AUG2022bhav.csv.zip
2022-08-18,INE216A08027,BRITANNIA_2021_5PCT5_UNSECURED_BONUS_DEBENTURE,BRITANNIA,N3,28.28,28.5,28.28,28.43,cm18AUG2022bhav.csv.zip
2022-08-19,INE216A08027,BRITANNIA_2021_5PCT5_UNSECURED_BONUS_DEBENTURE,BRITANNIA,N3,28.33,29,28.3,28.36,cm19AUG2022bhav.csv.zip
2022-08-22,INE216A08027,BRITANNIA_2021_5PCT5_UNSECURED_BONUS_DEBENTURE,BRITANNIA,N3,28.88,28.88,28.16,28.26,cm22AUG2022bhav.csv.zip
2022-08-23,INE216A08027,BRITANNIA_2021_5PCT5_UNSECURED_BONUS_DEBENTURE,BRITANNIA,N3,28.26,28.64,28.18,28.26,cm23AUG2022bhav.csv.zip
2022-08-24,INE216A08027,BRITANNIA_2021_5PCT5_UNSECURED_BONUS_DEBENTURE,BRITANNIA,N3,28.26,28.49,28.15,28.3,cm24AUG2022bhav.csv.zip
2022-08-25,INE216A08027,BRITANNIA_2021_5PCT5_UNSECURED_BONUS_DEBENTURE,BRITANNIA,N3,28.17,28.49,28.17,28.34,cm25AUG2022bhav.csv.zip
2022-08-26,INE216A08027,BRITANNIA_2021_5PCT5_UNSECURED_BONUS_DEBENTURE,BRITANNIA,N3,28.34,28.49,28.18,28.37,cm26AUG2022bhav.csv.zip
2022-08-29,INE216A08027,BRITANNIA_2021_5PCT5_UNSECURED_BONUS_DEBENTURE,BRITANNIA,N3,28.37,28.74,28.16,28.42,cm29AUG2022bhav.csv.zip
2022-08-30,INE216A08027,BRITANNIA_2021_5PCT5_UNSECURED_BONUS_DEBENTURE,BRITANNIA,N3,28.38,28.79,28.37,28.48,cm30AUG2022bhav.csv.zip
2022-09-01,INE216A08027,BRITANNIA_2021_5PCT5_UNSECURED_BONUS_DEBENTURE,BRITANNIA,N3,28.15,28.86,28.15,28.52,cm01SEP2022bhav.csv.zip
2022-09-02,INE216A08027,BRITANNIA_2021_5PCT5_UNSECURED_BONUS_DEBENTURE,BRITANNIA,N3,28.52,28.88,28.26,28.52,cm02SEP2022bhav.csv.zip
2022-09-05,INE216A08027,BRITANNIA_2021_5PCT5_UNSECURED_BONUS_DEBENTURE,BRITANNIA,N3,28.52,28.8,28.52,28.56,cm05SEP2022bhav.csv.zip
2022-09-06,INE216A08027,BRITANNIA_2021_5PCT5_UNSECURED_BONUS_DEBENTURE,BRITANNIA,N3,28.5,28.77,28.36,28.66,cm06SEP2022bhav.csv.zip
2022-09-07,INE216A08027,BRITANNIA_2021_5PCT5_UNSECURED_BONUS_DEBENTURE,BRITANNIA,N3,28.5,28.7,28.46,28.65,cm07SEP2022bhav.csv.zip
2022-09-08,INE216A08027,BRITANNIA_2021_5PCT5_UNSECURED_BONUS_DEBENTURE,BRITANNIA,N3,28.51,28.7,28.51,28.65,cm08SEP2022bhav.csv.zip
2022-09-09,INE216A08027,BRITANNIA_2021_5PCT5_UNSECURED_BONUS_DEBENTURE,BRITANNIA,N3,28.65,28.7,28.52,28.64,cm09SEP2022bhav.csv.zip
2022-09-12,INE216A08027,BRITANNIA_2021_5PCT5_UNSECURED_BONUS_DEBENTURE,BRITANNIA,N3,28.3,28.7,28.3,28.66,cm12SEP2022bhav.csv.zip
2022-09-13,INE216A08027,BRITANNIA_2021_5PCT5_UNSECURED_BONUS_DEBENTURE,BRITANNIA,N3,28.4,28.7,28.31,28.57,cm13SEP2022bhav.csv.zip
2022-09-14,INE216A08027,BRITANNIA_2021_5PCT5_UNSECURED_BONUS_DEBENTURE,BRITANNIA,N3,28.69,28.88,28.58,28.58,cm14SEP2022bhav.csv.zip
2022-09-15,INE216A08027,BRITANNIA_2021_5PCT5_UNSECURED_BONUS_DEBENTURE,BRITANNIA,N3,28.46,28.87,28.46,28.6,cm15SEP2022bhav.csv.zip
2022-09-16,INE216A08027,BRITANNIA_2021_5PCT5_UNSECURED_BONUS_DEBENTURE,BRITANNIA,N3,28.48,28.88,28.48,28.58,cm16SEP2022bhav.csv.zip
2022-09-19,INE216A08027,BRITANNIA_2021_5PCT5_UNSECURED_BONUS_DEBENTURE,BRITANNIA,N3,28.51,28.74,28.39,28.55,cm19SEP2022bhav.csv.zip
2022-09-20,INE216A08027,BRITANNIA_2021_5PCT5_UNSECURED_BONUS_DEBENTURE,BRITANNIA,N3,28.55,28.88,28.35,28.47,cm20SEP2022bhav.csv.zip
2022-09-21,INE216A08027,BRITANNIA_2021_5PCT5_UNSECURED_BONUS_DEBENTURE,BRITANNIA,N3,28.47,28.73,28.42,28.55,cm21SEP2022bhav.csv.zip
2022-09-22,INE216A08027,BRITANNIA_2021_5PCT5_UNSECURED_BONUS_DEBENTURE,BRITANNIA,N3,28.54,28.64,28.46,28.49,cm22SEP2022bhav.csv.zip
2022-09-23,INE216A08027,BRITANNIA_2021_5PCT5_UNSECURED_BONUS_DEBENTURE,BRITANNIA,N3,28.49,28.75,28.34,28.47,cm23SEP2022bhav.csv.zip
2022-09-26,INE216A08027,BRITANNIA_2021_5PCT5_UNSECURED_BONUS_DEBENTURE,BRITANNIA,N3,28.47,28.48,28.32,28.48,cm26SEP2022bhav.csv.zip
2022-09-27,INE216A08027,BRITANNIA_2021_5PCT5_UNSECURED_BONUS_DEBENTURE,BRITANNIA,N3,28.41,28.73,28.41,28.45,cm27SEP2022bhav.csv.zip
2022-09-28,INE216A08027,BRITANNIA_2021_5PCT5_UNSECURED_BONUS_DEBENTURE,BRITANNIA,N3,28.39,28.73,28.39,28.46,cm28SEP2022bhav.csv.zip
2022-09-29,INE216A08027,BRITANNIA_2021_5PCT5_UNSECURED_BONUS_DEBENTURE,BRITANNIA,N3,28.46,28.74,28.42,28.48,cm29SEP2022bhav.csv.zip
2022-09-30,INE216A08027,BRITANNIA_2021_5PCT5_UNSECURED_BONUS_DEBENTURE,BRITANNIA,N3,28.48,28.75,28.42,28.55,cm30SEP2022bhav.csv.zip
2022-10-03,INE216A08027,BRITANNIA_2021_5PCT5_UNSECURED_BONUS_DEBENTURE,BRITANNIA,N3,28.75,28.75,28.42,28.5,cm03OCT2022bhav.csv.zip
2022-10-04,INE216A08027,BRITANNIA_2021_5PCT5_UNSECURED_BONUS_DEBENTURE,BRITANNIA,N3,28.51,28.73,28.42,28.44,cm04OCT2022bhav.csv.zip
2022-10-06,INE216A08027,BRITANNIA_2021_5PCT5_UNSECURED_BONUS_DEBENTURE,BRITANNIA,N3,28.44,28.74,28.44,28.51,cm06OCT2022bhav.csv.zip
2022-10-07,INE216A08027,BRITANNIA_2021_5PCT5_UNSECURED_BONUS_DEBENTURE,BRITANNIA,N3,28.44,28.74,28.44,28.52,cm07OCT2022bhav.csv.zip
2022-10-10,INE216A08027,BRITANNIA_2021_5PCT5_UNSECURED_BONUS_DEBENTURE,BRITANNIA,N3,28.75,28.75,28.44,28.65,cm10OCT2022bhav.csv.zip
2022-10-11,INE216A08027,BRITANNIA_2021_5PCT5_UNSECURED_BONUS_DEBENTURE,BRITANNIA,N3,28.7,29,28.46,28.5,cm11OCT2022bhav.csv.zip
2022-10-12,INE216A08027,BRITANNIA_2021_5PCT5_UNSECURED_BONUS_DEBENTURE,BRITANNIA,N3,28.5,28.74,28.47,28.53,cm12OCT2022bhav.csv.zip
2022-10-13,INE216A08027,BRITANNIA_2021_5PCT5_UNSECURED_BONUS_DEBENTURE,BRITANNIA,N3,28.53,28.74,28.41,28.43,cm13OCT2022bhav.csv.zip
2022-10-14,INE216A08027,BRITANNIA_2021_5PCT5_UNSECURED_BONUS_DEBENTURE,BRITANNIA,N3,28.45,28.5,28.41,28.45,cm14OCT2022bhav.csv.zip
2022-10-17,INE216A08027,BRITANNIA_2021_5PCT5_UNSECURED_BONUS_DEBENTURE,BRITANNIA,N3,28.45,28.78,28.42,28.44,cm17OCT2022bhav.csv.zip
2022-10-18,INE216A08027,BRITANNIA_2021_5PCT5_UNSECURED_BONUS_DEBENTURE,BRITANNIA,N3,28.41,28.9,28.35,28.43,cm18OCT2022bhav.csv.zip
2022-10-19,INE216A08027,BRITANNIA_2021_5PCT5_UNSECURED_BONUS_DEBENTURE,BRITANNIA,N3,28.41,28.69,28.41,28.59,cm19OCT2022bhav.csv.zip
2022-10-20,INE216A08027,BRITANNIA_2021_5PCT5_UNSECURED_BONUS_DEBENTURE,BRITANNIA,N3,28.42,28.68,28.42,28.56,cm20OCT2022bhav.csv.zip
2022-10-21,INE216A08027,BRITANNIA_2021_5PCT5_UNSECURED_BONUS_DEBENTURE,BRITANNIA,N3,28.56,28.75,28.1,28.3,cm21OCT2022bhav.csv.zip
2022-10-24,INE216A08027,BRITANNIA_2021_5PCT5_UNSECURED_BONUS_DEBENTURE,BRITANNIA,N3,28.31,28.99,28.31,28.4,cm24OCT2022bhav.csv.zip
2022-10-25,INE216A08027,BRITANNIA_2021_5PCT5_UNSECURED_BONUS_DEBENTURE,BRITANNIA,N3,28.4,28.56,28.34,28.44,cm25OCT2022bhav.csv.zip
2022-10-27,INE216A08027,BRITANNIA_2021_5PCT5_UNSECURED_BONUS_DEBENTURE,BRITANNIA,N3,28.31,30,28.31,28.9,cm27OCT2022bhav.csv.zip
2022-10-28,INE216A08027,BRITANNIA_2021_5PCT5_UNSECURED_BONUS_DEBENTURE,BRITANNIA,N3,28.8,28.98,28.6,28.7,cm28OCT2022bhav.csv.zip
2022-10-31,INE216A08027,BRITANNIA_2021_5PCT5_UNSECURED_BONUS_DEBENTURE,BRITANNIA,N3,29,29,28.47,28.52,cm31OCT2022bhav.csv.zip
2022-11-01,INE216A08027,BRITANNIA_2021_5PCT5_UNSECURED_BONUS_DEBENTURE,BRITANNIA,N3,28.46,28.89,28.46,28.5,cm01NOV2022bhav.csv.zip
2022-11-02,INE216A08027,BRITANNIA_2021_5PCT5_UNSECURED_BONUS_DEBENTURE,BRITANNIA,N3,28.45,28.6,28.45,28.46,cm02NOV2022bhav.csv.zip
2022-11-03,INE216A08027,BRITANNIA_2021_5PCT5_UNSECURED_BONUS_DEBENTURE,BRITANNIA,N3,28.46,28.75,28.46,28.71,cm03NOV2022bhav.csv.zip
2022-11-04,INE216A08027,BRITANNIA_2021_5PCT5_UNSECURED_BONUS_DEBENTURE,BRITANNIA,N3,28.45,28.74,28.45,28.54,cm04NOV2022bhav.csv.zip
2022-11-07,INE216A08027,BRITANNIA_2021_5PCT5_UNSECURED_BONUS_DEBENTURE,BRITANNIA,N3,28.52,28.56,28.52,28.53,cm07NOV2022bhav.csv.zip
2022-11-09,INE216A08027,BRITANNIA_2021_5PCT5_UNSECURED_BONUS_DEBENTURE,BRITANNIA,N3,28.52,28.59,28.52,28.55,cm09NOV2022bhav.csv.zip
2022-11-10,INE216A08027,BRITANNIA_2021_5PCT5_UNSECURED_BONUS_DEBENTURE,BRITANNIA,N3,28.55,28.85,28.52,28.54,cm10NOV2022bhav.csv.zip
2022-11-11,INE216A08027,BRITANNIA_2021_5PCT5_UNSECURED_BONUS_DEBENTURE,BRITANNIA,N3,28.54,28.85,28.52,28.55,cm11NOV2022bhav.csv.zip
2022-11-14,INE216A08027,BRITANNIA_2021_5PCT5_UNSECURED_BONUS_DEBENTURE,BRITANNIA,N3,28.5,28.79,28.5,28.56,cm14NOV2022bhav.csv.zip
2022-11-15,INE216A08027,BRITANNIA_2021_5PCT5_UNSECURED_BONUS_DEBENTURE,BRITANNIA,N3,28.52,28.97,28.48,28.55,cm15NOV2022bhav.csv.zip
2022-11-16,INE216A08027,BRITANNIA_2021_5PCT5_UNSECURED_BONUS_DEBENTURE,BRITANNIA,N3,28.52,28.79,28.52,28.54,cm16NOV2022bhav.csv.zip
2022-11-17,INE216A08027,BRITANNIA_2021_5PCT5_UNSECURED_BONUS_DEBENTURE,BRITANNIA,N3,28.55,28.74,28.55,28.61,cm17NOV2022bhav.csv.zip
2022-11-18,INE216A08027,BRITANNIA_2021_5PCT5_UNSECURED_BONUS_DEBENTURE,BRITANNIA,N3,28.54,28.83,28.54,28.62,cm18NOV2022bhav.csv.zip
2022-11-21,INE216A08027,BRITANNIA_2021_5PCT5_UNSECURED_BONUS_DEBENTURE,BRITANNIA,N3,28.62,28.98,28.55,28.61,cm21NOV2022bhav.csv.zip
2022-11-22,INE216A08027,BRITANNIA_2021_5PCT5_UNSECURED_BONUS_DEBENTURE,BRITANNIA,N3,28.56,28.82,28.52,28.59,cm22NOV2022bhav.csv.zip
2022-11-23,INE216A08027,BRITANNIA_2021_5PCT5_UNSECURED_BONUS_DEBENTURE,BRITANNIA,N3,28.52,28.66,28.48,28.56,cm23NOV2022bhav.csv.zip
2022-11-24,INE216A08027,BRITANNIA_2021_5PCT5_UNSECURED_BONUS_DEBENTURE,BRITANNIA,N3,28.98,28.98,28.52,28.57,cm24NOV2022bhav.csv.zip
2022-11-25,INE216A08027,BRITANNIA_2021_5PCT5_UNSECURED_BONUS_DEBENTURE,BRITANNIA,N3,28.57,28.87,28.53,28.62,cm25NOV2022bhav.csv.zip
2022-11-28,INE216A08027,BRITANNIA_2021_5PCT5_UNSECURED_BONUS_DEBENTURE,BRITANNIA,N3,28.5,28.7,28.5,28.61,cm28NOV2022bhav.csv.zip
2022-11-29,INE216A08027,BRITANNIA_2021_5PCT5_UNSECURED_BONUS_DEBENTURE,BRITANNIA,N3,28.51,28.67,28.5,28.55,cm29NOV2022bhav.csv.zip
2022-11-30,INE216A08027,BRITANNIA_2021_5PCT5_UNSECURED_BONUS_DEBENTURE,BRITANNIA,N3,28.7,28.7,28.52,28.57,cm30NOV2022bhav.csv.zip
2022-12-01,INE216A08027,BRITANNIA_2021_5PCT5_UNSECURED_BONUS_DEBENTURE,BRITANNIA,N3,28.57,28.75,28.52,28.61,cm01DEC2022bhav.csv.zip
2022-12-02,INE216A08027,BRITANNIA_2021_5PCT5_UNSECURED_BONUS_DEBENTURE,BRITANNIA,N3,28.6,28.79,28.6,28.72,cm02DEC2022bhav.csv.zip
2022-12-05,INE216A08027,BRITANNIA_2021_5PCT5_UNSECURED_BONUS_DEBENTURE,BRITANNIA,N3,28.72,28.79,28.62,28.65,cm05DEC2022bhav.csv.zip
2022-12-06,INE216A08027,BRITANNIA_2021_5PCT5_UNSECURED_BONUS_DEBENTURE,BRITANNIA,N3,28.62,28.85,28.62,28.63,cm06DEC2022bhav.csv.zip
2022-12-07,INE216A08027,BRITANNIA_2021_5PCT5_UNSECURED_BONUS_DEBENTURE,BRITANNIA,N3,28.6,28.9,28.6,28.64,cm07DEC2022bhav.csv.zip
2022-12-08,INE216A08027,BRITANNIA_2021_5PCT5_UNSECURED_BONUS_DEBENTURE,BRITANNIA,N3,28.64,28.98,28.63,28.78,cm08DEC2022bhav.csv.zip
2022-12-09,INE216A08027,BRITANNIA_2021_5PCT5_UNSECURED_BONUS_DEBENTURE,BRITANNIA,N3,28.63,28.78,28.63,28.69,cm09DEC2022bhav.csv.zip
2022-12-12,INE216A08027,BRITANNIA_2021_5PCT5_UNSECURED_BONUS_DEBENTURE,BRITANNIA,N3,28.6,28.99,28.6,28.67,cm12DEC2022bhav.csv.zip
2022-12-13,INE216A08027,BRITANNIA_2021_5PCT5_UNSECURED_BONUS_DEBENTURE,BRITANNIA,N3,28.67,28.94,28.67,28.71,cm13DEC2022bhav.csv.zip
2022-12-14,INE216A08027,BRITANNIA_2021_5PCT5_UNSECURED_BONUS_DEBENTURE,BRITANNIA,N3,28.61,28.98,28.61,28.65,cm14DEC2022bhav.csv.zip
2022-12-15,INE216A08027,BRITANNIA_2021_5PCT5_UNSECURED_BONUS_DEBENTURE,BRITANNIA,N3,28.65,28.9,28.62,28.78,cm15DEC2022bhav.csv.zip
2022-12-16,INE216A08027,BRITANNIA_2021_5PCT5_UNSECURED_BONUS_DEBENTURE,BRITANNIA,N3,28.98,28.98,28.62,28.69,cm16DEC2022bhav.csv.zip
2022-12-19,INE216A08027,BRITANNIA_2021_5PCT5_UNSECURED_BONUS_DEBENTURE,BRITANNIA,N3,28.64,29.49,28.62,28.84,cm19DEC2022bhav.csv.zip
2022-12-20,INE216A08027,BRITANNIA_2021_5PCT5_UNSECURED_BONUS_DEBENTURE,BRITANNIA,N3,28.82,29,28.6,28.7,cm20DEC2022bhav.csv.zip
2022-12-21,INE216A08027,BRITANNIA_2021_5PCT5_UNSECURED_BONUS_DEBENTURE,BRITANNIA,N3,28.65,28.9,28.65,28.75,cm21DEC2022bhav.csv.zip
2022-12-22,INE216A08027,BRITANNIA_2021_5PCT5_UNSECURED_BONUS_DEBENTURE,BRITANNIA,N3,28.76,28.9,28.45,28.7,cm22DEC2022bhav.csv.zip
2022-12-23,INE216A08027,BRITANNIA_2021_5PCT5_UNSECURED_BONUS_DEBENTURE,BRITANNIA,N3,28.55,28.89,28.55,28.8,cm23DEC2022bhav.csv.zip
2022-12-26,INE216A08027,BRITANNIA_2021_5PCT5_UNSECURED_BONUS_DEBENTURE,BRITANNIA,N3,28.8,28.92,28.7,28.8,cm26DEC2022bhav.csv.zip
2022-12-27,INE216A08027,BRITANNIA_2021_5PCT5_UNSECURED_BONUS_DEBENTURE,BRITANNIA,N3,28.7,28.89,28.7,28.83,cm27DEC2022bhav.csv.zip
2022-12-28,INE216A08027,BRITANNIA_2021_5PCT5_UNSECURED_BONUS_DEBENTURE,BRITANNIA,N3,28.95,29,28.73,28.93,cm28DEC2022bhav.csv.zip
2022-12-29,INE216A08027,BRITANNIA_2021_5PCT5_UNSECURED_BONUS_DEBENTURE,BRITANNIA,N3,28.72,28.98,28.72,28.75,cm29DEC2022bhav.csv.zip
2022-12-30,INE216A08027,BRITANNIA_2021_5PCT5_UNSECURED_BONUS_DEBENTURE,BRITANNIA,N3,28.75,29,28.73,28.9,cm30DEC2022bhav.csv.zip
2023-01-02,INE216A08027,BRITANNIA_2021_5PCT5_UNSECURED_BONUS_DEBENTURE,BRITANNIA,N3,28.83,28.97,28.45,28.89,cm02JAN2023bhav.csv.zip
2023-01-03,INE216A08027,BRITANNIA_2021_5PCT5_UNSECURED_BONUS_DEBENTURE,BRITANNIA,N3,28.63,29,28.63,28.91,cm03JAN2023bhav.csv.zip
2023-01-04,INE216A08027,BRITANNIA_2021_5PCT5_UNSECURED_BONUS_DEBENTURE,BRITANNIA,N3,28.65,28.95,28.65,28.95,cm04JAN2023bhav.csv.zip
2023-01-05,INE216A08027,BRITANNIA_2021_5PCT5_UNSECURED_BONUS_DEBENTURE,BRITANNIA,N3,28.9,28.99,28.85,28.98,cm05JAN2023bhav.csv.zip
2023-01-06,INE216A08027,BRITANNIA_2021_5PCT5_UNSECURED_BONUS_DEBENTURE,BRITANNIA,N3,28.98,29,28.8,28.96,cm06JAN2023bhav.csv.zip
2023-01-09,INE216A08027,BRITANNIA_2021_5PCT5_UNSECURED_BONUS_DEBENTURE,BRITANNIA,N3,28.8,28.98,28.8,28.86,cm09JAN2023bhav.csv.zip
2023-01-10,INE216A08027,BRITANNIA_2021_5PCT5_UNSECURED_BONUS_DEBENTURE,BRITANNIA,N3,28.8,29,28.71,28.98,cm10JAN2023bhav.csv.zip
2023-01-11,INE216A08027,BRITANNIA_2021_5PCT5_UNSECURED_BONUS_DEBENTURE,BRITANNIA,N3,28.98,29.1,28.98,29.01,cm11JAN2023bhav.csv.zip
2023-01-12,INE216A08027,BRITANNIA_2021_5PCT5_UNSECURED_BONUS_DEBENTURE,BRITANNIA,N3,28.92,29.3,28.92,29.03,cm12JAN2023bhav.csv.zip
2023-01-13,INE216A08027,BRITANNIA_2021_5PCT5_UNSECURED_BONUS_DEBENTURE,BRITANNIA,N3,28.88,29.3,28.88,29.01,cm13JAN2023bhav.csv.zip
2023-01-16,INE216A08027,BRITANNIA_2021_5PCT5_UNSECURED_BONUS_DEBENTURE,BRITANNIA,N3,28.9,29.35,28.9,29,cm16JAN2023bhav.csv.zip
2023-01-17,INE216A08027,BRITANNIA_2021_5PCT5_UNSECURED_BONUS_DEBENTURE,BRITANNIA,N3,29,29.3,28.91,29.05,cm17JAN2023bhav.csv.zip
2023-01-18,INE216A08027,BRITANNIA_2021_5PCT5_UNSECURED_BONUS_DEBENTURE,BRITANNIA,N3,29.05,29.3,28.96,29.03,cm18JAN2023bhav.csv.zip
2023-01-19,INE216A08027,BRITANNIA_2021_5PCT5_UNSECURED_BONUS_DEBENTURE,BRITANNIA,N3,28.96,29.01,28.95,28.99,cm19JAN2023bhav.csv.zip
2023-01-20,INE216A08027,BRITANNIA_2021_5PCT5_UNSECURED_BONUS_DEBENTURE,BRITANNIA,N3,29,31,28.99,29,cm20JAN2023bhav.csv.zip
2023-01-23,INE216A08027,BRITANNIA_2021_5PCT5_UNSECURED_BONUS_DEBENTURE,BRITANNIA,N3,29,29.87,29,29.04,cm23JAN2023bhav.csv.zip
2023-01-24,INE216A08027,BRITANNIA_2021_5PCT5_UNSECURED_BONUS_DEBENTURE,BRITANNIA,N3,29.04,29.04,29,29.01,cm24JAN2023bhav.csv.zip
2023-01-25,INE216A08027,BRITANNIA_2021_5PCT5_UNSECURED_BONUS_DEBENTURE,BRITANNIA,N3,29.47,29.88,28.96,29.09,cm25JAN2023bhav.csv.zip
2023-01-27,INE216A08027,BRITANNIA_2021_5PCT5_UNSECURED_BONUS_DEBENTURE,BRITANNIA,N3,28.96,29.49,28.96,29.3,cm27JAN2023bhav.csv.zip
2023-01-30,INE216A08027,BRITANNIA_2021_5PCT5_UNSECURED_BONUS_DEBENTURE,BRITANNIA,N3,29.11,29.15,29.11,29.12,cm30JAN2023bhav.csv.zip
2023-01-31,INE216A08027,BRITANNIA_2021_5PCT5_UNSECURED_BONUS_DEBENTURE,BRITANNIA,N3,29.11,29.4,29.1,29.14,cm31JAN2023bhav.csv.zip
2023-02-01,INE216A08027,BRITANNIA_2021_5PCT5_UNSECURED_BONUS_DEBENTURE,BRITANNIA,N3,29.5,29.5,29.1,29.15,cm01FEB2023bhav.csv.zip
2023-02-02,INE216A08027,BRITANNIA_2021_5PCT5_UNSECURED_BONUS_DEBENTURE,BRITANNIA,N3,29.1,29.64,29.1,29.12,cm02FEB2023bhav.csv.zip
2023-02-03,INE216A08027,BRITANNIA_2021_5PCT5_UNSECURED_BONUS_DEBENTURE,BRITANNIA,N3,29.12,29.15,29.1,29.14,cm03FEB2023bhav.csv.zip
2023-02-06,INE216A08027,BRITANNIA_2021_5PCT5_UNSECURED_BONUS_DEBENTURE,BRITANNIA,N3,29.14,29.25,29.1,29.11,cm06FEB2023bhav.csv.zip
2023-02-07,INE216A08027,BRITANNIA_2021_5PCT5_UNSECURED_BONUS_DEBENTURE,BRITANNIA,N3,29.1,29.4,29.1,29.14,cm07FEB2023bhav.csv.zip
2023-02-08,INE216A08027,BRITANNIA_2021_5PCT5_UNSECURED_BONUS_DEBENTURE,BRITANNIA,N3,29.1,29.59,29.1,29.16,cm08FEB2023bhav.csv.zip
2023-02-09,INE216A08027,BRITANNIA_2021_5PCT5_UNSECURED_BONUS_DEBENTURE,BRITANNIA,N3,29.14,29.5,29.12,29.12,cm09FEB2023bhav.csv.zip
2023-02-10,INE216A08027,BRITANNIA_2021_5PCT5_UNSECURED_BONUS_DEBENTURE,BRITANNIA,N3,29.59,29.59,29.1,29.12,cm10FEB2023bhav.csv.zip
2023-02-13,INE216A08027,BRITANNIA_2021_5PCT5_UNSECURED_BONUS_DEBENTURE,BRITANNIA,N3,29.01,29.45,29.01,29.04,cm13FEB2023bhav.csv.zip
2023-02-14,INE216A08027,BRITANNIA_2021_5PCT5_UNSECURED_BONUS_DEBENTURE,BRITANNIA,N3,29.04,29.1,29.02,29.05,cm14FEB2023bhav.csv.zip
2023-02-15,INE216A08027,BRITANNIA_2021_5PCT5_UNSECURED_BONUS_DEBENTURE,BRITANNIA,N3,29.02,29.44,29.02,29.06,cm15FEB2023bhav.csv.zip
2023-02-16,INE216A08027,BRITANNIA_2021_5PCT5_UNSECURED_BONUS_DEBENTURE,BRITANNIA,N3,29.06,29.33,29.02,29.14,cm16FEB2023bhav.csv.zip
2023-02-17,INE216A08027,BRITANNIA_2021_5PCT5_UNSECURED_BONUS_DEBENTURE,BRITANNIA,N3,29.06,29.1,29.06,29.07,cm17FEB2023bhav.csv.zip
2023-02-20,INE216A08027,BRITANNIA_2021_5PCT5_UNSECURED_BONUS_DEBENTURE,BRITANNIA,N3,29.05,29.39,29.05,29.25,cm20FEB2023bhav.csv.zip
2023-02-21,INE216A08027,BRITANNIA_2021_5PCT5_UNSECURED_BONUS_DEBENTURE,BRITANNIA,N3,29.25,29.25,29.03,29.07,cm21FEB2023bhav.csv.zip
2023-02-22,INE216A08027,BRITANNIA_2021_5PCT5_UNSECURED_BONUS_DEBENTURE,BRITANNIA,N3,29.07,29.39,29.01,29.07,cm22FEB2023bhav.csv.zip
2023-02-23,INE216A08027,BRITANNIA_2021_5PCT5_UNSECURED_BONUS_DEBENTURE,BRITANNIA,N3,29.06,29.15,29.02,29.08,cm23FEB2023bhav.csv.zip
2023-02-24,INE216A08027,BRITANNIA_2021_5PCT5_UNSECURED_BONUS_DEBENTURE,BRITANNIA,N3,29.03,29.1,29.02,29.04,cm24FEB2023bhav.csv.zip
2023-02-27,INE216A08027,BRITANNIA_2021_5PCT5_UNSECURED_BONUS_DEBENTURE,BRITANNIA,N3,29.04,29.45,29.04,29.09,cm27FEB2023bhav.csv.zip
2023-02-28,INE216A08027,BRITANNIA_2021_5PCT5_UNSECURED_BONUS_DEBENTURE,BRITANNIA,N3,29.49,29.49,29.01,29.07,cm28FEB2023bhav.csv.zip
2023-03-01,INE216A08027,BRITANNIA_2021_5PCT5_UNSECURED_BONUS_DEBENTURE,BRITANNIA,N3,29.03,29.41,29.03,29.24,cm01MAR2023bhav.csv.zip
2023-03-02,INE216A08027,BRITANNIA_2021_5PCT5_UNSECURED_BONUS_DEBENTURE,BRITANNIA,N3,29.07,29.39,29.07,29.26,cm02MAR2023bhav.csv.zip
2023-03-03,INE216A08027,BRITANNIA_2021_5PCT5_UNSECURED_BONUS_DEBENTURE,BRITANNIA,N3,29.28,29.29,29.02,29.14,cm03MAR2023bhav.csv.zip
2023-03-06,INE216A08027,BRITANNIA_2021_5PCT5_UNSECURED_BONUS_DEBENTURE,BRITANNIA,N3,29.14,29.34,29.14,29.21,cm06MAR2023bhav.csv.zip
2023-03-08,INE216A08027,BRITANNIA_2021_5PCT5_UNSECURED_BONUS_DEBENTURE,BRITANNIA,N3,29.14,29.48,29.14,29.2,cm08MAR2023bhav.csv.zip
2023-03-09,INE216A08027,BRITANNIA_2021_5PCT5_UNSECURED_BONUS_DEBENTURE,BRITANNIA,N3,29.03,29.39,28.5,29.34,cm09MAR2023bhav.csv.zip
2023-03-10,INE216A08027,BRITANNIA_2021_5PCT5_UNSECURED_BONUS_DEBENTURE,BRITANNIA,N3,29.22,29.3,29.22,29.24,cm10MAR2023bhav.csv.zip
2023-03-13,INE216A08027,BRITANNIA_2021_5PCT5_UNSECURED_BONUS_DEBENTURE,BRITANNIA,N3,29.2,29.4,29.2,29.25,cm13MAR2023bhav.csv.zip
2023-03-14,INE216A08027,BRITANNIA_2021_5PCT5_UNSECURED_BONUS_DEBENTURE,BRITANNIA,N3,29.25,29.47,29.17,29.31,cm14MAR2023bhav.csv.zip
2023-03-15,INE216A08027,BRITANNIA_2021_5PCT5_UNSECURED_BONUS_DEBENTURE,BRITANNIA,N3,29.33,29.5,29.25,29.29,cm15MAR2023bhav.csv.zip
2023-03-16,INE216A08027,BRITANNIA_2021_5PCT5_UNSECURED_BONUS_DEBENTURE,BRITANNIA,N3,29.29,29.38,29.29,29.36,cm16MAR2023bhav.csv.zip
2023-03-17,INE216A08027,BRITANNIA_2021_5PCT5_UNSECURED_BONUS_DEBENTURE,BRITANNIA,N3,29.36,29.39,29.05,29.31,cm17MAR2023bhav.csv.zip
2023-03-20,INE216A08027,BRITANNIA_2021_5PCT5_UNSECURED_BONUS_DEBENTURE,BRITANNIA,N3,29.29,29.35,29.29,29.31,cm20MAR2023bhav.csv.zip
2023-03-21,INE216A08027,BRITANNIA_2021_5PCT5_UNSECURED_BONUS_DEBENTURE,BRITANNIA,N3,29.31,29.41,29.15,29.4,cm21MAR2023bhav.csv.zip
2023-03-22,INE216A08027,BRITANNIA_2021_5PCT5_UNSECURED_BONUS_DEBENTURE,BRITANNIA,N3,29.05,29.41,29.05,29.4,cm22MAR2023bhav.csv.zip
2023-03-23,INE216A08027,BRITANNIA_2021_5PCT5_UNSECURED_BONUS_DEBENTURE,BRITANNIA,N3,29.05,29.3,28.75,29.25,cm23MAR2023bhav.csv.zip
2023-03-24,INE216A08027,BRITANNIA_2021_5PCT5_UNSECURED_BONUS_DEBENTURE,BRITANNIA,N3,29.25,29.4,29.05,29.18,cm24MAR2023bhav.csv.zip
2023-03-27,INE216A08027,BRITANNIA_2021_5PCT5_UNSECURED_BONUS_DEBENTURE,BRITANNIA,N3,28.5,29.34,28.5,29.25,cm27MAR2023bhav.csv.zip
2023-03-28,INE216A08027,BRITANNIA_2021_5PCT5_UNSECURED_BONUS_DEBENTURE,BRITANNIA,N3,29.16,29.3,29.16,29.18,cm28MAR2023bhav.csv.zip
2023-03-29,INE216A08027,BRITANNIA_2021_5PCT5_UNSECURED_BONUS_DEBENTURE,BRITANNIA,N3,29.19,29.47,29,29.19,cm29MAR2023bhav.csv.zip
2023-03-31,INE216A08027,BRITANNIA_2021_5PCT5_UNSECURED_BONUS_DEBENTURE,BRITANNIA,N3,29.19,29.4,29.05,29.29,cm31MAR2023bhav.csv.zip
2023-04-03,INE216A08027,BRITANNIA_2021_5PCT5_UNSECURED_BONUS_DEBENTURE,BRITANNIA,N3,29.29,29.5,29.15,29.37,cm03APR2023bhav.csv.zip
2023-04-05,INE216A08027,BRITANNIA_2021_5PCT5_UNSECURED_BONUS_DEBENTURE,BRITANNIA,N3,29.2,29.6,29.2,29.53,cm05APR2023bhav.csv.zip
2023-04-06,INE216A08027,BRITANNIA_2021_5PCT5_UNSECURED_BONUS_DEBENTURE,BRITANNIA,N3,29.53,29.6,29.2,29.51,cm06APR2023bhav.csv.zip
2023-04-10,INE216A08027,BRITANNIA_2021_5PCT5_UNSECURED_BONUS_DEBENTURE,BRITANNIA,N3,29.51,29.83,29.23,29.51,cm10APR2023bhav.csv.zip
2023-04-11,INE216A08027,BRITANNIA_2021_5PCT5_UNSECURED_BONUS_DEBENTURE,BRITANNIA,N3,29.5,29.7,29.5,29.57,cm11APR2023bhav.csv.zip
2023-04-12,INE216A08027,BRITANNIA_2021_5PCT5_UNSECURED_BONUS_DEBENTURE,BRITANNIA,N3,29.57,29.85,29.45,29.56,cm12APR2023bhav.csv.zip
2023-04-13,INE216A08027,BRITANNIA_2021_5PCT5_UNSECURED_BONUS_DEBENTURE,BRITANNIA,N3,29.53,29.67,29.46,29.51,cm13APR2023bhav.csv.zip
2023-04-17,INE216A08027,BRITANNIA_2021_5PCT5_UNSECURED_BONUS_DEBENTURE,BRITANNIA,N3,29.35,29.86,29.35,29.55,cm17APR2023bhav.csv.zip
2023-04-18,INE216A08027,BRITANNIA_2021_5PCT5_UNSECURED_BONUS_DEBENTURE,BRITANNIA,N3,29.55,29.6,29.5,29.58,cm18APR2023bhav.csv.zip
2023-04-19,INE216A08027,BRITANNIA_2021_5PCT5_UNSECURED_BONUS_DEBENTURE,BRITANNIA,N3,29.58,29.75,29.46,29.6,cm19APR2023bhav.csv.zip
2023-04-20,INE216A08027,BRITANNIA_2021_5PCT5_UNSECURED_BONUS_DEBENTURE,BRITANNIA,N3,29.6,29.74,29.48,29.5,cm20APR2023bhav.csv.zip
2023-04-21,INE216A08027,BRITANNIA_2021_5PCT5_UNSECURED_BONUS_DEBENTURE,BRITANNIA,N3,29.51,29.69,29.51,29.66,cm21APR2023bhav.csv.zip
2023-04-24,INE216A08027,BRITANNIA_2021_5PCT5_UNSECURED_BONUS_DEBENTURE,BRITANNIA,N3,29.52,29.66,29.52,29.59,cm24APR2023bhav.csv.zip
2023-04-25,INE216A08027,BRITANNIA_2021_5PCT5_UNSECURED_BONUS_DEBENTURE,BRITANNIA,N3,29.59,29.65,29.58,29.59,cm25APR2023bhav.csv.zip
2023-04-26,INE216A08027,BRITANNIA_2021_5PCT5_UNSECURED_BONUS_DEBENTURE,BRITANNIA,N3,29.59,29.79,29.58,29.62,cm26APR2023bhav.csv.zip
2023-04-27,INE216A08027,BRITANNIA_2021_5PCT5_UNSECURED_BONUS_DEBENTURE,BRITANNIA,N3,29.46,29.62,29.45,29.59,cm27APR2023bhav.csv.zip
2023-04-28,INE216A08027,BRITANNIA_2021_5PCT5_UNSECURED_BONUS_DEBENTURE,BRITANNIA,N3,29.5,29.7,29.5,29.57,cm28APR2023bhav.csv.zip
2023-05-02,INE216A08027,BRITANNIA_2021_5PCT5_UNSECURED_BONUS_DEBENTURE,BRITANNIA,N3,29.45,29.89,29.45,29.86,cm02MAY2023bhav.csv.zip
2023-05-03,INE216A08027,BRITANNIA_2021_5PCT5_UNSECURED_BONUS_DEBENTURE,BRITANNIA,N3,29.5,29.86,29.5,29.78,cm03MAY2023bhav.csv.zip
2023-05-04,INE216A08027,BRITANNIA_2021_5PCT5_UNSECURED_BONUS_DEBENTURE,BRITANNIA,N3,29.5,29.8,29.5,29.69,cm04MAY2023bhav.csv.zip
2023-05-05,INE216A08027,BRITANNIA_2021_5PCT5_UNSECURED_BONUS_DEBENTURE,BRITANNIA,N3,29.69,29.69,29.5,29.61,cm05MAY2023bhav.csv.zip
2023-05-08,INE216A08027,BRITANNIA_2021_5PCT5_UNSECURED_BONUS_DEBENTURE,BRITANNIA,N3,29.61,29.89,29.45,29.59,cm08MAY2023bhav.csv.zip
2023-05-09,INE216A08027,BRITANNIA_2021_5PCT5_UNSECURED_BONUS_DEBENTURE,BRITANNIA,N3,29.47,29.82,29.46,29.64,cm09MAY2023bhav.csv.zip
2023-05-10,INE216A08027,BRITANNIA_2021_5PCT5_UNSECURED_BONUS_DEBENTURE,BRITANNIA,N3,29.75,29.75,29.56,29.58,cm10MAY2023bhav.csv.zip
2023-05-11,INE216A08027,BRITANNIA_2021_5PCT5_UNSECURED_BONUS_DEBENTURE,BRITANNIA,N3,29.6,29.7,29.1,29.48,cm11MAY2023bhav.csv.zip
2023-05-12,INE216A08027,BRITANNIA_2021_5PCT5_UNSECURED_BONUS_DEBENTURE,BRITANNIA,N3,29.43,29.7,29.43,29.54,cm12MAY2023bhav.csv.zip
2023-05-15,INE216A08027,BRITANNIA_2021_5PCT5_UNSECURED_BONUS_DEBENTURE,BRITANNIA,N3,29.54,29.7,29.45,29.54,cm15MAY2023bhav.csv.zip
2023-05-16,INE216A08027,BRITANNIA_2021_5PCT5_UNSECURED_BONUS_DEBENTURE,BRITANNIA,N3,29.52,29.69,29.52,29.59,cm16MAY2023bhav.csv.zip
2023-05-17,INE216A08027,BRITANNIA_2021_5PCT5_UNSECURED_BONUS_DEBENTURE,BRITANNIA,N3,28.75,28.75,28.15,28.34,cm17MAY2023bhav.csv.zip
2023-05-18,INE216A08027,BRITANNIA_2021_5PCT5_UNSECURED_BONUS_DEBENTURE,BRITANNIA,N3,28.3,28.42,28.2,28.32,cm18MAY2023bhav.csv.zip
2023-05-19,INE216A08027,BRITANNIA_2021_5PCT5_UNSECURED_BONUS_DEBENTURE,BRITANNIA,N3,28.32,28.39,28.26,28.33,cm19MAY2023bhav.csv.zip
2023-05-22,INE216A08027,BRITANNIA_2021_5PCT5_UNSECURED_BONUS_DEBENTURE,BRITANNIA,N3,28.33,28.33,28.21,28.25,cm22MAY2023bhav.csv.zip
2023-05-23,INE216A08027,BRITANNIA_2021_5PCT5_UNSECURED_BONUS_DEBENTURE,BRITANNIA,N3,28.29,28.5,28.18,28.25,cm23MAY2023bhav.csv.zip
2023-05-24,INE216A08027,BRITANNIA_2021_5PCT5_UNSECURED_BONUS_DEBENTURE,BRITANNIA,N3,28.84,28.84,28.18,28.26,cm24MAY2023bhav.csv.zip
2023-05-25,INE216A08027,BRITANNIA_2021_5PCT5_UNSECURED_BONUS_DEBENTURE,BRITANNIA,N3,28.25,28.55,28,28.18,cm25MAY2023bhav.csv.zip
2023-05-26,INE216A08027,BRITANNIA_2021_5PCT5_UNSECURED_BONUS_DEBENTURE,BRITANNIA,N3,28.18,28.49,28.18,28.21,cm26MAY2023bhav.csv.zip
2023-05-29,INE216A08027,BRITANNIA_2021_5PCT5_UNSECURED_BONUS_DEBENTURE,BRITANNIA,N3,28.21,28.84,28.21,28.24,cm29MAY2023bhav.csv.zip
2023-05-30,INE216A08027,BRITANNIA_2021_5PCT5_UNSECURED_BONUS_DEBENTURE,BRITANNIA,N3,28.25,28.45,28.24,28.29,cm30MAY2023bhav.csv.zip
2023-05-31,INE216A08027,BRITANNIA_2021_5PCT5_UNSECURED_BONUS_DEBENTURE,BRITANNIA,N3,28.29,28.35,28.23,28.29,cm31MAY2023bhav.csv.zip
2023-06-01,INE216A08027,BRITANNIA_2021_5PCT5_UNSECURED_BONUS_DEBENTURE,BRITANNIA,N3,28.29,28.55,28,28.2,cm01JUN2023bhav.csv.zip
2023-06-02,INE216A08027,BRITANNIA_2021_5PCT5_UNSECURED_BONUS_DEBENTURE,BRITANNIA,N3,28.2,28.33,28.15,28.23,cm02JUN2023bhav.csv.zip
2023-06-05,INE216A08027,BRITANNIA_2021_5PCT5_UNSECURED_BONUS_DEBENTURE,BRITANNIA,N3,28.23,28.39,28.2,28.25,cm05JUN2023bhav.csv.zip
2023-06-06,INE216A08027,BRITANNIA_2021_5PCT5_UNSECURED_BONUS_DEBENTURE,BRITANNIA,N3,28.26,28.55,28.23,28.24,cm06JUN2023bhav.csv.zip
2023-06-07,INE216A08027,BRITANNIA_2021_5PCT5_UNSECURED_BONUS_DEBENTURE,BRITANNIA,N3,28.24,28.5,28.24,28.27,cm07JUN2023bhav.csv.zip
2023-06-08,INE216A08027,BRITANNIA_2021_5PCT5_UNSECURED_BONUS_DEBENTURE,BRITANNIA,N3,28.27,28.59,28.25,28.26,cm08JUN2023bhav.csv.zip
2023-06-09,INE216A08027,BRITANNIA_2021_5PCT5_UNSECURED_BONUS_DEBENTURE,BRITANNIA,N3,28.84,28.84,28.26,28.26,cm09JUN2023bhav.csv.zip
2023-06-12,INE216A08027,BRITANNIA_2021_5PCT5_UNSECURED_BONUS_DEBENTURE,BRITANNIA,N3,28.3,28.53,28.25,28.31,cm12JUN2023bhav.csv.zip
2023-06-13,INE216A08027,BRITANNIA_2021_5PCT5_UNSECURED_BONUS_DEBENTURE,BRITANNIA,N3,28.31,28.84,28.25,28.31,cm13JUN2023bhav.csv.zip
2023-06-14,INE216A08027,BRITANNIA_2021_5PCT5_UNSECURED_BONUS_DEBENTURE,BRITANNIA,N3,28.31,28.49,28.28,28.31,cm14JUN2023bhav.csv.zip
2023-06-15,INE216A08027,BRITANNIA_2021_5PCT5_UNSECURED_BONUS_DEBENTURE,BRITANNIA,N3,28.49,28.49,28.28,28.3,cm15JUN2023bhav.csv.zip
2023-06-16,INE216A08027,BRITANNIA_2021_5PCT5_UNSECURED_BONUS_DEBENTURE,BRITANNIA,N3,28.3,28.84,28.2,28.21,cm16JUN2023bhav.csv.zip
2023-06-19,INE216A08027,BRITANNIA_2021_5PCT5_UNSECURED_BONUS_DEBENTURE,BRITANNIA,N3,28.21,28.59,28.21,28.32,cm19JUN2023bhav.csv.zip
2023-06-20,INE216A08027,BRITANNIA_2021_5PCT5_UNSECURED_BONUS_DEBENTURE,BRITANNIA,N3,28.22,28.48,28.16,28.26,cm20JUN2023bhav.csv.zip
2023-06-21,INE216A08027,BRITANNIA_2021_5PCT5_UNSECURED_BONUS_DEBENTURE,BRITANNIA,N3,28.27,28.4,28.27,28.3,cm21JUN2023bhav.csv.zip
2023-06-22,INE216A08027,BRITANNIA_2021_5PCT5_UNSECURED_BONUS_DEBENTURE,BRITANNIA,N3,28.3,28.49,28.17,28.19,cm22JUN2023bhav.csv.zip
2023-06-23,INE216A08027,BRITANNIA_2021_5PCT5_UNSECURED_BONUS_DEBENTURE,BRITANNIA,N3,28.19,28.39,28.19,28.29,cm23JUN2023bhav.csv.zip
2023-06-26,INE216A08027,BRITANNIA_2021_5PCT5_UNSECURED_BONUS_DEBENTURE,BRITANNIA,N3,28.29,28.51,28.06,28.25,cm26JUN2023bhav.csv.zip
2023-06-27,INE216A08027,BRITANNIA_2021_5PCT5_UNSECURED_BONUS_DEBENTURE,BRITANNIA,N3,28.25,28.49,28.25,28.27,cm27JUN2023bhav.csv.zip
2023-06-28,INE216A08027,BRITANNIA_2021_5PCT5_UNSECURED_BONUS_DEBENTURE,BRITANNIA,N3,28.27,28.47,28.21,28.43,cm28JUN2023bhav.csv.zip
2023-06-30,INE216A08027,BRITANNIA_2021_5PCT5_UNSECURED_BONUS_DEBENTURE,BRITANNIA,N3,28.49,28.49,28.17,28.27,cm30JUN2023bhav.csv.zip
2023-07-03,INE216A08027,BRITANNIA_2021_5PCT5_UNSECURED_BONUS_DEBENTURE,BRITANNIA,N3,28.27,28.45,28.27,28.31,cm03JUL2023bhav.csv.zip
2023-07-04,INE216A08027,BRITANNIA_2021_5PCT5_UNSECURED_BONUS_DEBENTURE,BRITANNIA,N3,28.32,28.49,28.1,28.16,cm04JUL2023bhav.csv.zip
2023-07-05,INE216A08027,BRITANNIA_2021_5PCT5_UNSECURED_BONUS_DEBENTURE,BRITANNIA,N3,28.16,28.45,28.16,28.38,cm05JUL2023bhav.csv.zip
2023-07-06,INE216A08027,BRITANNIA_2021_5PCT5_UNSECURED_BONUS_DEBENTURE,BRITANNIA,N3,28.37,28.38,28.31,28.31,cm06JUL2023bhav.csv.zip
2023-07-07,INE216A08027,BRITANNIA_2021_5PCT5_UNSECURED_BONUS_DEBENTURE,BRITANNIA,N3,28.5,28.94,28.22,28.35,cm07JUL2023bhav.csv.zip
2023-07-10,INE216A08027,BRITANNIA_2021_5PCT5_UNSECURED_BONUS_DEBENTURE,BRITANNIA,N3,28.49,28.49,28.31,28.31,cm10JUL2023bhav.csv.zip
2023-07-11,INE216A08027,BRITANNIA_2021_5PCT5_UNSECURED_BONUS_DEBENTURE,BRITANNIA,N3,28.18,28.49,28.18,28.3,cm11JUL2023bhav.csv.zip
2023-07-12,INE216A08027,BRITANNIA_2021_5PCT5_UNSECURED_BONUS_DEBENTURE,BRITANNIA,N3,28.49,28.49,28.25,28.29,cm12JUL2023bhav.csv.zip
2023-07-13,INE216A08027,BRITANNIA_2021_5PCT5_UNSECURED_BONUS_DEBENTURE,BRITANNIA,N3,28.29,28.4,28.29,28.36,cm13JUL2023bhav.csv.zip
2023-07-14,INE216A08027,BRITANNIA_2021_5PCT5_UNSECURED_BONUS_DEBENTURE,BRITANNIA,N3,28.3,28.75,28.27,28.4,cm14JUL2023bhav.csv.zip
2023-07-17,INE216A08027,BRITANNIA_2021_5PCT5_UNSECURED_BONUS_DEBENTURE,BRITANNIA,N3,28.4,28.7,28.31,28.35,cm17JUL2023bhav.csv.zip
2023-07-18,INE216A08027,BRITANNIA_2021_5PCT5_UNSECURED_BONUS_DEBENTURE,BRITANNIA,N3,28.35,28.94,28.35,28.35,cm18JUL2023bhav.csv.zip
2023-07-19,INE216A08027,BRITANNIA_2021_5PCT5_UNSECURED_BONUS_DEBENTURE,BRITANNIA,N3,28.15,28.45,28.15,28.43,cm19JUL2023bhav.csv.zip
2023-07-20,INE216A08027,BRITANNIA_2021_5PCT5_UNSECURED_BONUS_DEBENTURE,BRITANNIA,N3,28.43,28.43,28.31,28.37,cm20JUL2023bhav.csv.zip
2023-07-21,INE216A08027,BRITANNIA_2021_5PCT5_UNSECURED_BONUS_DEBENTURE,BRITANNIA,N3,28.37,28.94,28.26,28.44,cm21JUL2023bhav.csv.zip
2023-07-24,INE216A08027,BRITANNIA_2021_5PCT5_UNSECURED_BONUS_DEBENTURE,BRITANNIA,N3,28.44,28.68,28.15,28.39,cm24JUL2023bhav.csv.zip
2023-07-25,INE216A08027,BRITANNIA_2021_5PCT5_UNSECURED_BONUS_DEBENTURE,BRITANNIA,N3,28.15,28.58,28.15,28.36,cm25JUL2023bhav.csv.zip
2023-07-26,INE216A08027,BRITANNIA_2021_5PCT5_UNSECURED_BONUS_DEBENTURE,BRITANNIA,N3,28.36,28.65,28.17,28.38,cm26JUL2023bhav.csv.zip
2023-07-27,INE216A08027,BRITANNIA_2021_5PCT5_UNSECURED_BONUS_DEBENTURE,BRITANNIA,N3,28.38,28.85,28.36,28.64,cm27JUL2023bhav.csv.zip
2023-07-28,INE216A08027,BRITANNIA_2021_5PCT5_UNSECURED_BONUS_DEBENTURE,BRITANNIA,N3,28.41,28.69,28.35,28.39,cm28JUL2023bhav.csv.zip
2023-07-31,INE216A08027,BRITANNIA_2021_5PCT5_UNSECURED_BONUS_DEBENTURE,BRITANNIA,N3,28.39,28.89,28.35,28.37,cm31JUL2023bhav.csv.zip
2023-08-01,INE216A08027,BRITANNIA_2021_5PCT5_UNSECURED_BONUS_DEBENTURE,BRITANNIA,N3,28.28,28.49,28.28,28.42,cm01AUG2023bhav.csv.zip
2023-08-02,INE216A08027,BRITANNIA_2021_5PCT5_UNSECURED_BONUS_DEBENTURE,BRITANNIA,N3,28.42,28.79,28.26,28.46,cm02AUG2023bhav.csv.zip
2023-08-03,INE216A08027,BRITANNIA_2021_5PCT5_UNSECURED_BONUS_DEBENTURE,BRITANNIA,N3,28.46,28.94,28.35,28.51,cm03AUG2023bhav.csv.zip
2023-08-04,INE216A08027,BRITANNIA_2021_5PCT5_UNSECURED_BONUS_DEBENTURE,BRITANNIA,N3,28.51,28.51,28.34,28.44,cm04AUG2023bhav.csv.zip
2023-08-07,INE216A08027,BRITANNIA_2021_5PCT5_UNSECURED_BONUS_DEBENTURE,BRITANNIA,N3,28.4,28.69,28.4,28.62,cm07AUG2023bhav.csv.zip
2023-08-08,INE216A08027,BRITANNIA_2021_5PCT5_UNSECURED_BONUS_DEBENTURE,BRITANNIA,N3,28.4,28.68,28.3,28.45,cm08AUG2023bhav.csv.zip
2023-08-09,INE216A08027,BRITANNIA_2021_5PCT5_UNSECURED_BONUS_DEBENTURE,BRITANNIA,N3,28.45,28.64,28.45,28.5,cm09AUG2023bhav.csv.zip
2023-08-10,INE216A08027,BRITANNIA_2021_5PCT5_UNSECURED_BONUS_DEBENTURE,BRITANNIA,N3,28.5,28.68,28.46,28.63,cm10AUG2023bhav.csv.zip
2023-08-11,INE216A08027,BRITANNIA_2021_5PCT5_UNSECURED_BONUS_DEBENTURE,BRITANNIA,N3,28.5,28.63,28.48,28.52,cm11AUG2023bhav.csv.zip
2023-08-14,INE216A08027,BRITANNIA_2021_5PCT5_UNSECURED_BONUS_DEBENTURE,BRITANNIA,N3,28.52,28.7,28.52,28.56,cm14AUG2023bhav.csv.zip
2023-08-16,INE216A08027,BRITANNIA_2021_5PCT5_UNSECURED_BONUS_DEBENTURE,BRITANNIA,N3,28.56,28.73,28.47,28.6,cm16AUG2023bhav.csv.zip
2023-08-17,INE216A08027,BRITANNIA_2021_5PCT5_UNSECURED_BONUS_DEBENTURE,BRITANNIA,N3,28.4,28.79,28.4,28.6,cm17AUG2023bhav.csv.zip
2023-08-18,INE216A08027,BRITANNIA_2021_5PCT5_UNSECURED_BONUS_DEBENTURE,BRITANNIA,N3,28.6,28.9,28.43,28.59,cm18AUG2023bhav.csv.zip
2023-08-21,INE216A08027,BRITANNIA_2021_5PCT5_UNSECURED_BONUS_DEBENTURE,BRITANNIA,N3,28.6,28.72,28.46,28.59,cm21AUG2023bhav.csv.zip
2023-08-22,INE216A08027,BRITANNIA_2021_5PCT5_UNSECURED_BONUS_DEBENTURE,BRITANNIA,N3,28.6,28.71,28.53,28.6,cm22AUG2023bhav.csv.zip
2023-08-23,INE216A08027,BRITANNIA_2021_5PCT5_UNSECURED_BONUS_DEBENTURE,BRITANNIA,N3,28.6,28.89,28.57,28.58,cm23AUG2023bhav.csv.zip
2023-08-24,INE216A08027,BRITANNIA_2021_5PCT5_UNSECURED_BONUS_DEBENTURE,BRITANNIA,N3,28.6,28.94,28.6,28.8,cm24AUG2023bhav.csv.zip
2023-08-25,INE216A08027,BRITANNIA_2021_5PCT5_UNSECURED_BONUS_DEBENTURE,BRITANNIA,N3,28.65,28.68,28.51,28.63,cm25AUG2023bhav.csv.zip
2023-08-28,INE216A08027,BRITANNIA_2021_5PCT5_UNSECURED_BONUS_DEBENTURE,BRITANNIA,N3,28.63,28.84,28.63,28.64,cm28AUG2023bhav.csv.zip
2023-08-29,INE216A08027,BRITANNIA_2021_5PCT5_UNSECURED_BONUS_DEBENTURE,BRITANNIA,N3,28.64,28.79,28.52,28.7,cm29AUG2023bhav.csv.zip
2023-08-30,INE216A08027,BRITANNIA_2021_5PCT5_UNSECURED_BONUS_DEBENTURE,BRITANNIA,N3,28.7,28.79,28.64,28.7,cm30AUG2023bhav.csv.zip
2023-08-31,INE216A08027,BRITANNIA_2021_5PCT5_UNSECURED_BONUS_DEBENTURE,BRITANNIA,N3,28.99,28.99,28.66,28.73,cm31AUG2023bhav.csv.zip
2023-09-01,INE216A08027,BRITANNIA_2021_5PCT5_UNSECURED_BONUS_DEBENTURE,BRITANNIA,N3,28.73,28.99,28.63,28.67,cm01SEP2023bhav.csv.zip
2023-09-04,INE216A08027,BRITANNIA_2021_5PCT5_UNSECURED_BONUS_DEBENTURE,BRITANNIA,N3,28.67,28.98,28.6,28.68,cm04SEP2023bhav.csv.zip
2023-09-05,INE216A08027,BRITANNIA_2021_5PCT5_UNSECURED_BONUS_DEBENTURE,BRITANNIA,N3,28.68,28.99,28.66,28.74,cm05SEP2023bhav.csv.zip
2023-09-06,INE216A08027,BRITANNIA_2021_5PCT5_UNSECURED_BONUS_DEBENTURE,BRITANNIA,N3,28.68,28.95,28.68,28.75,cm06SEP2023bhav.csv.zip
2023-09-07,INE216A08027,BRITANNIA_2021_5PCT5_UNSECURED_BONUS_DEBENTURE,BRITANNIA,N3,28.99,28.99,28.63,28.73,cm07SEP2023bhav.csv.zip
2023-09-08,INE216A08027,BRITANNIA_2021_5PCT5_UNSECURED_BONUS_DEBENTURE,BRITANNIA,N3,28.5,28.95,28.5,28.76,cm08SEP2023bhav.csv.zip
2023-09-11,INE216A08027,BRITANNIA_2021_5PCT5_UNSECURED_BONUS_DEBENTURE,BRITANNIA,N3,28.76,29.85,28.55,28.74,cm11SEP2023bhav.csv.zip
2023-09-12,INE216A08027,BRITANNIA_2021_5PCT5_UNSECURED_BONUS_DEBENTURE,BRITANNIA,N3,28.74,29.25,28.74,28.77,cm12SEP2023bhav.csv.zip
2023-09-13,INE216A08027,BRITANNIA_2021_5PCT5_UNSECURED_BONUS_DEBENTURE,BRITANNIA,N3,28.95,28.95,28.75,28.78,cm13SEP2023bhav.csv.zip
2023-09-14,INE216A08027,BRITANNIA_2021_5PCT5_UNSECURED_BONUS_DEBENTURE,BRITANNIA,N3,28.75,28.94,28.75,28.79,cm14SEP2023bhav.csv.zip
2023-09-15,INE216A08027,BRITANNIA_2021_5PCT5_UNSECURED_BONUS_DEBENTURE,BRITANNIA,N3,28.77,29.27,28.77,28.8,cm15SEP2023bhav.csv.zip
2023-09-18,INE216A08027,BRITANNIA_2021_5PCT5_UNSECURED_BONUS_DEBENTURE,BRITANNIA,N3,28.8,29,28.56,28.92,cm18SEP2023bhav.csv.zip
2023-09-20,INE216A08027,BRITANNIA_2021_5PCT5_UNSECURED_BONUS_DEBENTURE,BRITANNIA,N3,28.92,28.92,28.74,28.82,cm20SEP2023bhav.csv.zip
2023-09-21,INE216A08027,BRITANNIA_2021_5PCT5_UNSECURED_BONUS_DEBENTURE,BRITANNIA,N3,28.82,28.99,28.82,28.91,cm21SEP2023bhav.csv.zip
2023-09-22,INE216A08027,BRITANNIA_2021_5PCT5_UNSECURED_BONUS_DEBENTURE,BRITANNIA,N3,28.85,29.25,28.82,28.96,cm22SEP2023bhav.csv.zip
2023-09-25,INE216A08027,BRITANNIA_2021_5PCT5_UNSECURED_BONUS_DEBENTURE,BRITANNIA,N3,28.99,28.99,28.27,28.88,cm25SEP2023bhav.csv.zip
2023-09-26,INE216A08027,BRITANNIA_2021_5PCT5_UNSECURED_BONUS_DEBENTURE,BRITANNIA,N3,28.88,29,28.86,28.88,cm26SEP2023bhav.csv.zip
2023-09-27,INE216A08027,BRITANNIA_2021_5PCT5_UNSECURED_BONUS_DEBENTURE,BRITANNIA,N3,28.87,29.29,28.87,28.89,cm27SEP2023bhav.csv.zip
2023-09-28,INE216A08027,BRITANNIA_2021_5PCT5_UNSECURED_BONUS_DEBENTURE,BRITANNIA,N3,28.92,29.24,28.92,28.94,cm28SEP2023bhav.csv.zip
2023-09-29,INE216A08027,BRITANNIA_2021_5PCT5_UNSECURED_BONUS_DEBENTURE,BRITANNIA,N3,28.94,29.19,28.66,28.94,cm29SEP2023bhav.csv.zip
2023-10-03,INE216A08027,BRITANNIA_2021_5PCT5_UNSECURED_BONUS_DEBENTURE,BRITANNIA,N3,28.85,29.45,28.85,28.96,cm03OCT2023bhav.csv.zip
2023-10-04,INE216A08027,BRITANNIA_2021_5PCT5_UNSECURED_BONUS_DEBENTURE,BRITANNIA,N3,28.96,29.39,28.82,28.97,cm04OCT2023bhav.csv.zip
2023-10-05,INE216A08027,BRITANNIA_2021_5PCT5_UNSECURED_BONUS_DEBENTURE,BRITANNIA,N3,28.97,29.29,28.97,28.99,cm05OCT2023bhav.csv.zip
2023-10-06,INE216A08027,BRITANNIA_2021_5PCT5_UNSECURED_BONUS_DEBENTURE,BRITANNIA,N3,29,29.29,28.99,29,cm06OCT2023bhav.csv.zip
2023-10-09,INE216A08027,BRITANNIA_2021_5PCT5_UNSECURED_BONUS_DEBENTURE,BRITANNIA,N3,29,29.19,28.56,29,cm09OCT2023bhav.csv.zip
2023-10-10,INE216A08027,BRITANNIA_2021_5PCT5_UNSECURED_BONUS_DEBENTURE,BRITANNIA,N3,28.95,29.19,28.95,29.03,cm10OCT2023bhav.csv.zip
2023-10-11,INE216A08027,BRITANNIA_2021_5PCT5_UNSECURED_BONUS_DEBENTURE,BRITANNIA,N3,29.03,29.2,28.61,29.07,cm11OCT2023bhav.csv.zip
2023-10-12,INE216A08027,BRITANNIA_2021_5PCT5_UNSECURED_BONUS_DEBENTURE,BRITANNIA,N3,29,29.2,29,29.06,cm12OCT2023bhav.csv.zip
2023-10-13,INE216A08027,BRITANNIA_2021_5PCT5_UNSECURED_BONUS_DEBENTURE,BRITANNIA,N3,29.06,29.45,28.55,29.01,cm13OCT2023bhav.csv.zip
2023-10-16,INE216A08027,BRITANNIA_2021_5PCT5_UNSECURED_BONUS_DEBENTURE,BRITANNIA,N3,29.01,29.4,29.01,29.29,cm16OCT2023bhav.csv.zip
2023-10-17,INE216A08027,BRITANNIA_2021_5PCT5_UNSECURED_BONUS_DEBENTURE,BRITANNIA,N3,29.09,29.39,29.09,29.22,cm17OCT2023bhav.csv.zip
2023-10-18,INE216A08027,BRITANNIA_2021_5PCT5_UNSECURED_BONUS_DEBENTURE,BRITANNIA,N3,29,29.28,29,29.12,cm18OCT2023bhav.csv.zip
2023-10-19,INE216A08027,BRITANNIA_2021_5PCT5_UNSECURED_BONUS_DEBENTURE,BRITANNIA,N3,29,29.22,28.67,29.2,cm19OCT2023bhav.csv.zip
2023-10-20,INE216A08027,BRITANNIA_2021_5PCT5_UNSECURED_BONUS_DEBENTURE,BRITANNIA,N3,29.01,29.25,29.01,29.16,cm20OCT2023bhav.csv.zip
2023-10-23,INE216A08027,BRITANNIA_2021_5PCT5_UNSECURED_BONUS_DEBENTURE,BRITANNIA,N3,29.16,29.16,29.12,29.12,cm23OCT2023bhav.csv.zip
2023-10-25,INE216A08027,BRITANNIA_2021_5PCT5_UNSECURED_BONUS_DEBENTURE,BRITANNIA,N3,29.12,29.37,29.12,29.14,cm25OCT2023bhav.csv.zip
2023-10-26,INE216A08027,BRITANNIA_2021_5PCT5_UNSECURED_BONUS_DEBENTURE,BRITANNIA,N3,29,29.25,28.9,29.14,cm26OCT2023bhav.csv.zip
2023-10-27,INE216A08027,BRITANNIA_2021_5PCT5_UNSECURED_BONUS_DEBENTURE,BRITANNIA,N3,28.92,29.34,28.92,29.14,cm27OCT2023bhav.csv.zip
2023-10-30,INE216A08027,BRITANNIA_2021_5PCT5_UNSECURED_BONUS_DEBENTURE,BRITANNIA,N3,29.14,29.34,29.14,29.16,cm30OCT2023bhav.csv.zip
2023-10-31,INE216A08027,BRITANNIA_2021_5PCT5_UNSECURED_BONUS_DEBENTURE,BRITANNIA,N3,29.16,29.33,29.16,29.17,cm31OCT2023bhav.csv.zip
2023-11-01,INE216A08027,BRITANNIA_2021_5PCT5_UNSECURED_BONUS_DEBENTURE,BRITANNIA,N3,29.17,29.33,29.16,29.16,cm01NOV2023bhav.csv.zip
2023-11-02,INE216A08027,BRITANNIA_2021_5PCT5_UNSECURED_BONUS_DEBENTURE,BRITANNIA,N3,29.16,29.24,29.16,29.18,cm02NOV2023bhav.csv.zip
2023-11-03,INE216A08027,BRITANNIA_2021_5PCT5_UNSECURED_BONUS_DEBENTURE,BRITANNIA,N3,29.18,29.33,28.81,29.19,cm03NOV2023bhav.csv.zip
2023-11-06,INE216A08027,BRITANNIA_2021_5PCT5_UNSECURED_BONUS_DEBENTURE,BRITANNIA,N3,29.09,29.31,29.09,29.2,cm06NOV2023bhav.csv.zip
2023-11-07,INE216A08027,BRITANNIA_2021_5PCT5_UNSECURED_BONUS_DEBENTURE,BRITANNIA,N3,29.2,29.34,29.1,29.21,cm07NOV2023bhav.csv.zip
2023-11-08,INE216A08027,BRITANNIA_2021_5PCT5_UNSECURED_BONUS_DEBENTURE,BRITANNIA,N3,29.21,29.34,29.21,29.22,cm08NOV2023bhav.csv.zip
2023-11-09,INE216A08027,BRITANNIA_2021_5PCT5_UNSECURED_BONUS_DEBENTURE,BRITANNIA,N3,29.22,29.4,29.03,29.23,cm09NOV2023bhav.csv.zip
2023-11-10,INE216A08027,BRITANNIA_2021_5PCT5_UNSECURED_BONUS_DEBENTURE,BRITANNIA,N3,29.23,29.3,29.23,29.24,cm10NOV2023bhav.csv.zip
2023-11-12,INE216A08027,BRITANNIA_2021_5PCT5_UNSECURED_BONUS_DEBENTURE,BRITANNIA,N3,29,29.39,29,29.36,cm12NOV2023bhav.csv.zip
2023-11-13,INE216A08027,BRITANNIA_2021_5PCT5_UNSECURED_BONUS_DEBENTURE,BRITANNIA,N3,29.36,29.36,29.25,29.26,cm13NOV2023bhav.csv.zip
2023-11-15,INE216A08027,BRITANNIA_2021_5PCT5_UNSECURED_BONUS_DEBENTURE,BRITANNIA,N3,29.26,29.4,29.11,29.27,cm15NOV2023bhav.csv.zip
2023-11-16,INE216A08027,BRITANNIA_2021_5PCT5_UNSECURED_BONUS_DEBENTURE,BRITANNIA,N3,29.27,29.4,29.21,29.23,cm16NOV2023bhav.csv.zip
2023-11-17,INE216A08027,BRITANNIA_2021_5PCT5_UNSECURED_BONUS_DEBENTURE,BRITANNIA,N3,29.24,29.38,29.24,29.26,cm17NOV2023bhav.csv.zip
2023-11-20,INE216A08027,BRITANNIA_2021_5PCT5_UNSECURED_BONUS_DEBENTURE,BRITANNIA,N3,29.26,29.39,29.2,29.26,cm20NOV2023bhav.csv.zip
2023-11-21,INE216A08027,BRITANNIA_2021_5PCT5_UNSECURED_BONUS_DEBENTURE,BRITANNIA,N3,29.26,29.39,29.2,29.28,cm21NOV2023bhav.csv.zip
2023-11-22,INE216A08027,BRITANNIA_2021_5PCT5_UNSECURED_BONUS_DEBENTURE,BRITANNIA,N3,29.28,29.4,29.21,29.29,cm22NOV2023bhav.csv.zip
2023-11-23,INE216A08027,BRITANNIA_2021_5PCT5_UNSECURED_BONUS_DEBENTURE,BRITANNIA,N3,29.29,29.4,28.86,29.27,cm23NOV2023bhav.csv.zip
2023-11-24,INE216A08027,BRITANNIA_2021_5PCT5_UNSECURED_BONUS_DEBENTURE,BRITANNIA,N3,29.3,29.38,29.25,29.3,cm24NOV2023bhav.csv.zip
2023-11-28,INE216A08027,BRITANNIA_2021_5PCT5_UNSECURED_BONUS_DEBENTURE,BRITANNIA,N3,29.2,29.4,29.1,29.32,cm28NOV2023bhav.csv.zip
2023-11-29,INE216A08027,BRITANNIA_2021_5PCT5_UNSECURED_BONUS_DEBENTURE,BRITANNIA,N3,29.32,29.4,29.26,29.33,cm29NOV2023bhav.csv.zip
2023-11-30,INE216A08027,BRITANNIA_2021_5PCT5_UNSECURED_BONUS_DEBENTURE,BRITANNIA,N3,29.33,29.4,29.3,29.36,cm30NOV2023bhav.csv.zip
2023-12-01,INE216A08027,BRITANNIA_2021_5PCT5_UNSECURED_BONUS_DEBENTURE,BRITANNIA,N3,29.13,29.37,29.13,29.34,cm01DEC2023bhav.csv.zip
2023-12-04,INE216A08027,BRITANNIA_2021_5PCT5_UNSECURED_BONUS_DEBENTURE,BRITANNIA,N3,29.15,29.38,29.15,29.25,cm04DEC2023bhav.csv.zip
2023-12-05,INE216A08027,BRITANNIA_2021_5PCT5_UNSECURED_BONUS_DEBENTURE,BRITANNIA,N3,29.25,29.4,29.25,29.29,cm05DEC2023bhav.csv.zip
2023-12-06,INE216A08027,BRITANNIA_2021_5PCT5_UNSECURED_BONUS_DEBENTURE,BRITANNIA,N3,29.29,29.4,29.16,29.31,cm06DEC2023bhav.csv.zip
2023-12-07,INE216A08027,BRITANNIA_2021_5PCT5_UNSECURED_BONUS_DEBENTURE,BRITANNIA,N3,29.31,29.4,29.2,29.31,cm07DEC2023bhav.csv.zip
2023-12-08,INE216A08027,BRITANNIA_2021_5PCT5_UNSECURED_BONUS_DEBENTURE,BRITANNIA,N3,29.21,29.33,29.21,29.32,cm08DEC2023bhav.csv.zip
2023-12-11,INE216A08027,BRITANNIA_2021_5PCT5_UNSECURED_BONUS_DEBENTURE,BRITANNIA,N3,29.3,29.36,29.22,29.3,cm11DEC2023bhav.csv.zip
2023-12-12,INE216A08027,BRITANNIA_2021_5PCT5_UNSECURED_BONUS_DEBENTURE,BRITANNIA,N3,29.3,29.4,29.22,29.29,cm12DEC2023bhav.csv.zip
2023-12-13,INE216A08027,BRITANNIA_2021_5PCT5_UNSECURED_BONUS_DEBENTURE,BRITANNIA,N3,29.3,29.4,29.22,29.26,cm13DEC2023bhav.csv.zip
2023-12-14,INE216A08027,BRITANNIA_2021_5PCT5_UNSECURED_BONUS_DEBENTURE,BRITANNIA,N3,29.26,29.4,29.24,29.26,cm14DEC2023bhav.csv.zip
2023-12-15,INE216A08027,BRITANNIA_2021_5PCT5_UNSECURED_BONUS_DEBENTURE,BRITANNIA,N3,29.26,29.4,29.25,29.26,cm15DEC2023bhav.csv.zip
2023-12-18,INE216A08027,BRITANNIA_2021_5PCT5_UNSECURED_BONUS_DEBENTURE,BRITANNIA,N3,29.26,29.95,29.2,29.33,cm18DEC2023bhav.csv.zip
2023-12-19,INE216A08027,BRITANNIA_2021_5PCT5_UNSECURED_BONUS_DEBENTURE,BRITANNIA,N3,29.23,29.5,29.23,29.33,cm19DEC2023bhav.csv.zip
2023-12-20,INE216A08027,BRITANNIA_2021_5PCT5_UNSECURED_BONUS_DEBENTURE,BRITANNIA,N3,29.33,29.4,29.26,29.37,cm20DEC2023bhav.csv.zip
2023-12-21,INE216A08027,BRITANNIA_2021_5PCT5_UNSECURED_BONUS_DEBENTURE,BRITANNIA,N3,29.15,29.5,29.15,29.34,cm21DEC2023bhav.csv.zip
2023-12-22,INE216A08027,BRITANNIA_2021_5PCT5_UNSECURED_BONUS_DEBENTURE,BRITANNIA,N3,29.24,29.35,29.24,29.31,cm22DEC2023bhav.csv.zip
2023-12-26,INE216A08027,BRITANNIA_2021_5PCT5_UNSECURED_BONUS_DEBENTURE,BRITANNIA,N3,29.31,29.95,29.31,29.37,cm26DEC2023bhav.csv.zip
2023-12-27,INE216A08027,BRITANNIA_2021_5PCT5_UNSECURED_BONUS_DEBENTURE,BRITANNIA,N3,29.95,29.95,29.35,29.38,cm27DEC2023bhav.csv.zip
2023-12-28,INE216A08027,BRITANNIA_2021_5PCT5_UNSECURED_BONUS_DEBENTURE,BRITANNIA,N3,29.29,29.63,29.29,29.44,cm28DEC2023bhav.csv.zip
2023-12-29,INE216A08027,BRITANNIA_2021_5PCT5_UNSECURED_BONUS_DEBENTURE,BRITANNIA,N3,29.28,29.6,29.28,29.42,cm29DEC2023bhav.csv.zip
2024-01-01,INE216A08027,BRITANNIA_2021_5PCT5_UNSECURED_BONUS_DEBENTURE,BRITANNIA,N3,29.42,29.67,29.41,29.51,BhavCopy_NSE_CM_0_0_0_20240101_F_0000.csv.zip
2024-01-02,INE216A08027,BRITANNIA_2021_5PCT5_UNSECURED_BONUS_DEBENTURE,BRITANNIA,N3,29.51,29.55,29.44,29.45,BhavCopy_NSE_CM_0_0_0_20240102_F_0000.csv.zip
2024-01-03,INE216A08027,BRITANNIA_2021_5PCT5_UNSECURED_BONUS_DEBENTURE,BRITANNIA,N3,29.95,29.95,29.41,29.5,BhavCopy_NSE_CM_0_0_0_20240103_F_0000.csv.zip
2024-01-04,INE216A08027,BRITANNIA_2021_5PCT5_UNSECURED_BONUS_DEBENTURE,BRITANNIA,N3,29.95,29.95,29.45,29.45,BhavCopy_NSE_CM_0_0_0_20240104_F_0000.csv.zip
2024-01-05,INE216A08027,BRITANNIA_2021_5PCT5_UNSECURED_BONUS_DEBENTURE,BRITANNIA,N3,29.45,29.71,29.45,29.59,BhavCopy_NSE_CM_0_0_0_20240105_F_0000.csv.zip
2024-01-08,INE216A08027,BRITANNIA_2021_5PCT5_UNSECURED_BONUS_DEBENTURE,BRITANNIA,N3,29.39,29.95,29.39,29.55,BhavCopy_NSE_CM_0_0_0_20240108_F_0000.csv.zip
2024-01-09,INE216A08027,BRITANNIA_2021_5PCT5_UNSECURED_BONUS_DEBENTURE,BRITANNIA,N3,29.39,29.69,29.39,29.63,BhavCopy_NSE_CM_0_0_0_20240109_F_0000.csv.zip
2024-01-10,INE216A08027,BRITANNIA_2021_5PCT5_UNSECURED_BONUS_DEBENTURE,BRITANNIA,N3,29.63,29.69,29.55,29.55,BhavCopy_NSE_CM_0_0_0_20240110_F_0000.csv.zip
2024-01-11,INE216A08027,BRITANNIA_2021_5PCT5_UNSECURED_BONUS_DEBENTURE,BRITANNIA,N3,29.95,29.95,29.55,29.55,BhavCopy_NSE_CM_0_0_0_20240111_F_0000.csv.zip
2024-01-12,INE216A08027,BRITANNIA_2021_5PCT5_UNSECURED_BONUS_DEBENTURE,BRITANNIA,N3,29.55,29.79,29.52,29.56,BhavCopy_NSE_CM_0_0_0_20240112_F_0000.csv.zip
2024-01-15,INE216A08027,BRITANNIA_2021_5PCT5_UNSECURED_BONUS_DEBENTURE,BRITANNIA,N3,29.57,29.7,29.56,29.59,BhavCopy_NSE_CM_0_0_0_20240115_F_0000.csv.zip
2024-01-16,INE216A08027,BRITANNIA_2021_5PCT5_UNSECURED_BONUS_DEBENTURE,BRITANNIA,N3,29.59,29.69,29.59,29.62,BhavCopy_NSE_CM_0_0_0_20240116_F_0000.csv.zip
2024-01-17,INE216A08027,BRITANNIA_2021_5PCT5_UNSECURED_BONUS_DEBENTURE,BRITANNIA,N3,29.6,29.75,29.58,29.62,BhavCopy_NSE_CM_0_0_0_20240117_F_0000.csv.zip
2024-01-18,INE216A08027,BRITANNIA_2021_5PCT5_UNSECURED_BONUS_DEBENTURE,BRITANNIA,N3,29.95,29.95,29.6,29.69,BhavCopy_NSE_CM_0_0_0_20240118_F_0000.csv.zip
2024-01-19,INE216A08027,BRITANNIA_2021_5PCT5_UNSECURED_BONUS_DEBENTURE,BRITANNIA,N3,29.67,29.94,29.64,29.65,BhavCopy_NSE_CM_0_0_0_20240119_F_0000.csv.zip
2024-01-23,INE216A08027,BRITANNIA_2021_5PCT5_UNSECURED_BONUS_DEBENTURE,BRITANNIA,N3,29.67,29.95,29.6,29.7,BhavCopy_NSE_CM_0_0_0_20240123_F_0000.csv.zip
2024-01-24,INE216A08027,BRITANNIA_2021_5PCT5_UNSECURED_BONUS_DEBENTURE,BRITANNIA,N3,29.63,29.72,29.63,29.63,BhavCopy_NSE_CM_0_0_0_20240124_F_0000.csv.zip
2024-01-25,INE216A08027,BRITANNIA_2021_5PCT5_UNSECURED_BONUS_DEBENTURE,BRITANNIA,N3,29.63,29.88,29.63,29.69,BhavCopy_NSE_CM_0_0_0_20240125_F_0000.csv.zip
2024-01-29,INE216A08027,BRITANNIA_2021_5PCT5_UNSECURED_BONUS_DEBENTURE,BRITANNIA,N3,29.69,29.74,29.56,29.68,BhavCopy_NSE_CM_0_0_0_20240129_F_0000.csv.zip
2024-01-30,INE216A08027,BRITANNIA_2021_5PCT5_UNSECURED_BONUS_DEBENTURE,BRITANNIA,N3,29.95,29.95,29.69,29.69,BhavCopy_NSE_CM_0_0_0_20240130_F_0000.csv.zip
2024-01-31,INE216A08027,BRITANNIA_2021_5PCT5_UNSECURED_BONUS_DEBENTURE,BRITANNIA,N3,29,29.82,29,29.69,BhavCopy_NSE_CM_0_0_0_20240131_F_0000.csv.zip
2024-02-01,INE216A08027,BRITANNIA_2021_5PCT5_UNSECURED_BONUS_DEBENTURE,BRITANNIA,N3,29.69,29.88,29.65,29.7,BhavCopy_NSE_CM_0_0_0_20240201_F_0000.csv.zip
2024-02-02,INE216A08027,BRITANNIA_2021_5PCT5_UNSECURED_BONUS_DEBENTURE,BRITANNIA,N3,29.01,29.79,29.01,29.71,BhavCopy_NSE_CM_0_0_0_20240202_F_0000.csv.zip
2024-02-05,INE216A08027,BRITANNIA_2021_5PCT5_UNSECURED_BONUS_DEBENTURE,BRITANNIA,N3,25,29.83,25,29.73,BhavCopy_NSE_CM_0_0_0_20240205_F_0000.csv.zip
2024-02-06,INE216A08027,BRITANNIA_2021_5PCT5_UNSECURED_BONUS_DEBENTURE,BRITANNIA,N3,29.73,29.82,29.73,29.76,BhavCopy_NSE_CM_0_0_0_20240206_F_0000.csv.zip
2024-02-07,INE216A08027,BRITANNIA_2021_5PCT5_UNSECURED_BONUS_DEBENTURE,BRITANNIA,N3,30,30,29.74,29.75,BhavCopy_NSE_CM_0_0_0_20240207_F_0000.csv.zip
2024-02-08,INE216A08027,BRITANNIA_2021_5PCT5_UNSECURED_BONUS_DEBENTURE,BRITANNIA,N3,29.75,29.94,29.05,29.8,BhavCopy_NSE_CM_0_0_0_20240208_F_0000.csv.zip
2024-02-09,INE216A08027,BRITANNIA_2021_5PCT5_UNSECURED_BONUS_DEBENTURE,BRITANNIA,N3,29.85,29.89,29.75,29.84,BhavCopy_NSE_CM_0_0_0_20240209_F_0000.csv.zip
2024-02-12,INE216A08027,BRITANNIA_2021_5PCT5_UNSECURED_BONUS_DEBENTURE,BRITANNIA,N3,29.84,30.58,29.78,29.83,BhavCopy_NSE_CM_0_0_0_20240212_F_0000.csv.zip
2024-02-13,INE216A08027,BRITANNIA_2021_5PCT5_UNSECURED_BONUS_DEBENTURE,BRITANNIA,N3,29.77,29.99,29.77,29.77,BhavCopy_NSE_CM_0_0_0_20240213_F_0000.csv.zip
2024-02-14,INE216A08027,BRITANNIA_2021_5PCT5_UNSECURED_BONUS_DEBENTURE,BRITANNIA,N3,29.77,29.84,29.77,29.77,BhavCopy_NSE_CM_0_0_0_20240214_F_0000.csv.zip
2024-02-15,INE216A08027,BRITANNIA_2021_5PCT5_UNSECURED_BONUS_DEBENTURE,BRITANNIA,N3,30,30,29.77,29.87,BhavCopy_NSE_CM_0_0_0_20240215_F_0000.csv.zip
2024-02-16,INE216A08027,BRITANNIA_2021_5PCT5_UNSECURED_BONUS_DEBENTURE,BRITANNIA,N3,29.01,29.89,29.01,29.81,BhavCopy_NSE_CM_0_0_0_20240216_F_0000.csv.zip
2024-02-19,INE216A08027,BRITANNIA_2021_5PCT5_UNSECURED_BONUS_DEBENTURE,BRITANNIA,N3,29.78,29.98,29.78,29.78,BhavCopy_NSE_CM_0_0_0_20240219_F_0000.csv.zip
2024-02-20,INE216A08027,BRITANNIA_2021_5PCT5_UNSECURED_BONUS_DEBENTURE,BRITANNIA,N3,29.78,29.85,29.78,29.8,BhavCopy_NSE_CM_0_0_0_20240220_F_0000.csv.zip
2024-02-21,INE216A08027,BRITANNIA_2021_5PCT5_UNSECURED_BONUS_DEBENTURE,BRITANNIA,N3,29.8,29.89,29.78,29.84,BhavCopy_NSE_CM_0_0_0_20240221_F_0000.csv.zip
2024-02-22,INE216A08027,BRITANNIA_2021_5PCT5_UNSECURED_BONUS_DEBENTURE,BRITANNIA,N3,29.84,29.89,29.82,29.82,BhavCopy_NSE_CM_0_0_0_20240222_F_0000.csv.zip
2024-02-23,INE216A08027,BRITANNIA_2021_5PCT5_UNSECURED_BONUS_DEBENTURE,BRITANNIA,N3,29.84,30.45,28.7,29.84,BhavCopy_NSE_CM_0_0_0_20240223_F_0000.csv.zip
2024-02-26,INE216A08027,BRITANNIA_2021_5PCT5_UNSECURED_BONUS_DEBENTURE,BRITANNIA,N3,29.84,29.99,29.21,29.79,BhavCopy_NSE_CM_0_0_0_20240226_F_0000.csv.zip
2024-02-27,INE216A08027,BRITANNIA_2021_5PCT5_UNSECURED_BONUS_DEBENTURE,BRITANNIA,N3,29.45,30,29.45,29.8,BhavCopy_NSE_CM_0_0_0_20240227_F_0000.csv.zip
2024-02-28,INE216A08027,BRITANNIA_2021_5PCT5_UNSECURED_BONUS_DEBENTURE,BRITANNIA,N3,29.8,30,29.8,29.85,BhavCopy_NSE_CM_0_0_0_20240228_F_0000.csv.zip
2024-02-29,INE216A08027,BRITANNIA_2021_5PCT5_UNSECURED_BONUS_DEBENTURE,BRITANNIA,N3,29.85,30,29.85,29.86,BhavCopy_NSE_CM_0_0_0_20240229_F_0000.csv.zip
2024-03-01,INE216A08027,BRITANNIA_2021_5PCT5_UNSECURED_BONUS_DEBENTURE,BRITANNIA,N3,29.85,29.91,29.85,29.9,BhavCopy_NSE_CM_0_0_0_20240301_F_0000.csv.zip
2024-03-04,INE216A08027,BRITANNIA_2021_5PCT5_UNSECURED_BONUS_DEBENTURE,BRITANNIA,N3,29.84,29.99,29.84,29.94,BhavCopy_NSE_CM_0_0_0_20240304_F_0000.csv.zip
2024-03-05,INE216A08027,BRITANNIA_2021_5PCT5_UNSECURED_BONUS_DEBENTURE,BRITANNIA,N3,29.95,30.28,29.95,29.95,BhavCopy_NSE_CM_0_0_0_20240305_F_0000.csv.zip
2024-03-06,INE216A08027,BRITANNIA_2021_5PCT5_UNSECURED_BONUS_DEBENTURE,BRITANNIA,N3,29.91,30.45,29.91,29.99,BhavCopy_NSE_CM_0_0_0_20240306_F_0000.csv.zip
2024-03-07,INE216A08027,BRITANNIA_2021_5PCT5_UNSECURED_BONUS_DEBENTURE,BRITANNIA,N3,29.99,29.99,29.83,29.93,BhavCopy_NSE_CM_0_0_0_20240307_F_0000.csv.zip
2024-03-11,INE216A08027,BRITANNIA_2021_5PCT5_UNSECURED_BONUS_DEBENTURE,BRITANNIA,N3,29.9,29.98,29.85,29.93,BhavCopy_NSE_CM_0_0_0_20240311_F_0000.csv.zip
2024-03-12,INE216A08027,BRITANNIA_2021_5PCT5_UNSECURED_BONUS_DEBENTURE,BRITANNIA,N3,29.86,30.13,29.86,29.96,BhavCopy_NSE_CM_0_0_0_20240312_F_0000.csv.zip
2024-03-13,INE216A08027,BRITANNIA_2021_5PCT5_UNSECURED_BONUS_DEBENTURE,BRITANNIA,N3,29.93,29.99,29.93,29.93,BhavCopy_NSE_CM_0_0_0_20240313_F_0000.csv.zip
2024-03-14,INE216A08027,BRITANNIA_2021_5PCT5_UNSECURED_BONUS_DEBENTURE,BRITANNIA,N3,29.56,29.98,29.56,29.96,BhavCopy_NSE_CM_0_0_0_20240314_F_0000.csv.zip
2024-03-15,INE216A08027,BRITANNIA_2021_5PCT5_UNSECURED_BONUS_DEBENTURE,BRITANNIA,N3,29.95,30,29.95,29.96,BhavCopy_NSE_CM_0_0_0_20240315_F_0000.csv.zip
2024-03-18,INE216A08027,BRITANNIA_2021_5PCT5_UNSECURED_BONUS_DEBENTURE,BRITANNIA,N3,29.96,29.99,29.96,29.96,BhavCopy_NSE_CM_0_0_0_20240318_F_0000.csv.zip
2024-03-19,INE216A08027,BRITANNIA_2021_5PCT5_UNSECURED_BONUS_DEBENTURE,BRITANNIA,N3,29.96,30,29.96,29.99,BhavCopy_NSE_CM_0_0_0_20240319_F_0000.csv.zip
2024-03-20,INE216A08027,BRITANNIA_2021_5PCT5_UNSECURED_BONUS_DEBENTURE,BRITANNIA,N3,28,29.99,28,29.98,BhavCopy_NSE_CM_0_0_0_20240320_F_0000.csv.zip
2024-03-21,INE216A08027,BRITANNIA_2021_5PCT5_UNSECURED_BONUS_DEBENTURE,BRITANNIA,N3,29.98,30.3,29.97,29.97,BhavCopy_NSE_CM_0_0_0_20240321_F_0000.csv.zip
2024-03-22,INE216A08027,BRITANNIA_2021_5PCT5_UNSECURED_BONUS_DEBENTURE,BRITANNIA,N3,29.97,30.15,29.97,30,BhavCopy_NSE_CM_0_0_0_20240322_F_0000.csv.zip
2024-03-26,INE216A08027,BRITANNIA_2021_5PCT5_UNSECURED_BONUS_DEBENTURE,BRITANNIA,N3,30,30.13,30,30.04,BhavCopy_NSE_CM_0_0_0_20240326_F_0000.csv.zip
2024-03-27,INE216A08027,BRITANNIA_2021_5PCT5_UNSECURED_BONUS_DEBENTURE,BRITANNIA,N3,30.01,30.4,30.01,30.01,BhavCopy_NSE_CM_0_0_0_20240327_F_0000.csv.zip
2024-03-28,INE216A08027,BRITANNIA_2021_5PCT5_UNSECURED_BONUS_DEBENTURE,BRITANNIA,N3,30.05,30.5,30.01,30.05,BhavCopy_NSE_CM_0_0_0_20240328_F_0000.csv.zip
2024-04-01,INE216A08027,BRITANNIA_2021_5PCT5_UNSECURED_BONUS_DEBENTURE,BRITANNIA,N3,30.05,30.45,30.03,30.12,BhavCopy_NSE_CM_0_0_0_20240401_F_0000.csv.zip
2024-04-02,INE216A08027,BRITANNIA_2021_5PCT5_UNSECURED_BONUS_DEBENTURE,BRITANNIA,N3,30.12,30.2,30.02,30.08,BhavCopy_NSE_CM_0_0_0_20240402_F_0000.csv.zip
2024-04-03,INE216A08027,BRITANNIA_2021_5PCT5_UNSECURED_BONUS_DEBENTURE,BRITANNIA,N3,30.08,30.19,30.02,30.06,BhavCopy_NSE_CM_0_0_0_20240403_F_0000.csv.zip
2024-04-04,INE216A08027,BRITANNIA_2021_5PCT5_UNSECURED_BONUS_DEBENTURE,BRITANNIA,N3,30.06,30.22,30.06,30.09,BhavCopy_NSE_CM_0_0_0_20240404_F_0000.csv.zip
2024-04-05,INE216A08027,BRITANNIA_2021_5PCT5_UNSECURED_BONUS_DEBENTURE,BRITANNIA,N3,30.69,30.69,30.1,30.1,BhavCopy_NSE_CM_0_0_0_20240405_F_0000.csv.zip
2024-04-08,INE216A08027,BRITANNIA_2021_5PCT5_UNSECURED_BONUS_DEBENTURE,BRITANNIA,N3,30.1,30.5,30.1,30.14,BhavCopy_NSE_CM_0_0_0_20240408_F_0000.csv.zip
2024-04-09,INE216A08027,BRITANNIA_2021_5PCT5_UNSECURED_BONUS_DEBENTURE,BRITANNIA,N3,30.11,30.25,30.11,30.19,BhavCopy_NSE_CM_0_0_0_20240409_F_0000.csv.zip
2024-04-10,INE216A08027,BRITANNIA_2021_5PCT5_UNSECURED_BONUS_DEBENTURE,BRITANNIA,N3,30.19,30.25,30.1,30.19,BhavCopy_NSE_CM_0_0_0_20240410_F_0000.csv.zip
2024-04-12,INE216A08027,BRITANNIA_2021_5PCT5_UNSECURED_BONUS_DEBENTURE,BRITANNIA,N3,30,30.18,30,30.15,BhavCopy_NSE_CM_0_0_0_20240412_F_0000.csv.zip
2024-04-15,INE216A08027,BRITANNIA_2021_5PCT5_UNSECURED_BONUS_DEBENTURE,BRITANNIA,N3,30.11,30.2,30.11,30.18,BhavCopy_NSE_CM_0_0_0_20240415_F_0000.csv.zip
2024-04-16,INE216A08027,BRITANNIA_2021_5PCT5_UNSECURED_BONUS_DEBENTURE,BRITANNIA,N3,30.11,30.39,30.11,30.18,BhavCopy_NSE_CM_0_0_0_20240416_F_0000.csv.zip
2024-04-18,INE216A08027,BRITANNIA_2021_5PCT5_UNSECURED_BONUS_DEBENTURE,BRITANNIA,N3,30.18,30.41,30.12,30.21,BhavCopy_NSE_CM_0_0_0_20240418_F_0000.csv.zip
2024-04-19,INE216A08027,BRITANNIA_2021_5PCT5_UNSECURED_BONUS_DEBENTURE,BRITANNIA,N3,30.22,30.31,30.16,30.21,BhavCopy_NSE_CM_0_0_0_20240419_F_0000.csv.zip
2024-04-22,INE216A08027,BRITANNIA_2021_5PCT5_UNSECURED_BONUS_DEBENTURE,BRITANNIA,N3,30.21,30.32,30.16,30.24,BhavCopy_NSE_CM_0_0_0_20240422_F_0000.csv.zip
2024-04-23,INE216A08027,BRITANNIA_2021_5PCT5_UNSECURED_BONUS_DEBENTURE,BRITANNIA,N3,30.22,30.34,30,30.29,BhavCopy_NSE_CM_0_0_0_20240423_F_0000.csv.zip
2024-04-24,INE216A08027,BRITANNIA_2021_5PCT5_UNSECURED_BONUS_DEBENTURE,BRITANNIA,N3,30.2,30.33,30.2,30.26,BhavCopy_NSE_CM_0_0_0_20240424_F_0000.csv.zip
2024-04-25,INE216A08027,BRITANNIA_2021_5PCT5_UNSECURED_BONUS_DEBENTURE,BRITANNIA,N3,30.24,30.34,30.24,30.26,BhavCopy_NSE_CM_0_0_0_20240425_F_0000.csv.zip
2024-04-26,INE216A08027,BRITANNIA_2021_5PCT5_UNSECURED_BONUS_DEBENTURE,BRITANNIA,N3,30.24,30.41,30.24,30.27,BhavCopy_NSE_CM_0_0_0_20240426_F_0000.csv.zip
2024-04-29,INE216A08027,BRITANNIA_2021_5PCT5_UNSECURED_BONUS_DEBENTURE,BRITANNIA,N3,30.27,30.47,30.26,30.27,BhavCopy_NSE_CM_0_0_0_20240429_F_0000.csv.zip
2024-04-30,INE216A08027,BRITANNIA_2021_5PCT5_UNSECURED_BONUS_DEBENTURE,BRITANNIA,N3,30.27,30.44,30.2,30.26,BhavCopy_NSE_CM_0_0_0_20240430_F_0000.csv.zip
2024-05-02,INE216A08027,BRITANNIA_2021_5PCT5_UNSECURED_BONUS_DEBENTURE,BRITANNIA,N3,30.33,30.43,30.08,30.29,BhavCopy_NSE_CM_0_0_0_20240502_F_0000.csv.zip
2024-05-03,INE216A08027,BRITANNIA_2021_5PCT5_UNSECURED_BONUS_DEBENTURE,BRITANNIA,N3,30.29,30.47,30.21,30.3,BhavCopy_NSE_CM_0_0_0_20240503_F_0000.csv.zip
2024-05-06,INE216A08027,BRITANNIA_2021_5PCT5_UNSECURED_BONUS_DEBENTURE,BILNCD2021,N3,30.21,30.49,30.21,30.3,BhavCopy_NSE_CM_0_0_0_20240506_F_0000.csv.zip
2024-05-07,INE216A08027,BRITANNIA_2021_5PCT5_UNSECURED_BONUS_DEBENTURE,BILNCD2021,N3,30.2,30.49,30.2,30.26,BhavCopy_NSE_CM_0_0_0_20240507_F_0000.csv.zip
2024-05-08,INE216A08027,BRITANNIA_2021_5PCT5_UNSECURED_BONUS_DEBENTURE,BILNCD2021,N3,30.25,30.46,30.21,30.22,BhavCopy_NSE_CM_0_0_0_20240508_F_0000.csv.zip
2024-05-09,INE216A08027,BRITANNIA_2021_5PCT5_UNSECURED_BONUS_DEBENTURE,BILNCD2021,N3,30.97,30.97,30.25,30.28,BhavCopy_NSE_CM_0_0_0_20240509_F_0000.csv.zip
2024-05-10,INE216A08027,BRITANNIA_2021_5PCT5_UNSECURED_BONUS_DEBENTURE,BILNCD2021,N3,30.21,30.32,30.21,30.29,BhavCopy_NSE_CM_0_0_0_20240510_F_0000.csv.zip
2024-05-13,INE216A08027,BRITANNIA_2021_5PCT5_UNSECURED_BONUS_DEBENTURE,BILNCD2021,N3,30.3,30.39,30.2,30.27,BhavCopy_NSE_CM_0_0_0_20240513_F_0000.csv.zip
2024-05-14,INE216A08027,BRITANNIA_2021_5PCT5_UNSECURED_BONUS_DEBENTURE,BILNCD2021,N3,30.2,30.3,30.2,30.27,BhavCopy_NSE_CM_0_0_0_20240514_F_0000.csv.zip
2024-05-15,INE216A08027,BRITANNIA_2021_5PCT5_UNSECURED_BONUS_DEBENTURE,BILNCD2021,N3,30.27,30.37,30.2,30.27,BhavCopy_NSE_CM_0_0_0_20240515_F_0000.csv.zip
2024-05-16,INE216A08027,BRITANNIA_2021_5PCT5_UNSECURED_BONUS_DEBENTURE,BILNCD2021,N3,30.27,30.36,29.8,30.18,BhavCopy_NSE_CM_0_0_0_20240516_F_0000.csv.zip
2024-05-17,INE216A08027,BRITANNIA_2021_5PCT5_UNSECURED_BONUS_DEBENTURE,BILNCD2021,N3,30.28,30.33,30.23,30.24,BhavCopy_NSE_CM_0_0_0_20240517_F_0000.csv.zip
2024-05-21,INE216A08027,BRITANNIA_2021_5PCT5_UNSECURED_BONUS_DEBENTURE,BILNCD2021,N3,30.26,30.35,29.6,30.22,BhavCopy_NSE_CM_0_0_0_20240521_F_0000.csv.zip
